Workbook

Sheet DATA
A1: Estudiante | B1: Región | C1: Nivel | D1: Grado | E1: Institución Educativa | F1: Ambito | G1: Sexo | H1: R Producción de textos | I1: Año | J1: ANALISIS | K1: PADD-R | L1: ID IE | M1: ID2 | AI1: Año | AJ1: #
A2: 1 | B2: 48. Piura | C2: Primaria | D2: 4 Primaria | E2: =IFERROR(__xludf.DUMMYFUNCTION("FILTER(Colegios!$B$2:$B2419,Colegios!$A$2:$A2419=L2)"),"14924 DANIEL ALCIDES CARRION") -> 14924 DANIEL ALCIDES CARRION | F2: Rural | G2: Masculino | H2: Inicio | I2: 2024 | J2: =IFERROR(__xludf.DUMMYFUNCTION("FILTER('CLASFICACIÓN'!$F$3:$F2419,'CLASFICACIÓN'!$G$3:$G2419=M2)"),"SOLO 2024") -> SOLO 2024 | K2: PADD 2023 Y 2024 | L2: 14924 DANIEL ALCIDES CARRION | M2: =E2&D2 -> 14924 DANIEL ALCIDES CARRION4 Primaria | N2: =(SUMA(H3:S3)/BDEXTRAER(claves!$A$2:$I$8,claves!$I$2,{claves!$B$2;D3}))*50 | AJ2: =COUNTA(A2:A2419) -> 2418
A3: 2 | B3: 48. Piura | C3: Primaria | D3: 4 Primaria | E3: =IFERROR(__xludf.DUMMYFUNCTION("FILTER(Colegios!$B$2:$B2419,Colegios!$A$2:$A2419=L3)"),"14924 DANIEL ALCIDES CARRION") -> 14924 DANIEL ALCIDES CARRION | F3: Rural | G3: Masculino | H3: Inicio | I3: 2024 | J3: =IFERROR(__xludf.DUMMYFUNCTION("FILTER('CLASFICACIÓN'!$F$3:$F2419,'CLASFICACIÓN'!$G$3:$G2419=M3)"),"SOLO 2024") -> SOLO 2024 | K3: PADD 2023 Y 2024 | L3: 14924 DANIEL ALCIDES CARRION | M3: =E3&D3 -> 14924 DANIEL ALCIDES CARRION4 Primaria
A4: 3 | B4: 48. Piura | C4: Primaria | D4: 4 Primaria | E4: =IFERROR(__xludf.DUMMYFUNCTION("FILTER(Colegios!$B$2:$B2419,Colegios!$A$2:$A2419=L4)"),"14924 DANIEL ALCIDES CARRION") -> 14924 DANIEL ALCIDES CARRION | F4: Rural | G4: Masculino | H4: Proceso | I4: 2024 | J4: =IFERROR(__xludf.DUMMYFUNCTION("FILTER('CLASFICACIÓN'!$F$3:$F2419,'CLASFICACIÓN'!$G$3:$G2419=M4)"),"SOLO 2024") -> SOLO 2024 | K4: PADD 2023 Y 2024 | L4: 14924 DANIEL ALCIDES CARRION | M4: =E4&D4 -> 14924 DANIEL ALCIDES CARRION4 Primaria
A5: 4 | B5: 48. Piura | C5: Primaria | D5: 4 Primaria | E5: =IFERROR(__xludf.DUMMYFUNCTION("FILTER(Colegios!$B$2:$B2419,Colegios!$A$2:$A2419=L5)"),"14924 DANIEL ALCIDES CARRION") -> 14924 DANIEL ALCIDES CARRION | F5: Rural | G5: Femenino | H5: Proceso | I5: 2024 | J5: =IFERROR(__xludf.DUMMYFUNCTION("FILTER('CLASFICACIÓN'!$F$3:$F2419,'CLASFICACIÓN'!$G$3:$G2419=M5)"),"SOLO 2024") -> SOLO 2024 | K5: PADD 2023 Y 2024 | L5: 14924 DANIEL ALCIDES CARRION | M5: =E5&D5 -> 14924 DANIEL ALCIDES CARRION4 Primaria
A6: 5 | B6: 48. Piura | C6: Primaria | D6: 4 Primaria | E6: =IFERROR(__xludf.DUMMYFUNCTION("FILTER(Colegios!$B$2:$B2419,Colegios!$A$2:$A2419=L6)"),"14924 DANIEL ALCIDES CARRION") -> 14924 DANIEL ALCIDES CARRION | F6: Rural | G6: Masculino | H6: Proceso | I6: 2024 | J6: =IFERROR(__xludf.DUMMYFUNCTION("FILTER('CLASFICACIÓN'!$F$3:$F2419,'CLASFICACIÓN'!$G$3:$G2419=M6)"),"SOLO 2024") -> SOLO 2024 | K6: PADD 2023 Y 2024 | L6: 14924 DANIEL ALCIDES CARRION | M6: =E6&D6 -> 14924 DANIEL ALCIDES CARRION4 Primaria
A7: 6 | B7: 48. Piura | C7: Primaria | D7: 4 Primaria | E7: =IFERROR(__xludf.DUMMYFUNCTION("FILTER(Colegios!$B$2:$B2419,Colegios!$A$2:$A2419=L7)"),"14924 DANIEL ALCIDES CARRION") -> 14924 DANIEL ALCIDES CARRION | F7: Rural | G7: Femenino | H7: Inicio | I7: 2024 | J7: =IFERROR(__xludf.DUMMYFUNCTION("FILTER('CLASFICACIÓN'!$F$3:$F2419,'CLASFICACIÓN'!$G$3:$G2419=M7)"),"SOLO 2024") -> SOLO 2024 | K7: PADD 2023 Y 2024 | L7: 14924 DANIEL ALCIDES CARRION | M7: =E7&D7 -> 14924 DANIEL ALCIDES CARRION4 Primaria
A8: 7 | B8: 48. Piura | C8: Primaria | D8: 4 Primaria | E8: =IFERROR(__xludf.DUMMYFUNCTION("FILTER(Colegios!$B$2:$B2419,Colegios!$A$2:$A2419=L8)"),"14924 DANIEL ALCIDES CARRION") -> 14924 DANIEL ALCIDES CARRION | F8: Rural | G8: Femenino | H8: Inicio | I8: 2024 | J8: =IFERROR(__xludf.DUMMYFUNCTION("FILTER('CLASFICACIÓN'!$F$3:$F2419,'CLASFICACIÓN'!$G$3:$G2419=M8)"),"SOLO 2024") -> SOLO 2024 | K8: PADD 2023 Y 2024 | L8: 14924 DANIEL ALCIDES CARRION | M8: =E8&D8 -> 14924 DANIEL ALCIDES CARRION4 Primaria
A9: 8 | B9: 48. Piura | C9: Primaria | D9: 4 Primaria | E9: =IFERROR(__xludf.DUMMYFUNCTION("FILTER(Colegios!$B$2:$B2419,Colegios!$A$2:$A2419=L9)"),"14924 DANIEL ALCIDES CARRION") -> 14924 DANIEL ALCIDES CARRION | F9: Rural | G9: Femenino | H9: Inicio | I9: 2024 | J9: =IFERROR(__xludf.DUMMYFUNCTION("FILTER('CLASFICACIÓN'!$F$3:$F2419,'CLASFICACIÓN'!$G$3:$G2419=M9)"),"SOLO 2024") -> SOLO 2024 | K9: PADD 2023 Y 2024 | L9: 14924 DANIEL ALCIDES CARRION | M9: =E9&D9 -> 14924 DANIEL ALCIDES CARRION4 Primaria
A10: 9 | B10: 48. Piura | C10: Primaria | D10: 4 Primaria | E10: =IFERROR(__xludf.DUMMYFUNCTION("FILTER(Colegios!$B$2:$B2419,Colegios!$A$2:$A2419=L10)"),"14924 DANIEL ALCIDES CARRION") -> 14924 DANIEL ALCIDES CARRION | F10: Rural | G10: Masculino | H10: Proceso | I10: 2024 | J10: =IFERROR(__xludf.DUMMYFUNCTION("FILTER('CLASFICACIÓN'!$F$3:$F2419,'CLASFICACIÓN'!$G$3:$G2419=M10)"),"SOLO 2024") -> SOLO 2024 | K10: PADD 2023 Y 2024 | L10: 14924 DANIEL ALCIDES CARRION | M10: =E10&D10 -> 14924 DANIEL ALCIDES CARRION4 Primaria
A11: 10 | B11: 48. Piura | C11: Primaria | D11: 4 Primaria | E11: =IFERROR(__xludf.DUMMYFUNCTION("FILTER(Colegios!$B$2:$B2419,Colegios!$A$2:$A2419=L11)"),"14924 DANIEL ALCIDES CARRION") -> 14924 DANIEL ALCIDES CARRION | F11: Rural | G11: Femenino | H11: Satisfactorio | I11: 2024 | J11: =IFERROR(__xludf.DUMMYFUNCTION("FILTER('CLASFICACIÓN'!$F$3:$F2419,'CLASFICACIÓN'!$G$3:$G2419=M11)"),"SOLO 2024") -> SOLO 2024 | K11: PADD 2023 Y 2024 | L11: 14924 DANIEL ALCIDES CARRION | M11: =E11&D11 -> 14924 DANIEL ALCIDES CARRION4 Primaria
A12: 11 | B12: 48. Piura | C12: Primaria | D12: 4 Primaria | E12: =IFERROR(__xludf.DUMMYFUNCTION("FILTER(Colegios!$B$2:$B2419,Colegios!$A$2:$A2419=L12)"),"14924 DANIEL ALCIDES CARRION") -> 14924 DANIEL ALCIDES CARRION | F12: Rural | G12: Masculino | H12: Proceso | I12: 2024 | J12: =IFERROR(__xludf.DUMMYFUNCTION("FILTER('CLASFICACIÓN'!$F$3:$F2419,'CLASFICACIÓN'!$G$3:$G2419=M12)"),"SOLO 2024") -> SOLO 2024 | K12: PADD 2023 Y 2024 | L12: 14924 DANIEL ALCIDES CARRION | M12: =E12&D12 -> 14924 DANIEL ALCIDES CARRION4 Primaria
A13: 12 | B13: 48. Piura | C13: Primaria | D13: 4 Primaria | E13: =IFERROR(__xludf.DUMMYFUNCTION("FILTER(Colegios!$B$2:$B2419,Colegios!$A$2:$A2419=L13)"),"14924 DANIEL ALCIDES CARRION") -> 14924 DANIEL ALCIDES CARRION | F13: Rural | G13: Femenino | H13: Inicio | I13: 2024 | J13: =IFERROR(__xludf.DUMMYFUNCTION("FILTER('CLASFICACIÓN'!$F$3:$F2419,'CLASFICACIÓN'!$G$3:$G2419=M13)"),"SOLO 2024") -> SOLO 2024 | K13: PADD 2023 Y 2024 | L13: 14924 DANIEL ALCIDES CARRION | M13: =E13&D13 -> 14924 DANIEL ALCIDES CARRION4 Primaria
A14: 13 | B14: 48. Piura | C14: Primaria | D14: 4 Primaria | E14: =IFERROR(__xludf.DUMMYFUNCTION("FILTER(Colegios!$B$2:$B2419,Colegios!$A$2:$A2419=L14)"),"14924 DANIEL ALCIDES CARRION") -> 14924 DANIEL ALCIDES CARRION | F14: Rural | G14: Femenino | H14: Inicio | I14: 2024 | J14: =IFERROR(__xludf.DUMMYFUNCTION("FILTER('CLASFICACIÓN'!$F$3:$F2419,'CLASFICACIÓN'!$G$3:$G2419=M14)"),"SOLO 2024") -> SOLO 2024 | K14: PADD 2023 Y 2024 | L14: 14924 DANIEL ALCIDES CARRION | M14: =E14&D14 -> 14924 DANIEL ALCIDES CARRION4 Primaria
A15: 14 | B15: 48. Piura | C15: Primaria | D15: 4 Primaria | E15: =IFERROR(__xludf.DUMMYFUNCTION("FILTER(Colegios!$B$2:$B2419,Colegios!$A$2:$A2419=L15)"),"14924 DANIEL ALCIDES CARRION") -> 14924 DANIEL ALCIDES CARRION | F15: Rural | G15: Femenino | H15: Proceso | I15: 2024 | J15: =IFERROR(__xludf.DUMMYFUNCTION("FILTER('CLASFICACIÓN'!$F$3:$F2419,'CLASFICACIÓN'!$G$3:$G2419=M15)"),"SOLO 2024") -> SOLO 2024 | K15: PADD 2023 Y 2024 | L15: 14924 DANIEL ALCIDES CARRION | M15: =E15&D15 -> 14924 DANIEL ALCIDES CARRION4 Primaria
A16: 15 | B16: 48. Piura | C16: Primaria | D16: 4 Primaria | E16: =IFERROR(__xludf.DUMMYFUNCTION("FILTER(Colegios!$B$2:$B2419,Colegios!$A$2:$A2419=L16)"),"14924 DANIEL ALCIDES CARRION") -> 14924 DANIEL ALCIDES CARRION | F16: Rural | G16: Masculino | H16: Inicio | I16: 2024 | J16: =IFERROR(__xludf.DUMMYFUNCTION("FILTER('CLASFICACIÓN'!$F$3:$F2419,'CLASFICACIÓN'!$G$3:$G2419=M16)"),"SOLO 2024") -> SOLO 2024 | K16: PADD 2023 Y 2024 | L16: 14924 DANIEL ALCIDES CARRION | M16: =E16&D16 -> 14924 DANIEL ALCIDES CARRION4 Primaria
A17: 16 | B17: 48. Piura | C17: Primaria | D17: 4 Primaria | E17: =IFERROR(__xludf.DUMMYFUNCTION("FILTER(Colegios!$B$2:$B2419,Colegios!$A$2:$A2419=L17)"),"14924 DANIEL ALCIDES CARRION") -> 14924 DANIEL ALCIDES CARRION | F17: Rural | G17: Masculino | H17: Inicio | I17: 2024 | J17: =IFERROR(__xludf.DUMMYFUNCTION("FILTER('CLASFICACIÓN'!$F$3:$F2419,'CLASFICACIÓN'!$G$3:$G2419=M17)"),"SOLO 2024") -> SOLO 2024 | K17: PADD 2023 Y 2024 | L17: 14924 DANIEL ALCIDES CARRION | M17: =E17&D17 -> 14924 DANIEL ALCIDES CARRION4 Primaria
A18: 17 | B18: 48. Piura | C18: Primaria | D18: 4 Primaria | E18: =IFERROR(__xludf.DUMMYFUNCTION("FILTER(Colegios!$B$2:$B2419,Colegios!$A$2:$A2419=L18)"),"14924 DANIEL ALCIDES CARRION") -> 14924 DANIEL ALCIDES CARRION | F18: Rural | G18: Femenino | H18: Inicio | I18: 2024 | J18: =IFERROR(__xludf.DUMMYFUNCTION("FILTER('CLASFICACIÓN'!$F$3:$F2419,'CLASFICACIÓN'!$G$3:$G2419=M18)"),"SOLO 2024") -> SOLO 2024 | K18: PADD 2023 Y 2024 | L18: 14924 DANIEL ALCIDES CARRION | M18: =E18&D18 -> 14924 DANIEL ALCIDES CARRION4 Primaria
A19: 18 | B19: 48. Piura | C19: Primaria | D19: 4 Primaria | E19: =IFERROR(__xludf.DUMMYFUNCTION("FILTER(Colegios!$B$2:$B2419,Colegios!$A$2:$A2419=L19)"),"14924 DANIEL ALCIDES CARRION") -> 14924 DANIEL ALCIDES CARRION | F19: Rural | G19: Femenino | H19: Satisfactorio | I19: 2024 | J19: =IFERROR(__xludf.DUMMYFUNCTION("FILTER('CLASFICACIÓN'!$F$3:$F2419,'CLASFICACIÓN'!$G$3:$G2419=M19)"),"SOLO 2024") -> SOLO 2024 | K19: PADD 2023 Y 2024 | L19: 14924 DANIEL ALCIDES CARRION | M19: =E19&D19 -> 14924 DANIEL ALCIDES CARRION4 Primaria
A20: 19 | B20: 48. Piura | C20: Primaria | D20: 4 Primaria | E20: =IFERROR(__xludf.DUMMYFUNCTION("FILTER(Colegios!$B$2:$B2419,Colegios!$A$2:$A2419=L20)"),"14924 DANIEL ALCIDES CARRION") -> 14924 DANIEL ALCIDES CARRION | F20: Rural | G20: Femenino | H20: Inicio | I20: 2024 | J20: =IFERROR(__xludf.DUMMYFUNCTION("FILTER('CLASFICACIÓN'!$F$3:$F2419,'CLASFICACIÓN'!$G$3:$G2419=M20)"),"SOLO 2024") -> SOLO 2024 | K20: PADD 2023 Y 2024 | L20: 14924 DANIEL ALCIDES CARRION | M20: =E20&D20 -> 14924 DANIEL ALCIDES CARRION4 Primaria
A21: 20 | B21: 48. Piura | C21: Primaria | D21: 4 Primaria | E21: =IFERROR(__xludf.DUMMYFUNCTION("FILTER(Colegios!$B$2:$B2419,Colegios!$A$2:$A2419=L21)"),"14924 DANIEL ALCIDES CARRION") -> 14924 DANIEL ALCIDES CARRION | F21: Rural | G21: Masculino | H21: Inicio | I21: 2024 | J21: =IFERROR(__xludf.DUMMYFUNCTION("FILTER('CLASFICACIÓN'!$F$3:$F2419,'CLASFICACIÓN'!$G$3:$G2419=M21)"),"SOLO 2024") -> SOLO 2024 | K21: PADD 2023 Y 2024 | L21: 14924 DANIEL ALCIDES CARRION | M21: =E21&D21 -> 14924 DANIEL ALCIDES CARRION4 Primaria
A22: 21 | B22: 48. Piura | C22: Primaria | D22: 4 Primaria | E22: =IFERROR(__xludf.DUMMYFUNCTION("FILTER(Colegios!$B$2:$B2419,Colegios!$A$2:$A2419=L22)"),"14924 DANIEL ALCIDES CARRION") -> 14924 DANIEL ALCIDES CARRION | F22: Rural | G22: Masculino | H22: Inicio | I22: 2024 | J22: =IFERROR(__xludf.DUMMYFUNCTION("FILTER('CLASFICACIÓN'!$F$3:$F2419,'CLASFICACIÓN'!$G$3:$G2419=M22)"),"SOLO 2024") -> SOLO 2024 | K22: PADD 2023 Y 2024 | L22: 14924 DANIEL ALCIDES CARRION | M22: =E22&D22 -> 14924 DANIEL ALCIDES CARRION4 Primaria
A23: 22 | B23: 48. Piura | C23: Primaria | D23: 4 Primaria | E23: =IFERROR(__xludf.DUMMYFUNCTION("FILTER(Colegios!$B$2:$B2419,Colegios!$A$2:$A2419=L23)"),"14924 DANIEL ALCIDES CARRION") -> 14924 DANIEL ALCIDES CARRION | F23: Rural | G23: Masculino | H23: Inicio | I23: 2024 | J23: =IFERROR(__xludf.DUMMYFUNCTION("FILTER('CLASFICACIÓN'!$F$3:$F2419,'CLASFICACIÓN'!$G$3:$G2419=M23)"),"SOLO 2024") -> SOLO 2024 | K23: PADD 2023 Y 2024 | L23: 14924 DANIEL ALCIDES CARRION | M23: =E23&D23 -> 14924 DANIEL ALCIDES CARRION4 Primaria
A24: 23 | B24: 48. Piura | C24: Primaria | D24: 4 Primaria | E24: =IFERROR(__xludf.DUMMYFUNCTION("FILTER(Colegios!$B$2:$B2419,Colegios!$A$2:$A2419=L24)"),"20104") -> 20104 | F24: Rural | G24: Masculino | H24: Inicio | I24: 2024 | J24: =IFERROR(__xludf.DUMMYFUNCTION("FILTER('CLASFICACIÓN'!$F$3:$F2419,'CLASFICACIÓN'!$G$3:$G2419=M24)"),"SOLO 2024") -> SOLO 2024 | K24: PADD 2023 Y 2024 | L24: 20104 | M24: =E24&D24 -> 201044 Primaria
A25: 24 | B25: 48. Piura | C25: Primaria | D25: 4 Primaria | E25: =IFERROR(__xludf.DUMMYFUNCTION("FILTER(Colegios!$B$2:$B2419,Colegios!$A$2:$A2419=L25)"),"20104") -> 20104 | F25: Rural | G25: Masculino | H25: Inicio | I25: 2024 | J25: =IFERROR(__xludf.DUMMYFUNCTION("FILTER('CLASFICACIÓN'!$F$3:$F2419,'CLASFICACIÓN'!$G$3:$G2419=M25)"),"SOLO 2024") -> SOLO 2024 | K25: PADD 2023 Y 2024 | L25: 20104 | M25: =E25&D25 -> 201044 Primaria
A26: 25 | B26: 48. Piura | C26: Primaria | D26: 4 Primaria | E26: =IFERROR(__xludf.DUMMYFUNCTION("FILTER(Colegios!$B$2:$B2419,Colegios!$A$2:$A2419=L26)"),"20104") -> 20104 | F26: Rural | G26: Masculino | H26: Inicio | I26: 2024 | J26: =IFERROR(__xludf.DUMMYFUNCTION("FILTER('CLASFICACIÓN'!$F$3:$F2419,'CLASFICACIÓN'!$G$3:$G2419=M26)"),"SOLO 2024") -> SOLO 2024 | K26: PADD 2023 Y 2024 | L26: 20104 | M26: =E26&D26 -> 201044 Primaria
A27: 26 | B27: 48. Piura | C27: Primaria | D27: 4 Primaria | E27: =IFERROR(__xludf.DUMMYFUNCTION("FILTER(Colegios!$B$2:$B2419,Colegios!$A$2:$A2419=L27)"),"20104") -> 20104 | F27: Rural | G27: Masculino | H27: Inicio | I27: 2024 | J27: =IFERROR(__xludf.DUMMYFUNCTION("FILTER('CLASFICACIÓN'!$F$3:$F2419,'CLASFICACIÓN'!$G$3:$G2419=M27)"),"SOLO 2024") -> SOLO 2024 | K27: PADD 2023 Y 2024 | L27: 20104 | M27: =E27&D27 -> 201044 Primaria
A28: 27 | B28: 48. Piura | C28: Primaria | D28: 4 Primaria | E28: =IFERROR(__xludf.DUMMYFUNCTION("FILTER(Colegios!$B$2:$B2419,Colegios!$A$2:$A2419=L28)"),"20104") -> 20104 | F28: Rural | G28: Femenino | H28: Inicio | I28: 2024 | J28: =IFERROR(__xludf.DUMMYFUNCTION("FILTER('CLASFICACIÓN'!$F$3:$F2419,'CLASFICACIÓN'!$G$3:$G2419=M28)"),"SOLO 2024") -> SOLO 2024 | K28: PADD 2023 Y 2024 | L28: 20104 | M28: =E28&D28 -> 201044 Primaria
A29: 28 | B29: 48. Piura | C29: Primaria | D29: 4 Primaria | E29: =IFERROR(__xludf.DUMMYFUNCTION("FILTER(Colegios!$B$2:$B2419,Colegios!$A$2:$A2419=L29)"),"20104") -> 20104 | F29: Rural | G29: Femenino | H29: Inicio | I29: 2024 | J29: =IFERROR(__xludf.DUMMYFUNCTION("FILTER('CLASFICACIÓN'!$F$3:$F2419,'CLASFICACIÓN'!$G$3:$G2419=M29)"),"SOLO 2024") -> SOLO 2024 | K29: PADD 2023 Y 2024 | L29: 20104 | M29: =E29&D29 -> 201044 Primaria
A30: 29 | B30: 48. Piura | C30: Primaria | D30: 4 Primaria | E30: =IFERROR(__xludf.DUMMYFUNCTION("FILTER(Colegios!$B$2:$B2419,Colegios!$A$2:$A2419=L30)"),"20104") -> 20104 | F30: Rural | G30: Femenino | H30: Inicio | I30: 2024 | J30: =IFERROR(__xludf.DUMMYFUNCTION("FILTER('CLASFICACIÓN'!$F$3:$F2419,'CLASFICACIÓN'!$G$3:$G2419=M30)"),"SOLO 2024") -> SOLO 2024 | K30: PADD 2023 Y 2024 | L30: 20104 | M30: =E30&D30 -> 201044 Primaria
A31: 30 | B31: 48. Piura | C31: Primaria | D31: 4 Primaria | E31: =IFERROR(__xludf.DUMMYFUNCTION("FILTER(Colegios!$B$2:$B2419,Colegios!$A$2:$A2419=L31)"),"14975") -> 14975 | F31: Rural | G31: Masculino | H31: Inicio | I31: 2024 | J31: =IFERROR(__xludf.DUMMYFUNCTION("FILTER('CLASFICACIÓN'!$F$3:$F2419,'CLASFICACIÓN'!$G$3:$G2419=M31)"),"SOLO 2024") -> SOLO 2024 | K31: PADD 2023 Y 2024 | L31: 14975 | M31: =E31&D31 -> 149754 Primaria
A32: 31 | B32: 48. Piura | C32: Primaria | D32: 4 Primaria | E32: =IFERROR(__xludf.DUMMYFUNCTION("FILTER(Colegios!$B$2:$B2419,Colegios!$A$2:$A2419=L32)"),"14975") -> 14975 | F32: Rural | G32: Masculino | H32: Inicio | I32: 2024 | J32: =IFERROR(__xludf.DUMMYFUNCTION("FILTER('CLASFICACIÓN'!$F$3:$F2419,'CLASFICACIÓN'!$G$3:$G2419=M32)"),"SOLO 2024") -> SOLO 2024 | K32: PADD 2023 Y 2024 | L32: 14975 | M32: =E32&D32 -> 149754 Primaria
A33: 32 | B33: 48. Piura | C33: Primaria | D33: 4 Primaria | E33: =IFERROR(__xludf.DUMMYFUNCTION("FILTER(Colegios!$B$2:$B2419,Colegios!$A$2:$A2419=L33)"),"14975") -> 14975 | F33: Rural | G33: Masculino | H33: Proceso | I33: 2024 | J33: =IFERROR(__xludf.DUMMYFUNCTION("FILTER('CLASFICACIÓN'!$F$3:$F2419,'CLASFICACIÓN'!$G$3:$G2419=M33)"),"SOLO 2024") -> SOLO 2024 | K33: PADD 2023 Y 2024 | L33: 14975 | M33: =E33&D33 -> 149754 Primaria
A34: 33 | B34: 48. Piura | C34: Primaria | D34: 4 Primaria | E34: =IFERROR(__xludf.DUMMYFUNCTION("FILTER(Colegios!$B$2:$B2419,Colegios!$A$2:$A2419=L34)"),"14975") -> 14975 | F34: Rural | G34: Femenino | H34: Inicio | I34: 2024 | J34: =IFERROR(__xludf.DUMMYFUNCTION("FILTER('CLASFICACIÓN'!$F$3:$F2419,'CLASFICACIÓN'!$G$3:$G2419=M34)"),"SOLO 2024") -> SOLO 2024 | K34: PADD 2023 Y 2024 | L34: 14975 | M34: =E34&D34 -> 149754 Primaria
A35: 34 | B35: 48. Piura | C35: Primaria | D35: 4 Primaria | E35: =IFERROR(__xludf.DUMMYFUNCTION("FILTER(Colegios!$B$2:$B2419,Colegios!$A$2:$A2419=L35)"),"14975") -> 14975 | F35: Rural | G35: Femenino | H35: Inicio | I35: 2024 | J35: =IFERROR(__xludf.DUMMYFUNCTION("FILTER('CLASFICACIÓN'!$F$3:$F2419,'CLASFICACIÓN'!$G$3:$G2419=M35)"),"SOLO 2024") -> SOLO 2024 | K35: PADD 2023 Y 2024 | L35: 14975 | M35: =E35&D35 -> 149754 Primaria
A36: 35 | B36: 48. Piura | C36: Primaria | D36: 4 Primaria | E36: =IFERROR(__xludf.DUMMYFUNCTION("FILTER(Colegios!$B$2:$B2419,Colegios!$A$2:$A2419=L36)"),"14975") -> 14975 | F36: Rural | G36: Femenino | H36: Proceso | I36: 2024 | J36: =IFERROR(__xludf.DUMMYFUNCTION("FILTER('CLASFICACIÓN'!$F$3:$F2419,'CLASFICACIÓN'!$G$3:$G2419=M36)"),"SOLO 2024") -> SOLO 2024 | K36: PADD 2023 Y 2024 | L36: 14975 | M36: =E36&D36 -> 149754 Primaria
A37: 36 | B37: 48. Piura | C37: Primaria | D37: 4 Primaria | E37: =IFERROR(__xludf.DUMMYFUNCTION("FILTER(Colegios!$B$2:$B2419,Colegios!$A$2:$A2419=L37)"),"15304") -> 15304 | F37: Rural | G37: Masculino | H37: Inicio | I37: 2024 | J37: =IFERROR(__xludf.DUMMYFUNCTION("FILTER('CLASFICACIÓN'!$F$3:$F2419,'CLASFICACIÓN'!$G$3:$G2419=M37)"),"2023 Y 2024") -> 2023 Y 2024 | K37: SOLO 2023 | L37: 15304 | M37: =E37&D37 -> 153044 Primaria
A38: 37 | B38: 48. Piura | C38: Primaria | D38: 4 Primaria | E38: =IFERROR(__xludf.DUMMYFUNCTION("FILTER(Colegios!$B$2:$B2419,Colegios!$A$2:$A2419=L38)"),"15304") -> 15304 | F38: Rural | G38: Masculino | H38: Inicio | I38: 2024 | J38: =IFERROR(__xludf.DUMMYFUNCTION("FILTER('CLASFICACIÓN'!$F$3:$F2419,'CLASFICACIÓN'!$G$3:$G2419=M38)"),"2023 Y 2024") -> 2023 Y 2024 | K38: SOLO 2023 | L38: 15304 | M38: =E38&D38 -> 153044 Primaria
A39: 38 | B39: 48. Piura | C39: Primaria | D39: 4 Primaria | E39: =IFERROR(__xludf.DUMMYFUNCTION("FILTER(Colegios!$B$2:$B2419,Colegios!$A$2:$A2419=L39)"),"SAGRADO CORAZON DE JESUS") -> SAGRADO CORAZON DE JESUS | F39: Rural | G39: Masculino | H39: Inicio | I39: 2024 | J39: =IFERROR(__xludf.DUMMYFUNCTION("FILTER('CLASFICACIÓN'!$F$3:$F2419,'CLASFICACIÓN'!$G$3:$G2419=M39)"),"2023 Y 2024") -> 2023 Y 2024 | K39: NO PARTICIPÓ | L39: SAGRADO CORAZON DE JESUS | M39: =E39&D39 -> SAGRADO CORAZON DE JESUS4 Primaria
A40: 39 | B40: 48. Piura | C40: Primaria | D40: 4 Primaria | E40: =IFERROR(__xludf.DUMMYFUNCTION("FILTER(Colegios!$B$2:$B2419,Colegios!$A$2:$A2419=L40)"),"SAGRADO CORAZON DE JESUS") -> SAGRADO CORAZON DE JESUS | F40: Rural | G40: Masculino | H40: Inicio | I40: 2024 | J40: =IFERROR(__xludf.DUMMYFUNCTION("FILTER('CLASFICACIÓN'!$F$3:$F2419,'CLASFICACIÓN'!$G$3:$G2419=M40)"),"2023 Y 2024") -> 2023 Y 2024 | K40: NO PARTICIPÓ | L40: SAGRADO CORAZON DE JESUS | M40: =E40&D40 -> SAGRADO CORAZON DE JESUS4 Primaria
A41: 40 | B41: 48. Piura | C41: Primaria | D41: 4 Primaria | E41: =IFERROR(__xludf.DUMMYFUNCTION("FILTER(Colegios!$B$2:$B2419,Colegios!$A$2:$A2419=L41)"),"SAGRADO CORAZON DE JESUS") -> SAGRADO CORAZON DE JESUS | F41: Rural | G41: Masculino | H41: Inicio | I41: 2024 | J41: =IFERROR(__xludf.DUMMYFUNCTION("FILTER('CLASFICACIÓN'!$F$3:$F2419,'CLASFICACIÓN'!$G$3:$G2419=M41)"),"2023 Y 2024") -> 2023 Y 2024 | K41: NO PARTICIPÓ | L41: SAGRADO CORAZON DE JESUS | M41: =E41&D41 -> SAGRADO CORAZON DE JESUS4 Primaria
A42: 41 | B42: 48. Piura | C42: Primaria | D42: 4 Primaria | E42: =IFERROR(__xludf.DUMMYFUNCTION("FILTER(Colegios!$B$2:$B2419,Colegios!$A$2:$A2419=L42)"),"SAGRADO CORAZON DE JESUS") -> SAGRADO CORAZON DE JESUS | F42: Rural | G42: Masculino | H42: Inicio | I42: 2024 | J42: =IFERROR(__xludf.DUMMYFUNCTION("FILTER('CLASFICACIÓN'!$F$3:$F2419,'CLASFICACIÓN'!$G$3:$G2419=M42)"),"2023 Y 2024") -> 2023 Y 2024 | K42: NO PARTICIPÓ | L42: SAGRADO CORAZON DE JESUS | M42: =E42&D42 -> SAGRADO CORAZON DE JESUS4 Primaria
A43: 42 | B43: 48. Piura | C43: Primaria | D43: 4 Primaria | E43: =IFERROR(__xludf.DUMMYFUNCTION("FILTER(Colegios!$B$2:$B2419,Colegios!$A$2:$A2419=L43)"),"SAGRADO CORAZON DE JESUS") -> SAGRADO CORAZON DE JESUS | F43: Rural | G43: Femenino | H43: Inicio | I43: 2024 | J43: =IFERROR(__xludf.DUMMYFUNCTION("FILTER('CLASFICACIÓN'!$F$3:$F2419,'CLASFICACIÓN'!$G$3:$G2419=M43)"),"2023 Y 2024") -> 2023 Y 2024 | K43: NO PARTICIPÓ | L43: SAGRADO CORAZON DE JESUS | M43: =E43&D43 -> SAGRADO CORAZON DE JESUS4 Primaria
A44: 43 | B44: 48. Piura | C44: Primaria | D44: 4 Primaria | E44: =IFERROR(__xludf.DUMMYFUNCTION("FILTER(Colegios!$B$2:$B2419,Colegios!$A$2:$A2419=L44)"),"SAGRADO CORAZON DE JESUS") -> SAGRADO CORAZON DE JESUS | F44: Rural | G44: Femenino | H44: Inicio | I44: 2024 | J44: =IFERROR(__xludf.DUMMYFUNCTION("FILTER('CLASFICACIÓN'!$F$3:$F2419,'CLASFICACIÓN'!$G$3:$G2419=M44)"),"2023 Y 2024") -> 2023 Y 2024 | K44: NO PARTICIPÓ | L44: SAGRADO CORAZON DE JESUS | M44: =E44&D44 -> SAGRADO CORAZON DE JESUS4 Primaria
A45: 44 | B45: 48. Piura | C45: Primaria | D45: 4 Primaria | E45: =IFERROR(__xludf.DUMMYFUNCTION("FILTER(Colegios!$B$2:$B2419,Colegios!$A$2:$A2419=L45)"),"SAGRADO CORAZON DE JESUS") -> SAGRADO CORAZON DE JESUS | F45: Rural | G45: Femenino | H45: Inicio | I45: 2024 | J45: =IFERROR(__xludf.DUMMYFUNCTION("FILTER('CLASFICACIÓN'!$F$3:$F2419,'CLASFICACIÓN'!$G$3:$G2419=M45)"),"2023 Y 2024") -> 2023 Y 2024 | K45: NO PARTICIPÓ | L45: SAGRADO CORAZON DE JESUS | M45: =E45&D45 -> SAGRADO CORAZON DE JESUS4 Primaria
A46: 45 | B46: 48. Piura | C46: Primaria | D46: 4 Primaria | E46: =IFERROR(__xludf.DUMMYFUNCTION("FILTER(Colegios!$B$2:$B2419,Colegios!$A$2:$A2419=L46)"),"14144 SANTA ROSA") -> 14144 SANTA ROSA | F46: Rural | G46: Femenino | H46: Proceso | I46: 2024 | J46: =IFERROR(__xludf.DUMMYFUNCTION("FILTER('CLASFICACIÓN'!$F$3:$F2419,'CLASFICACIÓN'!$G$3:$G2419=M46)"),"2023 Y 2024") -> 2023 Y 2024 | K46: SOLO 2023 | L46: 14144 SANTA ROSA | M46: =E46&D46 -> 14144 SANTA ROSA4 Primaria
A47: 46 | B47: 48. Piura | C47: Primaria | D47: 4 Primaria | E47: =IFERROR(__xludf.DUMMYFUNCTION("FILTER(Colegios!$B$2:$B2419,Colegios!$A$2:$A2419=L47)"),"14144 SANTA ROSA") -> 14144 SANTA ROSA | F47: Rural | G47: Femenino | H47: Inicio | I47: 2024 | J47: =IFERROR(__xludf.DUMMYFUNCTION("FILTER('CLASFICACIÓN'!$F$3:$F2419,'CLASFICACIÓN'!$G$3:$G2419=M47)"),"2023 Y 2024") -> 2023 Y 2024 | K47: SOLO 2023 | L47: 14144 SANTA ROSA | M47: =E47&D47 -> 14144 SANTA ROSA4 Primaria
A48: 47 | B48: 48. Piura | C48: Primaria | D48: 4 Primaria | E48: =IFERROR(__xludf.DUMMYFUNCTION("FILTER(Colegios!$B$2:$B2419,Colegios!$A$2:$A2419=L48)"),"14144 SANTA ROSA") -> 14144 SANTA ROSA | F48: Rural | G48: Femenino | H48: Inicio | I48: 2024 | J48: =IFERROR(__xludf.DUMMYFUNCTION("FILTER('CLASFICACIÓN'!$F$3:$F2419,'CLASFICACIÓN'!$G$3:$G2419=M48)"),"2023 Y 2024") -> 2023 Y 2024 | K48: SOLO 2023 | L48: 14144 SANTA ROSA | M48: =E48&D48 -> 14144 SANTA ROSA4 Primaria
A49: 48 | B49: 48. Piura | C49: Primaria | D49: 4 Primaria | E49: =IFERROR(__xludf.DUMMYFUNCTION("FILTER(Colegios!$B$2:$B2419,Colegios!$A$2:$A2419=L49)"),"14144 SANTA ROSA") -> 14144 SANTA ROSA | F49: Rural | G49: Femenino | H49: Proceso | I49: 2024 | J49: =IFERROR(__xludf.DUMMYFUNCTION("FILTER('CLASFICACIÓN'!$F$3:$F2419,'CLASFICACIÓN'!$G$3:$G2419=M49)"),"2023 Y 2024") -> 2023 Y 2024 | K49: SOLO 2023 | L49: 14144 SANTA ROSA | M49: =E49&D49 -> 14144 SANTA ROSA4 Primaria
A50: 49 | B50: 48. Piura | C50: Primaria | D50: 4 Primaria | E50: =IFERROR(__xludf.DUMMYFUNCTION("FILTER(Colegios!$B$2:$B2419,Colegios!$A$2:$A2419=L50)"),"14144 SANTA ROSA") -> 14144 SANTA ROSA | F50: Rural | G50: Masculino | H50: Inicio | I50: 2024 | J50: =IFERROR(__xludf.DUMMYFUNCTION("FILTER('CLASFICACIÓN'!$F$3:$F2419,'CLASFICACIÓN'!$G$3:$G2419=M50)"),"2023 Y 2024") -> 2023 Y 2024 | K50: SOLO 2023 | L50: 14144 SANTA ROSA | M50: =E50&D50 -> 14144 SANTA ROSA4 Primaria
A51: 50 | B51: 48. Piura | C51: Primaria | D51: 4 Primaria | E51: =IFERROR(__xludf.DUMMYFUNCTION("FILTER(Colegios!$B$2:$B2419,Colegios!$A$2:$A2419=L51)"),"14144 SANTA ROSA") -> 14144 SANTA ROSA | F51: Rural | G51: Masculino | H51: Inicio | I51: 2024 | J51: =IFERROR(__xludf.DUMMYFUNCTION("FILTER('CLASFICACIÓN'!$F$3:$F2419,'CLASFICACIÓN'!$G$3:$G2419=M51)"),"2023 Y 2024") -> 2023 Y 2024 | K51: SOLO 2023 | L51: 14144 SANTA ROSA | M51: =E51&D51 -> 14144 SANTA ROSA4 Primaria
A52: 51 | B52: 48. Piura | C52: Primaria | D52: 4 Primaria | E52: =IFERROR(__xludf.DUMMYFUNCTION("FILTER(Colegios!$B$2:$B2419,Colegios!$A$2:$A2419=L52)"),"14144 SANTA ROSA") -> 14144 SANTA ROSA | F52: Rural | G52: Masculino | H52: Inicio | I52: 2024 | J52: =IFERROR(__xludf.DUMMYFUNCTION("FILTER('CLASFICACIÓN'!$F$3:$F2419,'CLASFICACIÓN'!$G$3:$G2419=M52)"),"2023 Y 2024") -> 2023 Y 2024 | K52: SOLO 2023 | L52: 14144 SANTA ROSA | M52: =E52&D52 -> 14144 SANTA ROSA4 Primaria
A53: 52 | B53: 48. Piura | C53: Primaria | D53: 4 Primaria | E53: =IFERROR(__xludf.DUMMYFUNCTION("FILTER(Colegios!$B$2:$B2419,Colegios!$A$2:$A2419=L53)"),"14144 SANTA ROSA") -> 14144 SANTA ROSA | F53: Rural | G53: Masculino | H53: Inicio | I53: 2024 | J53: =IFERROR(__xludf.DUMMYFUNCTION("FILTER('CLASFICACIÓN'!$F$3:$F2419,'CLASFICACIÓN'!$G$3:$G2419=M53)"),"2023 Y 2024") -> 2023 Y 2024 | K53: SOLO 2023 | L53: 14144 SANTA ROSA | M53: =E53&D53 -> 14144 SANTA ROSA4 Primaria
A54: 53 | B54: 48. Piura | C54: Primaria | D54: 4 Primaria | E54: =IFERROR(__xludf.DUMMYFUNCTION("FILTER(Colegios!$B$2:$B2419,Colegios!$A$2:$A2419=L54)"),"14144 SANTA ROSA") -> 14144 SANTA ROSA | F54: Rural | G54: Masculino | H54: Inicio | I54: 2024 | J54: =IFERROR(__xludf.DUMMYFUNCTION("FILTER('CLASFICACIÓN'!$F$3:$F2419,'CLASFICACIÓN'!$G$3:$G2419=M54)"),"2023 Y 2024") -> 2023 Y 2024 | K54: SOLO 2023 | L54: 14144 SANTA ROSA | M54: =E54&D54 -> 14144 SANTA ROSA4 Primaria
A55: 54 | B55: 48. Piura | C55: Primaria | D55: 4 Primaria | E55: =IFERROR(__xludf.DUMMYFUNCTION("FILTER(Colegios!$B$2:$B2419,Colegios!$A$2:$A2419=L55)"),"14144 SANTA ROSA") -> 14144 SANTA ROSA | F55: Rural | G55: Masculino | H55: Inicio | I55: 2024 | J55: =IFERROR(__xludf.DUMMYFUNCTION("FILTER('CLASFICACIÓN'!$F$3:$F2419,'CLASFICACIÓN'!$G$3:$G2419=M55)"),"2023 Y 2024") -> 2023 Y 2024 | K55: SOLO 2023 | L55: 14144 SANTA ROSA | M55: =E55&D55 -> 14144 SANTA ROSA4 Primaria
A56: 55 | B56: 48. Piura | C56: Primaria | D56: 4 Primaria | E56: =IFERROR(__xludf.DUMMYFUNCTION("FILTER(Colegios!$B$2:$B2419,Colegios!$A$2:$A2419=L56)"),"14144 SANTA ROSA") -> 14144 SANTA ROSA | F56: Rural | G56: Masculino | H56: Inicio | I56: 2024 | J56: =IFERROR(__xludf.DUMMYFUNCTION("FILTER('CLASFICACIÓN'!$F$3:$F2419,'CLASFICACIÓN'!$G$3:$G2419=M56)"),"2023 Y 2024") -> 2023 Y 2024 | K56: SOLO 2023 | L56: 14144 SANTA ROSA | M56: =E56&D56 -> 14144 SANTA ROSA4 Primaria
A57: 56 | B57: 48. Piura | C57: Primaria | D57: 4 Primaria | E57: =IFERROR(__xludf.DUMMYFUNCTION("FILTER(Colegios!$B$2:$B2419,Colegios!$A$2:$A2419=L57)"),"14144 SANTA ROSA") -> 14144 SANTA ROSA | F57: Rural | G57: Masculino | H57: Proceso | I57: 2024 | J57: =IFERROR(__xludf.DUMMYFUNCTION("FILTER('CLASFICACIÓN'!$F$3:$F2419,'CLASFICACIÓN'!$G$3:$G2419=M57)"),"2023 Y 2024") -> 2023 Y 2024 | K57: SOLO 2023 | L57: 14144 SANTA ROSA | M57: =E57&D57 -> 14144 SANTA ROSA4 Primaria
A58: 57 | B58: 48. Piura | C58: Primaria | D58: 4 Primaria | E58: =IFERROR(__xludf.DUMMYFUNCTION("FILTER(Colegios!$B$2:$B2419,Colegios!$A$2:$A2419=L58)"),"14144 SANTA ROSA") -> 14144 SANTA ROSA | F58: Rural | G58: Masculino | H58: Proceso | I58: 2024 | J58: =IFERROR(__xludf.DUMMYFUNCTION("FILTER('CLASFICACIÓN'!$F$3:$F2419,'CLASFICACIÓN'!$G$3:$G2419=M58)"),"2023 Y 2024") -> 2023 Y 2024 | K58: SOLO 2023 | L58: 14144 SANTA ROSA | M58: =E58&D58 -> 14144 SANTA ROSA4 Primaria
A59: 58 | B59: 48. Piura | C59: Primaria | D59: 4 Primaria | E59: =IFERROR(__xludf.DUMMYFUNCTION("FILTER(Colegios!$B$2:$B2419,Colegios!$A$2:$A2419=L59)"),"14144 SANTA ROSA") -> 14144 SANTA ROSA | F59: Rural | G59: Masculino | H59: Proceso | I59: 2024 | J59: =IFERROR(__xludf.DUMMYFUNCTION("FILTER('CLASFICACIÓN'!$F$3:$F2419,'CLASFICACIÓN'!$G$3:$G2419=M59)"),"2023 Y 2024") -> 2023 Y 2024 | K59: SOLO 2023 | L59: 14144 SANTA ROSA | M59: =E59&D59 -> 14144 SANTA ROSA4 Primaria
A60: 59 | B60: 48. Piura | C60: Primaria | D60: 4 Primaria | E60: =IFERROR(__xludf.DUMMYFUNCTION("FILTER(Colegios!$B$2:$B2419,Colegios!$A$2:$A2419=L60)"),"14144 SANTA ROSA") -> 14144 SANTA ROSA | F60: Rural | G60: Masculino | H60: Satisfactorio | I60: 2024 | J60: =IFERROR(__xludf.DUMMYFUNCTION("FILTER('CLASFICACIÓN'!$F$3:$F2419,'CLASFICACIÓN'!$G$3:$G2419=M60)"),"2023 Y 2024") -> 2023 Y 2024 | K60: SOLO 2023 | L60: 14144 SANTA ROSA | M60: =E60&D60 -> 14144 SANTA ROSA4 Primaria
A61: 60 | B61: 48. Piura | C61: Primaria | D61: 4 Primaria | E61: =IFERROR(__xludf.DUMMYFUNCTION("FILTER(Colegios!$B$2:$B2419,Colegios!$A$2:$A2419=L61)"),"14144 SANTA ROSA") -> 14144 SANTA ROSA | F61: Rural | G61: Femenino | H61: Satisfactorio | I61: 2024 | J61: =IFERROR(__xludf.DUMMYFUNCTION("FILTER('CLASFICACIÓN'!$F$3:$F2419,'CLASFICACIÓN'!$G$3:$G2419=M61)"),"2023 Y 2024") -> 2023 Y 2024 | K61: SOLO 2023 | L61: 14144 SANTA ROSA | M61: =E61&D61 -> 14144 SANTA ROSA4 Primaria
A62: 61 | B62: 48. Piura | C62: Primaria | D62: 4 Primaria | E62: =IFERROR(__xludf.DUMMYFUNCTION("FILTER(Colegios!$B$2:$B2419,Colegios!$A$2:$A2419=L62)"),"14144 SANTA ROSA") -> 14144 SANTA ROSA | F62: Rural | G62: Femenino | H62: Proceso | I62: 2024 | J62: =IFERROR(__xludf.DUMMYFUNCTION("FILTER('CLASFICACIÓN'!$F$3:$F2419,'CLASFICACIÓN'!$G$3:$G2419=M62)"),"2023 Y 2024") -> 2023 Y 2024 | K62: SOLO 2023 | L62: 14144 SANTA ROSA | M62: =E62&D62 -> 14144 SANTA ROSA4 Primaria
A63: 62 | B63: 48. Piura | C63: Primaria | D63: 4 Primaria | E63: =IFERROR(__xludf.DUMMYFUNCTION("FILTER(Colegios!$B$2:$B2419,Colegios!$A$2:$A2419=L63)"),"14144 SANTA ROSA") -> 14144 SANTA ROSA | F63: Rural | G63: Femenino | H63: Proceso | I63: 2024 | J63: =IFERROR(__xludf.DUMMYFUNCTION("FILTER('CLASFICACIÓN'!$F$3:$F2419,'CLASFICACIÓN'!$G$3:$G2419=M63)"),"2023 Y 2024") -> 2023 Y 2024 | K63: SOLO 2023 | L63: 14144 SANTA ROSA | M63: =E63&D63 -> 14144 SANTA ROSA4 Primaria
A64: 63 | B64: 48. Piura | C64: Primaria | D64: 4 Primaria | E64: =IFERROR(__xludf.DUMMYFUNCTION("FILTER(Colegios!$B$2:$B2419,Colegios!$A$2:$A2419=L64)"),"14144 SANTA ROSA") -> 14144 SANTA ROSA | F64: Rural | G64: Femenino | H64: Proceso | I64: 2024 | J64: =IFERROR(__xludf.DUMMYFUNCTION("FILTER('CLASFICACIÓN'!$F$3:$F2419,'CLASFICACIÓN'!$G$3:$G2419=M64)"),"2023 Y 2024") -> 2023 Y 2024 | K64: SOLO 2023 | L64: 14144 SANTA ROSA | M64: =E64&D64 -> 14144 SANTA ROSA4 Primaria
A65: 64 | B65: 48. Piura | C65: Primaria | D65: 4 Primaria | E65: =IFERROR(__xludf.DUMMYFUNCTION("FILTER(Colegios!$B$2:$B2419,Colegios!$A$2:$A2419=L65)"),"14144 SANTA ROSA") -> 14144 SANTA ROSA | F65: Rural | G65: Femenino | H65: Proceso | I65: 2024 | J65: =IFERROR(__xludf.DUMMYFUNCTION("FILTER('CLASFICACIÓN'!$F$3:$F2419,'CLASFICACIÓN'!$G$3:$G2419=M65)"),"2023 Y 2024") -> 2023 Y 2024 | K65: SOLO 2023 | L65: 14144 SANTA ROSA | M65: =E65&D65 -> 14144 SANTA ROSA4 Primaria
A66: 65 | B66: 48. Piura | C66: Primaria | D66: 4 Primaria | E66: =IFERROR(__xludf.DUMMYFUNCTION("FILTER(Colegios!$B$2:$B2419,Colegios!$A$2:$A2419=L66)"),"14894") -> 14894 | F66: Rural | G66: Femenino | H66: Inicio | I66: 2024 | J66: =IFERROR(__xludf.DUMMYFUNCTION("FILTER('CLASFICACIÓN'!$F$3:$F2419,'CLASFICACIÓN'!$G$3:$G2419=M66)"),"SOLO 2024") -> SOLO 2024 | K66: SOLO 2024 | L66: 14894 | M66: =E66&D66 -> 148944 Primaria
A67: 66 | B67: 48. Piura | C67: Primaria | D67: 4 Primaria | E67: =IFERROR(__xludf.DUMMYFUNCTION("FILTER(Colegios!$B$2:$B2419,Colegios!$A$2:$A2419=L67)"),"15383") -> 15383 | F67: Rural | G67: Masculino | H67: Inicio | I67: 2024 | J67: =IFERROR(__xludf.DUMMYFUNCTION("FILTER('CLASFICACIÓN'!$F$3:$F2419,'CLASFICACIÓN'!$G$3:$G2419=M67)"),"2023 Y 2024") -> 2023 Y 2024 | K67: PADD 2023 Y 2024 | L67: 15383 | M67: =E67&D67 -> 153834 Primaria
A68: 67 | B68: 48. Piura | C68: Primaria | D68: 4 Primaria | E68: =IFERROR(__xludf.DUMMYFUNCTION("FILTER(Colegios!$B$2:$B2419,Colegios!$A$2:$A2419=L68)"),"14141") -> 14141 | F68: Rural | G68: Masculino | H68: Inicio | I68: 2024 | J68: =IFERROR(__xludf.DUMMYFUNCTION("FILTER('CLASFICACIÓN'!$F$3:$F2419,'CLASFICACIÓN'!$G$3:$G2419=M68)"),"2023 Y 2024") -> 2023 Y 2024 | K68: PADD 2023 Y 2024 | L68: 14141 | M68: =E68&D68 -> 141414 Primaria
A69: 68 | B69: 48. Piura | C69: Primaria | D69: 4 Primaria | E69: =IFERROR(__xludf.DUMMYFUNCTION("FILTER(Colegios!$B$2:$B2419,Colegios!$A$2:$A2419=L69)"),"15478") -> 15478 | F69: Rural | G69: Masculino | H69: Inicio | I69: 2024 | J69: =IFERROR(__xludf.DUMMYFUNCTION("FILTER('CLASFICACIÓN'!$F$3:$F2419,'CLASFICACIÓN'!$G$3:$G2419=M69)"),"2023 Y 2024") -> 2023 Y 2024 | K69: PADD 2023 Y 2024 | L69: 15478 | M69: =E69&D69 -> 154784 Primaria
A70: 69 | B70: 48. Piura | C70: Primaria | D70: 4 Primaria | E70: =IFERROR(__xludf.DUMMYFUNCTION("FILTER(Colegios!$B$2:$B2419,Colegios!$A$2:$A2419=L70)"),"14045") -> 14045 | F70: Rural | G70: Masculino | H70: Inicio | I70: 2024 | J70: =IFERROR(__xludf.DUMMYFUNCTION("FILTER('CLASFICACIÓN'!$F$3:$F2419,'CLASFICACIÓN'!$G$3:$G2419=M70)"),"SOLO 2024") -> SOLO 2024 | K70: SOLO 2023 | L70: 14045 | M70: =E70&D70 -> 140454 Primaria
A71: 70 | B71: 48. Piura | C71: Primaria | D71: 4 Primaria | E71: =IFERROR(__xludf.DUMMYFUNCTION("FILTER(Colegios!$B$2:$B2419,Colegios!$A$2:$A2419=L71)"),"14045") -> 14045 | F71: Rural | G71: Femenino | H71: Inicio | I71: 2024 | J71: =IFERROR(__xludf.DUMMYFUNCTION("FILTER('CLASFICACIÓN'!$F$3:$F2419,'CLASFICACIÓN'!$G$3:$G2419=M71)"),"SOLO 2024") -> SOLO 2024 | K71: SOLO 2023 | L71: 14045 | M71: =E71&D71 -> 140454 Primaria
A72: 71 | B72: 48. Piura | C72: Primaria | D72: 4 Primaria | E72: =IFERROR(__xludf.DUMMYFUNCTION("FILTER(Colegios!$B$2:$B2419,Colegios!$A$2:$A2419=L72)"),"14145 SANTA JULIA BILLIART") -> 14145 SANTA JULIA BILLIART | F72: Rural | G72: Masculino | H72: Proceso | I72: 2024 | J72: =IFERROR(__xludf.DUMMYFUNCTION("FILTER('CLASFICACIÓN'!$F$3:$F2419,'CLASFICACIÓN'!$G$3:$G2419=M72)"),"2023 Y 2024") -> 2023 Y 2024 | K72: SOLO 2023 | L72: 14145 SANTA JULIA BILLIART | M72: =E72&D72 -> 14145 SANTA JULIA BILLIART4 Primaria
A73: 72 | B73: 48. Piura | C73: Primaria | D73: 4 Primaria | E73: =IFERROR(__xludf.DUMMYFUNCTION("FILTER(Colegios!$B$2:$B2419,Colegios!$A$2:$A2419=L73)"),"14145 SANTA JULIA BILLIART") -> 14145 SANTA JULIA BILLIART | F73: Rural | G73: Masculino | H73: Inicio | I73: 2024 | J73: =IFERROR(__xludf.DUMMYFUNCTION("FILTER('CLASFICACIÓN'!$F$3:$F2419,'CLASFICACIÓN'!$G$3:$G2419=M73)"),"2023 Y 2024") -> 2023 Y 2024 | K73: SOLO 2023 | L73: 14145 SANTA JULIA BILLIART | M73: =E73&D73 -> 14145 SANTA JULIA BILLIART4 Primaria
A74: 73 | B74: 48. Piura | C74: Primaria | D74: 4 Primaria | E74: =IFERROR(__xludf.DUMMYFUNCTION("FILTER(Colegios!$B$2:$B2419,Colegios!$A$2:$A2419=L74)"),"14145 SANTA JULIA BILLIART") -> 14145 SANTA JULIA BILLIART | F74: Rural | G74: Masculino | H74: Inicio | I74: 2024 | J74: =IFERROR(__xludf.DUMMYFUNCTION("FILTER('CLASFICACIÓN'!$F$3:$F2419,'CLASFICACIÓN'!$G$3:$G2419=M74)"),"2023 Y 2024") -> 2023 Y 2024 | K74: SOLO 2023 | L74: 14145 SANTA JULIA BILLIART | M74: =E74&D74 -> 14145 SANTA JULIA BILLIART4 Primaria
A75: 74 | B75: 48. Piura | C75: Primaria | D75: 4 Primaria | E75: =IFERROR(__xludf.DUMMYFUNCTION("FILTER(Colegios!$B$2:$B2419,Colegios!$A$2:$A2419=L75)"),"14145 SANTA JULIA BILLIART") -> 14145 SANTA JULIA BILLIART | F75: Rural | G75: Masculino | H75: Inicio | I75: 2024 | J75: =IFERROR(__xludf.DUMMYFUNCTION("FILTER('CLASFICACIÓN'!$F$3:$F2419,'CLASFICACIÓN'!$G$3:$G2419=M75)"),"2023 Y 2024") -> 2023 Y 2024 | K75: SOLO 2023 | L75: 14145 SANTA JULIA BILLIART | M75: =E75&D75 -> 14145 SANTA JULIA BILLIART4 Primaria
A76: 75 | B76: 48. Piura | C76: Primaria | D76: 4 Primaria | E76: =IFERROR(__xludf.DUMMYFUNCTION("FILTER(Colegios!$B$2:$B2419,Colegios!$A$2:$A2419=L76)"),"14145 SANTA JULIA BILLIART") -> 14145 SANTA JULIA BILLIART | F76: Rural | G76: Masculino | H76: Inicio | I76: 2024 | J76: =IFERROR(__xludf.DUMMYFUNCTION("FILTER('CLASFICACIÓN'!$F$3:$F2419,'CLASFICACIÓN'!$G$3:$G2419=M76)"),"2023 Y 2024") -> 2023 Y 2024 | K76: SOLO 2023 | L76: 14145 SANTA JULIA BILLIART | M76: =E76&D76 -> 14145 SANTA JULIA BILLIART4 Primaria
A77: 76 | B77: 48. Piura | C77: Primaria | D77: 4 Primaria | E77: =IFERROR(__xludf.DUMMYFUNCTION("FILTER(Colegios!$B$2:$B2419,Colegios!$A$2:$A2419=L77)"),"14145 SANTA JULIA BILLIART") -> 14145 SANTA JULIA BILLIART | F77: Rural | G77: Masculino | H77: Inicio | I77: 2024 | J77: =IFERROR(__xludf.DUMMYFUNCTION("FILTER('CLASFICACIÓN'!$F$3:$F2419,'CLASFICACIÓN'!$G$3:$G2419=M77)"),"2023 Y 2024") -> 2023 Y 2024 | K77: SOLO 2023 | L77: 14145 SANTA JULIA BILLIART | M77: =E77&D77 -> 14145 SANTA JULIA BILLIART4 Primaria
A78: 77 | B78: 48. Piura | C78: Primaria | D78: 4 Primaria | E78: =IFERROR(__xludf.DUMMYFUNCTION("FILTER(Colegios!$B$2:$B2419,Colegios!$A$2:$A2419=L78)"),"14145 SANTA JULIA BILLIART") -> 14145 SANTA JULIA BILLIART | F78: Rural | G78: Femenino | H78: Inicio | I78: 2024 | J78: =IFERROR(__xludf.DUMMYFUNCTION("FILTER('CLASFICACIÓN'!$F$3:$F2419,'CLASFICACIÓN'!$G$3:$G2419=M78)"),"2023 Y 2024") -> 2023 Y 2024 | K78: SOLO 2023 | L78: 14145 SANTA JULIA BILLIART | M78: =E78&D78 -> 14145 SANTA JULIA BILLIART4 Primaria
A79: 78 | B79: 48. Piura | C79: Primaria | D79: 4 Primaria | E79: =IFERROR(__xludf.DUMMYFUNCTION("FILTER(Colegios!$B$2:$B2419,Colegios!$A$2:$A2419=L79)"),"14145 SANTA JULIA BILLIART") -> 14145 SANTA JULIA BILLIART | F79: Rural | G79: Femenino | H79: Inicio | I79: 2024 | J79: =IFERROR(__xludf.DUMMYFUNCTION("FILTER('CLASFICACIÓN'!$F$3:$F2419,'CLASFICACIÓN'!$G$3:$G2419=M79)"),"2023 Y 2024") -> 2023 Y 2024 | K79: SOLO 2023 | L79: 14145 SANTA JULIA BILLIART | M79: =E79&D79 -> 14145 SANTA JULIA BILLIART4 Primaria
A80: 79 | B80: 48. Piura | C80: Primaria | D80: 4 Primaria | E80: =IFERROR(__xludf.DUMMYFUNCTION("FILTER(Colegios!$B$2:$B2419,Colegios!$A$2:$A2419=L80)"),"14145 SANTA JULIA BILLIART") -> 14145 SANTA JULIA BILLIART | F80: Rural | G80: Femenino | H80: Proceso | I80: 2024 | J80: =IFERROR(__xludf.DUMMYFUNCTION("FILTER('CLASFICACIÓN'!$F$3:$F2419,'CLASFICACIÓN'!$G$3:$G2419=M80)"),"2023 Y 2024") -> 2023 Y 2024 | K80: SOLO 2023 | L80: 14145 SANTA JULIA BILLIART | M80: =E80&D80 -> 14145 SANTA JULIA BILLIART4 Primaria
A81: 80 | B81: 48. Piura | C81: Primaria | D81: 4 Primaria | E81: =IFERROR(__xludf.DUMMYFUNCTION("FILTER(Colegios!$B$2:$B2419,Colegios!$A$2:$A2419=L81)"),"14145 SANTA JULIA BILLIART") -> 14145 SANTA JULIA BILLIART | F81: Rural | G81: Femenino | H81: Inicio | I81: 2024 | J81: =IFERROR(__xludf.DUMMYFUNCTION("FILTER('CLASFICACIÓN'!$F$3:$F2419,'CLASFICACIÓN'!$G$3:$G2419=M81)"),"2023 Y 2024") -> 2023 Y 2024 | K81: SOLO 2023 | L81: 14145 SANTA JULIA BILLIART | M81: =E81&D81 -> 14145 SANTA JULIA BILLIART4 Primaria
A82: 1 | B82: 48. Piura | C82: Primaria | D82: 6 Primaria | E82: =IFERROR(__xludf.DUMMYFUNCTION("FILTER(Colegios!$B$2:$B2419,Colegios!$A$2:$A2419=L82)"),"14924 DANIEL ALCIDES CARRION") -> 14924 DANIEL ALCIDES CARRION | F82: Rural | G82: Femenino | H82: Inicio | I82: 2024 | J82: =IFERROR(__xludf.DUMMYFUNCTION("FILTER('CLASFICACIÓN'!$F$3:$F2419,'CLASFICACIÓN'!$G$3:$G2419=M82)"),"SOLO 2024") -> SOLO 2024 | K82: PADD 2023 Y 2024 | L82: 14924 DANIEL ALCIDES CARRION | M82: =E82&D82 -> 14924 DANIEL ALCIDES CARRION6 Primaria
A83: 2 | B83: 48. Piura | C83: Primaria | D83: 6 Primaria | E83: =IFERROR(__xludf.DUMMYFUNCTION("FILTER(Colegios!$B$2:$B2419,Colegios!$A$2:$A2419=L83)"),"14924 DANIEL ALCIDES CARRION") -> 14924 DANIEL ALCIDES CARRION | F83: Rural | G83: Femenino | H83: Inicio | I83: 2024 | J83: =IFERROR(__xludf.DUMMYFUNCTION("FILTER('CLASFICACIÓN'!$F$3:$F2419,'CLASFICACIÓN'!$G$3:$G2419=M83)"),"SOLO 2024") -> SOLO 2024 | K83: PADD 2023 Y 2024 | L83: 14924 DANIEL ALCIDES CARRION | M83: =E83&D83 -> 14924 DANIEL ALCIDES CARRION6 Primaria
A84: 3 | B84: 48. Piura | C84: Primaria | D84: 6 Primaria | E84: =IFERROR(__xludf.DUMMYFUNCTION("FILTER(Colegios!$B$2:$B2419,Colegios!$A$2:$A2419=L84)"),"14924 DANIEL ALCIDES CARRION") -> 14924 DANIEL ALCIDES CARRION | F84: Rural | G84: Femenino | H84: Proceso | I84: 2024 | J84: =IFERROR(__xludf.DUMMYFUNCTION("FILTER('CLASFICACIÓN'!$F$3:$F2419,'CLASFICACIÓN'!$G$3:$G2419=M84)"),"SOLO 2024") -> SOLO 2024 | K84: PADD 2023 Y 2024 | L84: 14924 DANIEL ALCIDES CARRION | M84: =E84&D84 -> 14924 DANIEL ALCIDES CARRION6 Primaria
A85: 4 | B85: 48. Piura | C85: Primaria | D85: 6 Primaria | E85: =IFERROR(__xludf.DUMMYFUNCTION("FILTER(Colegios!$B$2:$B2419,Colegios!$A$2:$A2419=L85)"),"14924 DANIEL ALCIDES CARRION") -> 14924 DANIEL ALCIDES CARRION | F85: Rural | G85: Femenino | H85: Satisfactorio | I85: 2024 | J85: =IFERROR(__xludf.DUMMYFUNCTION("FILTER('CLASFICACIÓN'!$F$3:$F2419,'CLASFICACIÓN'!$G$3:$G2419=M85)"),"SOLO 2024") -> SOLO 2024 | K85: PADD 2023 Y 2024 | L85: 14924 DANIEL ALCIDES CARRION | M85: =E85&D85 -> 14924 DANIEL ALCIDES CARRION6 Primaria
A86: 5 | B86: 48. Piura | C86: Primaria | D86: 6 Primaria | E86: =IFERROR(__xludf.DUMMYFUNCTION("FILTER(Colegios!$B$2:$B2419,Colegios!$A$2:$A2419=L86)"),"14924 DANIEL ALCIDES CARRION") -> 14924 DANIEL ALCIDES CARRION | F86: Rural | G86: Femenino | H86: Satisfactorio | I86: 2024 | J86: =IFERROR(__xludf.DUMMYFUNCTION("FILTER('CLASFICACIÓN'!$F$3:$F2419,'CLASFICACIÓN'!$G$3:$G2419=M86)"),"SOLO 2024") -> SOLO 2024 | K86: PADD 2023 Y 2024 | L86: 14924 DANIEL ALCIDES CARRION | M86: =E86&D86 -> 14924 DANIEL ALCIDES CARRION6 Primaria
A87: 6 | B87: 48. Piura | C87: Primaria | D87: 6 Primaria | E87: =IFERROR(__xludf.DUMMYFUNCTION("FILTER(Colegios!$B$2:$B2419,Colegios!$A$2:$A2419=L87)"),"14924 DANIEL ALCIDES CARRION") -> 14924 DANIEL ALCIDES CARRION | F87: Rural | G87: Femenino | H87: Inicio | I87: 2024 | J87: =IFERROR(__xludf.DUMMYFUNCTION("FILTER('CLASFICACIÓN'!$F$3:$F2419,'CLASFICACIÓN'!$G$3:$G2419=M87)"),"SOLO 2024") -> SOLO 2024 | K87: PADD 2023 Y 2024 | L87: 14924 DANIEL ALCIDES CARRION | M87: =E87&D87 -> 14924 DANIEL ALCIDES CARRION6 Primaria
A88: 7 | B88: 48. Piura | C88: Primaria | D88: 6 Primaria | E88: =IFERROR(__xludf.DUMMYFUNCTION("FILTER(Colegios!$B$2:$B2419,Colegios!$A$2:$A2419=L88)"),"14924 DANIEL ALCIDES CARRION") -> 14924 DANIEL ALCIDES CARRION | F88: Rural | G88: Femenino | H88: Proceso | I88: 2024 | J88: =IFERROR(__xludf.DUMMYFUNCTION("FILTER('CLASFICACIÓN'!$F$3:$F2419,'CLASFICACIÓN'!$G$3:$G2419=M88)"),"SOLO 2024") -> SOLO 2024 | K88: PADD 2023 Y 2024 | L88: 14924 DANIEL ALCIDES CARRION | M88: =E88&D88 -> 14924 DANIEL ALCIDES CARRION6 Primaria
A89: 8 | B89: 48. Piura | C89: Primaria | D89: 6 Primaria | E89: =IFERROR(__xludf.DUMMYFUNCTION("FILTER(Colegios!$B$2:$B2419,Colegios!$A$2:$A2419=L89)"),"14924 DANIEL ALCIDES CARRION") -> 14924 DANIEL ALCIDES CARRION | F89: Rural | G89: Femenino | H89: Inicio | I89: 2024 | J89: =IFERROR(__xludf.DUMMYFUNCTION("FILTER('CLASFICACIÓN'!$F$3:$F2419,'CLASFICACIÓN'!$G$3:$G2419=M89)"),"SOLO 2024") -> SOLO 2024 | K89: PADD 2023 Y 2024 | L89: 14924 DANIEL ALCIDES CARRION | M89: =E89&D89 -> 14924 DANIEL ALCIDES CARRION6 Primaria
A90: 9 | B90: 48. Piura | C90: Primaria | D90: 6 Primaria | E90: =IFERROR(__xludf.DUMMYFUNCTION("FILTER(Colegios!$B$2:$B2419,Colegios!$A$2:$A2419=L90)"),"14924 DANIEL ALCIDES CARRION") -> 14924 DANIEL ALCIDES CARRION | F90: Rural | G90: Masculino | H90: Inicio | I90: 2024 | J90: =IFERROR(__xludf.DUMMYFUNCTION("FILTER('CLASFICACIÓN'!$F$3:$F2419,'CLASFICACIÓN'!$G$3:$G2419=M90)"),"SOLO 2024") -> SOLO 2024 | K90: PADD 2023 Y 2024 | L90: 14924 DANIEL ALCIDES CARRION | M90: =E90&D90 -> 14924 DANIEL ALCIDES CARRION6 Primaria
A91: 10 | B91: 48. Piura | C91: Primaria | D91: 6 Primaria | E91: =IFERROR(__xludf.DUMMYFUNCTION("FILTER(Colegios!$B$2:$B2419,Colegios!$A$2:$A2419=L91)"),"14924 DANIEL ALCIDES CARRION") -> 14924 DANIEL ALCIDES CARRION | F91: Rural | G91: Masculino | H91: Inicio | I91: 2024 | J91: =IFERROR(__xludf.DUMMYFUNCTION("FILTER('CLASFICACIÓN'!$F$3:$F2419,'CLASFICACIÓN'!$G$3:$G2419=M91)"),"SOLO 2024") -> SOLO 2024 | K91: PADD 2023 Y 2024 | L91: 14924 DANIEL ALCIDES CARRION | M91: =E91&D91 -> 14924 DANIEL ALCIDES CARRION6 Primaria
A92: 11 | B92: 48. Piura | C92: Primaria | D92: 6 Primaria | E92: =IFERROR(__xludf.DUMMYFUNCTION("FILTER(Colegios!$B$2:$B2419,Colegios!$A$2:$A2419=L92)"),"14924 DANIEL ALCIDES CARRION") -> 14924 DANIEL ALCIDES CARRION | F92: Rural | G92: Masculino | H92: Inicio | I92: 2024 | J92: =IFERROR(__xludf.DUMMYFUNCTION("FILTER('CLASFICACIÓN'!$F$3:$F2419,'CLASFICACIÓN'!$G$3:$G2419=M92)"),"SOLO 2024") -> SOLO 2024 | K92: PADD 2023 Y 2024 | L92: 14924 DANIEL ALCIDES CARRION | M92: =E92&D92 -> 14924 DANIEL ALCIDES CARRION6 Primaria
A93: 12 | B93: 48. Piura | C93: Primaria | D93: 6 Primaria | E93: =IFERROR(__xludf.DUMMYFUNCTION("FILTER(Colegios!$B$2:$B2419,Colegios!$A$2:$A2419=L93)"),"14924 DANIEL ALCIDES CARRION") -> 14924 DANIEL ALCIDES CARRION | F93: Rural | G93: Masculino | H93: Inicio | I93: 2024 | J93: =IFERROR(__xludf.DUMMYFUNCTION("FILTER('CLASFICACIÓN'!$F$3:$F2419,'CLASFICACIÓN'!$G$3:$G2419=M93)"),"SOLO 2024") -> SOLO 2024 | K93: PADD 2023 Y 2024 | L93: 14924 DANIEL ALCIDES CARRION | M93: =E93&D93 -> 14924 DANIEL ALCIDES CARRION6 Primaria
A94: 13 | B94: 48. Piura | C94: Primaria | D94: 6 Primaria | E94: =IFERROR(__xludf.DUMMYFUNCTION("FILTER(Colegios!$B$2:$B2419,Colegios!$A$2:$A2419=L94)"),"14924 DANIEL ALCIDES CARRION") -> 14924 DANIEL ALCIDES CARRION | F94: Rural | G94: Masculino | H94: Inicio | I94: 2024 | J94: =IFERROR(__xludf.DUMMYFUNCTION("FILTER('CLASFICACIÓN'!$F$3:$F2419,'CLASFICACIÓN'!$G$3:$G2419=M94)"),"SOLO 2024") -> SOLO 2024 | K94: PADD 2023 Y 2024 | L94: 14924 DANIEL ALCIDES CARRION | M94: =E94&D94 -> 14924 DANIEL ALCIDES CARRION6 Primaria
A95: 14 | B95: 48. Piura | C95: Primaria | D95: 6 Primaria | E95: =IFERROR(__xludf.DUMMYFUNCTION("FILTER(Colegios!$B$2:$B2419,Colegios!$A$2:$A2419=L95)"),"14924 DANIEL ALCIDES CARRION") -> 14924 DANIEL ALCIDES CARRION | F95: Rural | G95: Masculino | H95: Proceso | I95: 2024 | J95: =IFERROR(__xludf.DUMMYFUNCTION("FILTER('CLASFICACIÓN'!$F$3:$F2419,'CLASFICACIÓN'!$G$3:$G2419=M95)"),"SOLO 2024") -> SOLO 2024 | K95: PADD 2023 Y 2024 | L95: 14924 DANIEL ALCIDES CARRION | M95: =E95&D95 -> 14924 DANIEL ALCIDES CARRION6 Primaria
A96: 15 | B96: 48. Piura | C96: Primaria | D96: 6 Primaria | E96: =IFERROR(__xludf.DUMMYFUNCTION("FILTER(Colegios!$B$2:$B2419,Colegios!$A$2:$A2419=L96)"),"14924 DANIEL ALCIDES CARRION") -> 14924 DANIEL ALCIDES CARRION | F96: Rural | G96: Femenino | H96: Inicio | I96: 2024 | J96: =IFERROR(__xludf.DUMMYFUNCTION("FILTER('CLASFICACIÓN'!$F$3:$F2419,'CLASFICACIÓN'!$G$3:$G2419=M96)"),"SOLO 2024") -> SOLO 2024 | K96: PADD 2023 Y 2024 | L96: 14924 DANIEL ALCIDES CARRION | M96: =E96&D96 -> 14924 DANIEL ALCIDES CARRION6 Primaria
A97: 16 | B97: 48. Piura | C97: Primaria | D97: 6 Primaria | E97: =IFERROR(__xludf.DUMMYFUNCTION("FILTER(Colegios!$B$2:$B2419,Colegios!$A$2:$A2419=L97)"),"14924 DANIEL ALCIDES CARRION") -> 14924 DANIEL ALCIDES CARRION | F97: Rural | G97: Femenino | H97: Inicio | I97: 2024 | J97: =IFERROR(__xludf.DUMMYFUNCTION("FILTER('CLASFICACIÓN'!$F$3:$F2419,'CLASFICACIÓN'!$G$3:$G2419=M97)"),"SOLO 2024") -> SOLO 2024 | K97: PADD 2023 Y 2024 | L97: 14924 DANIEL ALCIDES CARRION | M97: =E97&D97 -> 14924 DANIEL ALCIDES CARRION6 Primaria
A98: 17 | B98: 48. Piura | C98: Primaria | D98: 6 Primaria | E98: =IFERROR(__xludf.DUMMYFUNCTION("FILTER(Colegios!$B$2:$B2419,Colegios!$A$2:$A2419=L98)"),"14924 DANIEL ALCIDES CARRION") -> 14924 DANIEL ALCIDES CARRION | F98: Rural | G98: Femenino | H98: Inicio | I98: 2024 | J98: =IFERROR(__xludf.DUMMYFUNCTION("FILTER('CLASFICACIÓN'!$F$3:$F2419,'CLASFICACIÓN'!$G$3:$G2419=M98)"),"SOLO 2024") -> SOLO 2024 | K98: PADD 2023 Y 2024 | L98: 14924 DANIEL ALCIDES CARRION | M98: =E98&D98 -> 14924 DANIEL ALCIDES CARRION6 Primaria
A99: 18 | B99: 48. Piura | C99: Primaria | D99: 6 Primaria | E99: =IFERROR(__xludf.DUMMYFUNCTION("FILTER(Colegios!$B$2:$B2419,Colegios!$A$2:$A2419=L99)"),"14924 DANIEL ALCIDES CARRION") -> 14924 DANIEL ALCIDES CARRION | F99: Rural | G99: Femenino | H99: Inicio | I99: 2024 | J99: =IFERROR(__xludf.DUMMYFUNCTION("FILTER('CLASFICACIÓN'!$F$3:$F2419,'CLASFICACIÓN'!$G$3:$G2419=M99)"),"SOLO 2024") -> SOLO 2024 | K99: PADD 2023 Y 2024 | L99: 14924 DANIEL ALCIDES CARRION | M99: =E99&D99 -> 14924 DANIEL ALCIDES CARRION6 Primaria
A100: 19 | B100: 48. Piura | C100: Primaria | D100: 6 Primaria | E100: =IFERROR(__xludf.DUMMYFUNCTION("FILTER(Colegios!$B$2:$B2419,Colegios!$A$2:$A2419=L100)"),"14924 DANIEL ALCIDES CARRION") -> 14924 DANIEL ALCIDES CARRION | F100: Rural | G100: Femenino | H100: Inicio | I100: 2024 | J100: =IFERROR(__xludf.DUMMYFUNCTION("FILTER('CLASFICACIÓN'!$F$3:$F2419,'CLASFICACIÓN'!$G$3:$G2419=M100)"),"SOLO 2024") -> SOLO 2024 | K100: PADD 2023 Y 2024 | L100: 14924 DANIEL ALCIDES CARRION | M100: =E100&D100 -> 14924 DANIEL ALCIDES CARRION6 Primaria
...

Sheet 1° primaria
A1: Estudiante | B1: Región | C1: Nivel | D1: Grado | E1: Institución Educativa | F1: Ambito | G1: Sexo | H1: R Producción de textos | I1: Año | K1: ID IE | AH1: Año | AI1: #
A2: 1 | B2: 48. Piura | C2: Primaria | D2: 4 Primaria | E2: 14924 DANIEL ALCIDES CARRION | F2: Rural | G2: Masculino | H2: Inicio | I2: 2024 | K2: 14924 DANIEL ALCIDES CARRION | M2: =(SUMA(H3:S3)/BDEXTRAER(claves!$A$2:$I$8,claves!$I$2,{claves!$B$2;D3}))*50 | AI2: =COUNTA(A2:A2333) -> 2332
A3: 2 | B3: 48. Piura | C3: Primaria | D3: 4 Primaria | E3: 14924 DANIEL ALCIDES CARRION | F3: Rural | G3: Masculino | H3: Inicio | I3: 2024 | K3: 14924 DANIEL ALCIDES CARRION
A4: 3 | B4: 48. Piura | C4: Primaria | D4: 4 Primaria | E4: 14924 DANIEL ALCIDES CARRION | F4: Rural | G4: Masculino | H4: Proceso | I4: 2024 | K4: 14924 DANIEL ALCIDES CARRION
A5: 4 | B5: 48. Piura | C5: Primaria | D5: 4 Primaria | E5: 14924 DANIEL ALCIDES CARRION | F5: Rural | G5: Femenino | H5: Proceso | I5: 2024 | K5: 14924 DANIEL ALCIDES CARRION
A6: 5 | B6: 48. Piura | C6: Primaria | D6: 4 Primaria | E6: 14924 DANIEL ALCIDES CARRION | F6: Rural | G6: Masculino | H6: Proceso | I6: 2024 | K6: 14924 DANIEL ALCIDES CARRION
A7: 6 | B7: 48. Piura | C7: Primaria | D7: 4 Primaria | E7: 14924 DANIEL ALCIDES CARRION | F7: Rural | G7: Femenino | H7: Inicio | I7: 2024 | K7: 14924 DANIEL ALCIDES CARRION
A8: 7 | B8: 48. Piura | C8: Primaria | D8: 4 Primaria | E8: 14924 DANIEL ALCIDES CARRION | F8: Rural | G8: Femenino | H8: Inicio | I8: 2024 | K8: 14924 DANIEL ALCIDES CARRION
A9: 8 | B9: 48. Piura | C9: Primaria | D9: 4 Primaria | E9: 14924 DANIEL ALCIDES CARRION | F9: Rural | G9: Femenino | H9: Inicio | I9: 2024 | K9: 14924 DANIEL ALCIDES CARRION
A10: 9 | B10: 48. Piura | C10: Primaria | D10: 4 Primaria | E10: 14924 DANIEL ALCIDES CARRION | F10: Rural | G10: Masculino | H10: Proceso | I10: 2024 | K10: 14924 DANIEL ALCIDES CARRION
A11: 10 | B11: 48. Piura | C11: Primaria | D11: 4 Primaria | E11: 14924 DANIEL ALCIDES CARRION | F11: Rural | G11: Femenino | H11: Satisfactorio | I11: 2024 | K11: 14924 DANIEL ALCIDES CARRION
A12: 11 | B12: 48. Piura | C12: Primaria | D12: 4 Primaria | E12: 14924 DANIEL ALCIDES CARRION | F12: Rural | G12: Masculino | H12: Proceso | I12: 2024 | K12: 14924 DANIEL ALCIDES CARRION
A13: 12 | B13: 48. Piura | C13: Primaria | D13: 4 Primaria | E13: 14924 DANIEL ALCIDES CARRION | F13: Rural | G13: Femenino | H13: Inicio | I13: 2024 | K13: 14924 DANIEL ALCIDES CARRION
A14: 13 | B14: 48. Piura | C14: Primaria | D14: 4 Primaria | E14: 14924 DANIEL ALCIDES CARRION | F14: Rural | G14: Femenino | H14: Inicio | I14: 2024 | K14: 14924 DANIEL ALCIDES CARRION
... A23: 22 | B23: 48. Piura | C23: Primaria | D23: 4 Primaria | E23: 14924 DANIEL ALCIDES CARRION | F23: Rural | G23: Masculino | H23: Inicio | I23: 2024 | K23: 14924 DANIEL ALCIDES CARRION
A24: 23 | B24: 48. Piura | C24: Primaria | D24: 4 Primaria | E24: 20104 | F24: Rural | G24: Masculino | H24: Inicio | I24: 2024 | K24: 20104
A25: 24 | B25: 48. Piura | C25: Primaria | D25: 4 Primaria | E25: 20104 | F25: Rural | G25: Masculino | H25: Inicio | I25: 2024 | K25: 20104
A26: 25 | B26: 48. Piura | C26: Primaria | D26: 4 Primaria | E26: 20104 | F26: Rural | G26: Masculino | H26: Inicio | I26: 2024 | K26: 20104
A27: 26 | B27: 48. Piura | C27: Primaria | D27: 4 Primaria | E27: 20104 | F27: Rural | G27: Masculino | H27: Inicio | I27: 2024 | K27: 20104
A28: 27 | B28: 48. Piura | C28: Primaria | D28: 4 Primaria | E28: 20104 | F28: Rural | G28: Femenino | H28: Inicio | I28: 2024 | K28: 20104
A29: 28 | B29: 48. Piura | C29: Primaria | D29: 4 Primaria | E29: 20104 | F29: Rural | G29: Femenino | H29: Inicio | I29: 2024 | K29: 20104
A30: 29 | B30: 48. Piura | C30: Primaria | D30: 4 Primaria | E30: 20104 | F30: Rural | G30: Femenino | H30: Inicio | I30: 2024 | K30: 20104
A31: 30 | B31: 48. Piura | C31: Primaria | D31: 4 Primaria | E31: 14975 | F31: Rural | G31: Masculino | H31: Inicio | I31: 2024 | K31: 14975
A32: 31 | B32: 48. Piura | C32: Primaria | D32: 4 Primaria | E32: 14975 | F32: Rural | G32: Masculino | H32: Inicio | I32: 2024 | K32: 14975
A33: 32 | B33: 48. Piura | C33: Primaria | D33: 4 Primaria | E33: 14975 | F33: Rural | G33: Masculino | H33: Proceso | I33: 2024 | K33: 14975
A34: 33 | B34: 48. Piura | C34: Primaria | D34: 4 Primaria | E34: 14975 | F34: Rural | G34: Femenino | H34: Inicio | I34: 2024 | K34: 14975
A35: 34 | B35: 48. Piura | C35: Primaria | D35: 4 Primaria | E35: 14975 | F35: Rural | G35: Femenino | H35: Inicio | I35: 2024 | K35: 14975
... A38: 37 | B38: 48. Piura | C38: Primaria | D38: 4 Primaria | E38: 15304 | F38: Rural | G38: Masculino | H38: Inicio | I38: 2024 | K38: 15304
A39: 38 | B39: 48. Piura | C39: Primaria | D39: 4 Primaria | E39: SAGRADO CORAZON DE JESUS | F39: Rural | G39: Masculino | H39: Inicio | I39: 2024 | K39: SAGRADO CORAZON DE JESUS
A40: 39 | B40: 48. Piura | C40: Primaria | D40: 4 Primaria | E40: SAGRADO CORAZON DE JESUS | F40: Rural | G40: Masculino | H40: Inicio | I40: 2024 | K40: SAGRADO CORAZON DE JESUS
A41: 40 | B41: 48. Piura | C41: Primaria | D41: 4 Primaria | E41: SAGRADO CORAZON DE JESUS | F41: Rural | G41: Masculino | H41: Inicio | I41: 2024 | K41: SAGRADO CORAZON DE JESUS
A42: 41 | B42: 48. Piura | C42: Primaria | D42: 4 Primaria | E42: SAGRADO CORAZON DE JESUS | F42: Rural | G42: Masculino | H42: Inicio | I42: 2024 | K42: SAGRADO CORAZON DE JESUS
A43: 42 | B43: 48. Piura | C43: Primaria | D43: 4 Primaria | E43: SAGRADO CORAZON DE JESUS | F43: Rural | G43: Femenino | H43: Inicio | I43: 2024 | K43: SAGRADO CORAZON DE JESUS
A44: 43 | B44: 48. Piura | C44: Primaria | D44: 4 Primaria | E44: SAGRADO CORAZON DE JESUS | F44: Rural | G44: Femenino | H44: Inicio | I44: 2024 | K44: SAGRADO CORAZON DE JESUS
A45: 44 | B45: 48. Piura | C45: Primaria | D45: 4 Primaria | E45: SAGRADO CORAZON DE JESUS | F45: Rural | G45: Femenino | H45: Inicio | I45: 2024 | K45: SAGRADO CORAZON DE JESUS
A46: 45 | B46: 48. Piura | C46: Primaria | D46: 4 Primaria | E46: 14144 SANTA ROSA | F46: Rural | G46: Femenino | H46: Proceso | I46: 2024 | K46: 14144 SANTA ROSA
A47: 46 | B47: 48. Piura | C47: Primaria | D47: 4 Primaria | E47: 14144 SANTA ROSA | F47: Rural | G47: Femenino | H47: Inicio | I47: 2024 | K47: 14144 SANTA ROSA
A48: 47 | B48: 48. Piura | C48: Primaria | D48: 4 Primaria | E48: 14144 SANTA ROSA | F48: Rural | G48: Femenino | H48: Inicio | I48: 2024 | K48: 14144 SANTA ROSA
A49: 48 | B49: 48. Piura | C49: Primaria | D49: 4 Primaria | E49: 14144 SANTA ROSA | F49: Rural | G49: Femenino | H49: Proceso | I49: 2024 | K49: 14144 SANTA ROSA
A50: 49 | B50: 48. Piura | C50: Primaria | D50: 4 Primaria | E50: 14144 SANTA ROSA | F50: Rural | G50: Masculino | H50: Inicio | I50: 2024 | K50: 14144 SANTA ROSA
... A65: 64 | B65: 48. Piura | C65: Primaria | D65: 4 Primaria | E65: 14144 SANTA ROSA | F65: Rural | G65: Femenino | H65: Proceso | I65: 2024 | K65: 14144 SANTA ROSA
A66: 65 | B66: 48. Piura | C66: Primaria | D66: 4 Primaria | E66: 14894 | F66: Rural | G66: Femenino | H66: Inicio | I66: 2024 | K66: 14894
A67: 66 | B67: 48. Piura | C67: Primaria | D67: 4 Primaria | E67: 15383 | F67: Rural | G67: Masculino | H67: Inicio | I67: 2024 | K67: 15383
A68: 67 | B68: 48. Piura | C68: Primaria | D68: 4 Primaria | E68: 14141 | F68: Rural | G68: Masculino | H68: Inicio | I68: 2024 | K68: 14141
A69: 68 | B69: 48. Piura | C69: Primaria | D69: 4 Primaria | E69: 15478 | F69: Rural | G69: Masculino | H69: Inicio | I69: 2024 | K69: 15478
A70: 69 | B70: 48. Piura | C70: Primaria | D70: 4 Primaria | E70: 14045 | F70: Rural | G70: Masculino | H70: Inicio | I70: 2024 | K70: 14045
A71: 70 | B71: 48. Piura | C71: Primaria | D71: 4 Primaria | E71: 14045 | F71: Rural | G71: Femenino | H71: Inicio | I71: 2024 | K71: 14045
A72: 71 | B72: 48. Piura | C72: Primaria | D72: 4 Primaria | E72: 14145 SANTA JULIA BILLIART | F72: Rural | G72: Masculino | H72: Proceso | I72: 2024 | K72: 14145 SANTA JULIA BILLIART
A73: 72 | B73: 48. Piura | C73: Primaria | D73: 4 Primaria | E73: 14145 SANTA JULIA BILLIART | F73: Rural | G73: Masculino | H73: Inicio | I73: 2024 | K73: 14145 SANTA JULIA BILLIART
A74: 73 | B74: 48. Piura | C74: Primaria | D74: 4 Primaria | E74: 14145 SANTA JULIA BILLIART | F74: Rural | G74: Masculino | H74: Inicio | I74: 2024 | K74: 14145 SANTA JULIA BILLIART
A75: 74 | B75: 48. Piura | C75: Primaria | D75: 4 Primaria | E75: 14145 SANTA JULIA BILLIART | F75: Rural | G75: Masculino | H75: Inicio | I75: 2024 | K75: 14145 SANTA JULIA BILLIART
A76: 75 | B76: 48. Piura | C76: Primaria | D76: 4 Primaria | E76: 14145 SANTA JULIA BILLIART | F76: Rural | G76: Masculino | H76: Inicio | I76: 2024 | K76: 14145 SANTA JULIA BILLIART
A77: 76 | B77: 48. Piura | C77: Primaria | D77: 4 Primaria | E77: 14145 SANTA JULIA BILLIART | F77: Rural | G77: Masculino | H77: Inicio | I77: 2024 | K77: 14145 SANTA JULIA BILLIART
A78: 77 | B78: 48. Piura | C78: Primaria | D78: 4 Primaria | E78: 14145 SANTA JULIA BILLIART | F78: Rural | G78: Femenino | H78: Inicio | I78: 2024 | K78: 14145 SANTA JULIA BILLIART
A79: 78 | B79: 48. Piura | C79: Primaria | D79: 4 Primaria | E79: 14145 SANTA JULIA BILLIART | F79: Rural | G79: Femenino | H79: Inicio | I79: 2024 | K79: 14145 SANTA JULIA BILLIART
A80: 79 | B80: 48. Piura | C80: Primaria | D80: 4 Primaria | E80: 14145 SANTA JULIA BILLIART | F80: Rural | G80: Femenino | H80: Proceso | I80: 2024 | K80: 14145 SANTA JULIA BILLIART
A81: 80 | B81: 48. Piura | C81: Primaria | D81: 4 Primaria | E81: 14145 SANTA JULIA BILLIART | F81: Rural | G81: Femenino | H81: Inicio | I81: 2024 | K81: 14145 SANTA JULIA BILLIART
A82: 1 | B82: 48. Piura | C82: Primaria | D82: 6 Primaria | E82: 14924 DANIEL ALCIDES CARRION | F82: Rural | G82: Femenino | H82: Inicio | I82: 2024 | K82: 14924 DANIEL ALCIDES CARRION
A83: 2 | B83: 48. Piura | C83: Primaria | D83: 6 Primaria | E83: 14924 DANIEL ALCIDES CARRION | F83: Rural | G83: Femenino | H83: Inicio | I83: 2024 | K83: 14924 DANIEL ALCIDES CARRION
... A105: 24 | B105: 48. Piura | C105: Primaria | D105: 6 Primaria | E105: 14924 DANIEL ALCIDES CARRION | F105: Rural | G105: Masculino | H105: Inicio | I105: 2024 | K105: 14924 DANIEL ALCIDES CARRION
A106: 25 | B106: 48. Piura | C106: Primaria | D106: 6 Primaria | E106: 20104 | F106: Rural | G106: Masculino | H106: Inicio | I106: 2024 | K106: 20104
A107: 26 | B107: 48. Piura | C107: Primaria | D107: 6 Primaria | E107: 20104 | F107: Rural | G107: Masculino | H107: Inicio | I107: 2024 | K107: 20104
A108: 27 | B108: 48. Piura | C108: Primaria | D108: 6 Primaria | E108: 20104 | F108: Rural | G108: Masculino | H108: Inicio | I108: 2024 | K108: 20104
A109: 28 | B109: 48. Piura | C109: Primaria | D109: 6 Primaria | E109: 20104 | F109: Rural | G109: Femenino | H109: Inicio | I109: 2024 | K109: 20104
A110: 29 | B110: 48. Piura | C110: Primaria | D110: 6 Primaria | E110: 14975 | F110: Rural | G110: Masculino | H110: Inicio | I110: 2024 | K110: 14975
A111: 30 | B111: 48. Piura | C111: Primaria | D111: 6 Primaria | E111: 14975 | F111: Rural | G111: Masculino | H111: Inicio | I111: 2024 | K111: 14975
A112: 31 | B112: 48. Piura | C112: Primaria | D112: 6 Primaria | E112: 14975 | F112: Rural | G112: Femenino | H112: Inicio | I112: 2024 | K112: 14975
A113: 32 | B113: 48. Piura | C113: Primaria | D113: 6 Primaria | E113: 14975 | F113: Rural | G113: Femenino | H113: Inicio | I113: 2024 | K113: 14975
A114: 33 | B114: 48. Piura | C114: Primaria | D114: 6 Primaria | E114: 14975 | F114: Rural | G114: Femenino | H114: Inicio | I114: 2024 | K114: 14975
A115: 34 | B115: 48. Piura | C115: Primaria | D115: 6 Primaria | E115: 15304 | F115: Rural | G115: Masculino | H115: Proceso | I115: 2024 | K115: 15304
A116: 35 | B116: 48. Piura | C116: Primaria | D116: 6 Primaria | E116: 15304 | F116: Rural | G116: Femenino | H116: Inicio | I116: 2024 | K116: 15304
A117: 36 | B117: 48. Piura | C117: Primaria | D117: 6 Primaria | E117: 15304 | F117: Rural | G117: Femenino | H117: Inicio | I117: 2024 | K117: 15304
A118: 37 | B118: 48. Piura | C118: Primaria | D118: 6 Primaria | E118: SAGRADO CORAZON DE JESUS | F118: Rural | G118: Masculino | H118: Inicio | I118: 2024 | K118: SAGRADO CORAZON DE JESUS
A119: 38 | B119: 48. Piura | C119: Primaria | D119: 6 Primaria | E119: SAGRADO CORAZON DE JESUS | F119: Rural | G119: Masculino | H119: Inicio | I119: 2024 | K119: SAGRADO CORAZON DE JESUS
A120: 39 | B120: 48. Piura | C120: Primaria | D120: 6 Primaria | E120: SAGRADO CORAZON DE JESUS | F120: Rural | G120: Masculino | H120: Inicio | I120: 2024 | K120: SAGRADO CORAZON DE JESUS
A121: 40 | B121: 48. Piura | C121: Primaria | D121: 6 Primaria | E121: SAGRADO CORAZON DE JESUS | F121: Rural | G121: Masculino | H121: Inicio | I121: 2024 | K121: SAGRADO CORAZON DE JESUS
A122: 41 | B122: 48. Piura | C122: Primaria | D122: 6 Primaria | E122: SAGRADO CORAZON DE JESUS | F122: Rural | G122: Femenino | H122: Inicio | I122: 2024 | K122: SAGRADO CORAZON DE JESUS
A123: 42 | B123: 48. Piura | C123: Primaria | D123: 6 Primaria | E123: SAGRADO CORAZON DE JESUS | F123: Rural | G123: Femenino | H123: Inicio | I123: 2024 | K123: SAGRADO CORAZON DE JESUS
A124: 43 | B124: 48. Piura | C124: Primaria | D124: 6 Primaria | E124: SAGRADO CORAZON DE JESUS | F124: Rural | G124: Femenino | H124: Inicio | I124: 2024 | K124: SAGRADO CORAZON DE JESUS
A125: 44 | B125: 48. Piura | C125: Primaria | D125: 6 Primaria | E125: SAGRADO CORAZON DE JESUS | F125: Rural | G125: Femenino | H125: Inicio | I125: 2024 | K125: SAGRADO CORAZON DE JESUS
A126: 45 | B126: 48. Piura | C126: Primaria | D126: 6 Primaria | E126: SAGRADO CORAZON DE JESUS | F126: Rural | G126: Femenino | H126: Inicio | I126: 2024 | K126: SAGRADO CORAZON DE JESUS
A127: 46 | B127: 48. Piura | C127: Primaria | D127: 6 Primaria | E127: 20123 | F127: Rural | G127: Femenino | H127: Proceso | I127: 2024 | K127: 20123
A128: 47 | B128: 48. Piura | C128: Primaria | D128: 6 Primaria | E128: 20123 | F128: Rural | G128: Masculino | H128: Proceso | I128: 2024 | K128: 20123
A129: 48 | B129: 48. Piura | C129: Primaria | D129: 6 Primaria | E129: 14144 SANTA ROSA | F129: Rural | G129: Femenino | H129: Inicio | I129: 2024 | K129: 14144 SANTA ROSA
A130: 49 | B130: 48. Piura | C130: Primaria | D130: 6 Primaria | E130: 14144 SANTA ROSA | F130: Rural | G130: Femenino | H130: Inicio | I130: 2024 | K130: 14144 SANTA ROSA
A131: 50 | B131: 48. Piura | C131: Primaria | D131: 6 Primaria | E131: 14144 SANTA ROSA | F131: Rural | G131: Femenino | H131: Inicio | I131: 2024 | K131: 14144 SANTA ROSA
A132: 51 | B132: 48. Piura | C132: Primaria | D132: 6 Primaria | E132: 14144 SANTA ROSA | F132: Rural | G132: Femenino | H132: Proceso | I132: 2024 | K132: 14144 SANTA ROSA
A133: 52 | B133: 48. Piura | C133: Primaria | D133: 6 Primaria | E133: 14144 SANTA ROSA | F133: Rural | G133: Masculino | H133: Inicio | I133: 2024 | K133: 14144 SANTA ROSA
A134: 53 | B134: 48. Piura | C134: Primaria | D134: 6 Primaria | E134: 14144 SANTA ROSA | F134: Rural | G134: Masculino | H134: Inicio | I134: 2024 | K134: 14144 SANTA ROSA
A135: 54 | B135: 48. Piura | C135: Primaria | D135: 6 Primaria | E135: 14144 SANTA ROSA | F135: Rural | G135: Masculino | H135: Inicio | I135: 2024 | K135: 14144 SANTA ROSA
A136: 55 | B136: 48. Piura | C136: Primaria | D136: 6 Primaria | E136: 14144 SANTA ROSA | F136: Rural | G136: Masculino | H136: Proceso | I136: 2024 | K136: 14144 SANTA ROSA
A137: 56 | B137: 48. Piura | C137: Primaria | D137: 6 Primaria | E137: 14144 SANTA ROSA | F137: Rural | G137: Masculino | H137: Inicio | I137: 2024 | K137: 14144 SANTA ROSA
A138: 57 | B138: 48. Piura | C138: Primaria | D138: 6 Primaria | E138: 14144 SANTA ROSA | F138: Rural | G138: Masculino | H138: Inicio | I138: 2024 | K138: 14144 SANTA ROSA
A139: 58 | B139: 48. Piura | C139: Primaria | D139: 6 Primaria | E139: 14144 SANTA ROSA | F139: Rural | G139: Masculino | H139: Satisfactorio | I139: 2024 | K139: 14144 SANTA ROSA
A140: 59 | B140: 48. Piura | C140: Primaria | D140: 6 Primaria | E140: 14144 SANTA ROSA | F140: Rural | G140: Masculino | H140: Inicio | I140: 2024 | K140: 14144 SANTA ROSA
... A152: 71 | B152: 48. Piura | C152: Primaria | D152: 6 Primaria | E152: 14144 SANTA ROSA | F152: Rural | G152: Masculino | H152: Inicio | I152: 2024 | K152: 14144 SANTA ROSA
A153: 72 | B153: 48. Piura | C153: Primaria | D153: 6 Primaria | E153: 15219 | F153: Rural | G153: Femenino | H153: Proceso | I153: 2024 | K153: 15219
A154: 73 | B154: 48. Piura | C154: Primaria | D154: 6 Primaria | E154: 14141 | F154: Rural | G154: Masculino | H154: Inicio | I154: 2024 | K154: 14141
A155: 74 | B155: 48. Piura | C155: Primaria | D155: 6 Primaria | E155: 15478 | F155: Rural | G155: Femenino | H155: Proceso | I155: 2024 | K155: 15478
A156: 75 | B156: 48. Piura | C156: Primaria | D156: 6 Primaria | E156: 15478 | F156: Rural | G156: Femenino | H156: Proceso | I156: 2024 | K156: 15478
...

Sheet Colegios
A1: =IFERROR(__xludf.DUMMYFUNCTION("IMPORTRANGE(""https://docs.google.com/spreadsheets/d/1G0lKhjdDNZcuaaQlGltXi5PoiboQrtAFuEFhYlQNIWs/edit?gid=1917248718#gid=1917248718"",""Colegios!A1:D"")"),"Institución Educativa") -> Institución Educativa | B1: =IFERROR(__xludf.DUMMYFUNCTION("""COMPUTED_VALUE"""),"Nombre a reemplazar") -> Nombre a reemplazar | C1: =IFERROR(__xludf.DUMMYFUNCTION("""COMPUTED_VALUE"""),"Región") -> Región | D1: =IFERROR(__xludf.DUMMYFUNCTION("""COMPUTED_VALUE"""),"Año") -> Año
A2: =IFERROR(__xludf.DUMMYFUNCTION("""COMPUTED_VALUE"""),"Accocunca") -> Accocunca | B2: =IFERROR(__xludf.DUMMYFUNCTION("""COMPUTED_VALUE"""),"50547") -> 50547
A3: =IFERROR(__xludf.DUMMYFUNCTION("""COMPUTED_VALUE"""),"Andamayo") -> Andamayo | B3: =IFERROR(__xludf.DUMMYFUNCTION("""COMPUTED_VALUE"""),"50977") -> 50977
A4: =IFERROR(__xludf.DUMMYFUNCTION("""COMPUTED_VALUE"""),"Ccapana") -> Ccapana | B4: =IFERROR(__xludf.DUMMYFUNCTION("""COMPUTED_VALUE"""),"50495") -> 50495
A5: =IFERROR(__xludf.DUMMYFUNCTION("""COMPUTED_VALUE"""),"Cristo Rey") -> Cristo Rey | B5: =IFERROR(__xludf.DUMMYFUNCTION("""COMPUTED_VALUE"""),"501455 CRISTO REY TTIKARIY") -> 501455 CRISTO REY TTIKARIY
A6: =IFERROR(__xludf.DUMMYFUNCTION("""COMPUTED_VALUE"""),"Kumuncancha") -> Kumuncancha | B6: =IFERROR(__xludf.DUMMYFUNCTION("""COMPUTED_VALUE"""),"501432 PAPA FRANCISCO I") -> 501432 PAPA FRANCISCO I
A7: =IFERROR(__xludf.DUMMYFUNCTION("""COMPUTED_VALUE"""),"Llachi") -> Llachi | B7: =IFERROR(__xludf.DUMMYFUNCTION("""COMPUTED_VALUE"""),"50715") -> 50715
A8: =IFERROR(__xludf.DUMMYFUNCTION("""COMPUTED_VALUE"""),"Marampaqui") -> Marampaqui | B8: =IFERROR(__xludf.DUMMYFUNCTION("""COMPUTED_VALUE"""),"50553") -> 50553
A9: =IFERROR(__xludf.DUMMYFUNCTION("""COMPUTED_VALUE"""),"Ocongate") -> Ocongate | B9: =IFERROR(__xludf.DUMMYFUNCTION("""COMPUTED_VALUE"""),"50492 CORAZON DE JESUS") -> 50492 CORAZON DE JESUS
A10: =IFERROR(__xludf.DUMMYFUNCTION("""COMPUTED_VALUE"""),"Pampacancha") -> Pampacancha | B10: =IFERROR(__xludf.DUMMYFUNCTION("""COMPUTED_VALUE"""),"50550") -> 50550
A11: =IFERROR(__xludf.DUMMYFUNCTION("""COMPUTED_VALUE"""),"Sallicancha") -> Sallicancha | B11: =IFERROR(__xludf.DUMMYFUNCTION("""COMPUTED_VALUE"""),"50765") -> 50765
A12: =IFERROR(__xludf.DUMMYFUNCTION("""COMPUTED_VALUE"""),"Yanacancha") -> Yanacancha | B12: =IFERROR(__xludf.DUMMYFUNCTION("""COMPUTED_VALUE"""),"50696 YANACANCHA") -> 50696 YANACANCHA
A13: =IFERROR(__xludf.DUMMYFUNCTION("""COMPUTED_VALUE"""),"50492- CORAZON DE JESUS OCONGATE") -> 50492- CORAZON DE JESUS OCONGATE | B13: =IFERROR(__xludf.DUMMYFUNCTION("""COMPUTED_VALUE"""),"50492 CORAZON DE JESUS") -> 50492 CORAZON DE JESUS
A14: =IFERROR(__xludf.DUMMYFUNCTION("""COMPUTED_VALUE"""),"50495 CCAPANA") -> 50495 CCAPANA | B14: =IFERROR(__xludf.DUMMYFUNCTION("""COMPUTED_VALUE"""),"50495") -> 50495
A15: =IFERROR(__xludf.DUMMYFUNCTION("""COMPUTED_VALUE"""),"50547 Accocunca") -> 50547 Accocunca | B15: =IFERROR(__xludf.DUMMYFUNCTION("""COMPUTED_VALUE"""),"50547") -> 50547
A16: =IFERROR(__xludf.DUMMYFUNCTION("""COMPUTED_VALUE"""),"50550 PAMPACANCHA") -> 50550 PAMPACANCHA | B16: =IFERROR(__xludf.DUMMYFUNCTION("""COMPUTED_VALUE"""),"50550") -> 50550
A17: =IFERROR(__xludf.DUMMYFUNCTION("""COMPUTED_VALUE"""),"50552 ""TÚPAC AMARU II"" - HUACATINCO") -> 50552 "TÚPAC AMARU II" - HUACATINCO | B17: =IFERROR(__xludf.DUMMYFUNCTION("""COMPUTED_VALUE"""),"50552 TUPAC AMARU II") -> 50552 TUPAC AMARU II
A18: =IFERROR(__xludf.DUMMYFUNCTION("""COMPUTED_VALUE"""),"50553 MARAMPAQUI") -> 50553 MARAMPAQUI | B18: =IFERROR(__xludf.DUMMYFUNCTION("""COMPUTED_VALUE"""),"50553") -> 50553
A19: =IFERROR(__xludf.DUMMYFUNCTION("""COMPUTED_VALUE"""),"50558 PARCCOCALLA") -> 50558 PARCCOCALLA | B19: =IFERROR(__xludf.DUMMYFUNCTION("""COMPUTED_VALUE"""),"50558") -> 50558
A20: =IFERROR(__xludf.DUMMYFUNCTION("""COMPUTED_VALUE"""),"50715 - Llachi") -> 50715 - Llachi | B20: =IFERROR(__xludf.DUMMYFUNCTION("""COMPUTED_VALUE"""),"50715") -> 50715
A21: =IFERROR(__xludf.DUMMYFUNCTION("""COMPUTED_VALUE"""),"50719- VIRGEN DEL CARMEN TINKE") -> 50719- VIRGEN DEL CARMEN TINKE | B21: =IFERROR(__xludf.DUMMYFUNCTION("""COMPUTED_VALUE"""),"50719 VIRGEN DEL CARMEN") -> 50719 VIRGEN DEL CARMEN
A22: =IFERROR(__xludf.DUMMYFUNCTION("""COMPUTED_VALUE"""),"50765 - SALLICANCHA") -> 50765 - SALLICANCHA | B22: =IFERROR(__xludf.DUMMYFUNCTION("""COMPUTED_VALUE"""),"50765") -> 50765
A23: =IFERROR(__xludf.DUMMYFUNCTION("""COMPUTED_VALUE"""),"50696 YANACANCHA") -> 50696 YANACANCHA | B23: =IFERROR(__xludf.DUMMYFUNCTION("""COMPUTED_VALUE"""),"50696 YANACANCHA") -> 50696 YANACANCHA
A24: =IFERROR(__xludf.DUMMYFUNCTION("""COMPUTED_VALUE"""),"50854 de PATAPALLAPA ALTA") -> 50854 de PATAPALLAPA ALTA | B24: =IFERROR(__xludf.DUMMYFUNCTION("""COMPUTED_VALUE"""),"50854") -> 50854
A25: =IFERROR(__xludf.DUMMYFUNCTION("""COMPUTED_VALUE"""),"50977 Andamayo") -> 50977 Andamayo | B25: =IFERROR(__xludf.DUMMYFUNCTION("""COMPUTED_VALUE"""),"50977") -> 50977
A26: =IFERROR(__xludf.DUMMYFUNCTION("""COMPUTED_VALUE"""),"501344 - CCASAPATA") -> 501344 - CCASAPATA | B26: =IFERROR(__xludf.DUMMYFUNCTION("""COMPUTED_VALUE"""),"501344") -> 501344
A27: =IFERROR(__xludf.DUMMYFUNCTION("""COMPUTED_VALUE"""),"501344- CCASAPATA") -> 501344- CCASAPATA | B27: =IFERROR(__xludf.DUMMYFUNCTION("""COMPUTED_VALUE"""),"501344") -> 501344
A28: =IFERROR(__xludf.DUMMYFUNCTION("""COMPUTED_VALUE"""),"501432 - Kumuncancha") -> 501432 - Kumuncancha | B28: =IFERROR(__xludf.DUMMYFUNCTION("""COMPUTED_VALUE"""),"501432 PAPA FRANCISCO I") -> 501432 PAPA FRANCISCO I
A29: =IFERROR(__xludf.DUMMYFUNCTION("""COMPUTED_VALUE"""),"501455 - CRISTO REY TIKARIY") -> 501455 - CRISTO REY TIKARIY | B29: =IFERROR(__xludf.DUMMYFUNCTION("""COMPUTED_VALUE"""),"501455 CRISTO REY TTIKARIY") -> 501455 CRISTO REY TTIKARIY
A30: =IFERROR(__xludf.DUMMYFUNCTION("""COMPUTED_VALUE"""),"Papa Francisco I") -> Papa Francisco I | B30: =IFERROR(__xludf.DUMMYFUNCTION("""COMPUTED_VALUE"""),"501432 PAPA FRANCISCO I") -> 501432 PAPA FRANCISCO I
A31: =IFERROR(__xludf.DUMMYFUNCTION("""COMPUTED_VALUE"""),"601448") -> 601448 | B31: =IFERROR(__xludf.DUMMYFUNCTION("""COMPUTED_VALUE"""),"601448") -> 601448
A32: =IFERROR(__xludf.DUMMYFUNCTION("""COMPUTED_VALUE"""),"601148") -> 601148 | B32: =IFERROR(__xludf.DUMMYFUNCTION("""COMPUTED_VALUE"""),"601448") -> 601448
A33: =IFERROR(__xludf.DUMMYFUNCTION("""COMPUTED_VALUE"""),"601614") -> 601614 | B33: =IFERROR(__xludf.DUMMYFUNCTION("""COMPUTED_VALUE"""),"601614") -> 601614
A34: =IFERROR(__xludf.DUMMYFUNCTION("""COMPUTED_VALUE"""),"EL MILAGRO") -> EL MILAGRO | B34: =IFERROR(__xludf.DUMMYFUNCTION("""COMPUTED_VALUE"""),"EL MILAGRO") -> EL MILAGRO
A35: =IFERROR(__xludf.DUMMYFUNCTION("""COMPUTED_VALUE"""),"EL MILAGRO ") -> EL MILAGRO | B35: =IFERROR(__xludf.DUMMYFUNCTION("""COMPUTED_VALUE"""),"EL MILAGRO") -> EL MILAGRO
A36: =IFERROR(__xludf.DUMMYFUNCTION("""COMPUTED_VALUE"""),"601514") -> 601514 | B36: =IFERROR(__xludf.DUMMYFUNCTION("""COMPUTED_VALUE"""),"601514") -> 601514
A37: =IFERROR(__xludf.DUMMYFUNCTION("""COMPUTED_VALUE"""),"601331") -> 601331 | B37: =IFERROR(__xludf.DUMMYFUNCTION("""COMPUTED_VALUE"""),"601331") -> 601331
A38: =IFERROR(__xludf.DUMMYFUNCTION("""COMPUTED_VALUE"""),"6010230") -> 6010230 | B38: =IFERROR(__xludf.DUMMYFUNCTION("""COMPUTED_VALUE"""),"6010230 BARBARA D'ACHILLE") -> 6010230 BARBARA D'ACHILLE
A39: =IFERROR(__xludf.DUMMYFUNCTION("""COMPUTED_VALUE"""),"60133") -> 60133 | B39: =IFERROR(__xludf.DUMMYFUNCTION("""COMPUTED_VALUE"""),"60133") -> 60133
A40: =IFERROR(__xludf.DUMMYFUNCTION("""COMPUTED_VALUE"""),"60136 MORALILLO") -> 60136 MORALILLO | B40: =IFERROR(__xludf.DUMMYFUNCTION("""COMPUTED_VALUE"""),"60136") -> 60136
A41: =IFERROR(__xludf.DUMMYFUNCTION("""COMPUTED_VALUE"""),"6010102 VILLA BUEN PASTOR") -> 6010102 VILLA BUEN PASTOR | B41: =IFERROR(__xludf.DUMMYFUNCTION("""COMPUTED_VALUE"""),"6010102") -> 6010102
A42: =IFERROR(__xludf.DUMMYFUNCTION("""COMPUTED_VALUE"""),"601448 NUEVO MILAGRO") -> 601448 NUEVO MILAGRO | B42: =IFERROR(__xludf.DUMMYFUNCTION("""COMPUTED_VALUE"""),"601448") -> 601448
A43: =IFERROR(__xludf.DUMMYFUNCTION("""COMPUTED_VALUE"""),"601614 NUEVA ESPERANZA") -> 601614 NUEVA ESPERANZA | B43: =IFERROR(__xludf.DUMMYFUNCTION("""COMPUTED_VALUE"""),"601614") -> 601614
A44: =IFERROR(__xludf.DUMMYFUNCTION("""COMPUTED_VALUE"""),"6010178 BELEN DE JUDA") -> 6010178 BELEN DE JUDA | B44: =IFERROR(__xludf.DUMMYFUNCTION("""COMPUTED_VALUE"""),"6010178") -> 6010178
A45: =IFERROR(__xludf.DUMMYFUNCTION("""COMPUTED_VALUE"""),"601514 DORADO") -> 601514 DORADO | B45: =IFERROR(__xludf.DUMMYFUNCTION("""COMPUTED_VALUE"""),"601514") -> 601514
A46: =IFERROR(__xludf.DUMMYFUNCTION("""COMPUTED_VALUE"""),"601514 DORADO") -> 601514 DORADO | B46: =IFERROR(__xludf.DUMMYFUNCTION("""COMPUTED_VALUE"""),"601514") -> 601514
A47: =IFERROR(__xludf.DUMMYFUNCTION("""COMPUTED_VALUE"""),"601331 TRECE DE FEBRERO") -> 601331 TRECE DE FEBRERO | B47: =IFERROR(__xludf.DUMMYFUNCTION("""COMPUTED_VALUE"""),"601331") -> 601331
A48: =IFERROR(__xludf.DUMMYFUNCTION("""COMPUTED_VALUE"""),"601391 PAUJIL II ZONA") -> 601391 PAUJIL II ZONA | B48: =IFERROR(__xludf.DUMMYFUNCTION("""COMPUTED_VALUE"""),"601391") -> 601391
A49: =IFERROR(__xludf.DUMMYFUNCTION("""COMPUTED_VALUE"""),"601570 ANGEL CARDENAS I") -> 601570 ANGEL CARDENAS I | B49: =IFERROR(__xludf.DUMMYFUNCTION("""COMPUTED_VALUE"""),"601570") -> 601570
A50: =IFERROR(__xludf.DUMMYFUNCTION("""COMPUTED_VALUE"""),"601678 ANGEL CARDENAS II") -> 601678 ANGEL CARDENAS II | B50: =IFERROR(__xludf.DUMMYFUNCTION("""COMPUTED_VALUE"""),"601678") -> 601678
A51: =IFERROR(__xludf.DUMMYFUNCTION("""COMPUTED_VALUE"""),"6010230 NUEVO HORIZONTE") -> 6010230 NUEVO HORIZONTE | B51: =IFERROR(__xludf.DUMMYFUNCTION("""COMPUTED_VALUE"""),"6010230 BARBARA D'ACHILLE") -> 6010230 BARBARA D'ACHILLE
A52: =IFERROR(__xludf.DUMMYFUNCTION("""COMPUTED_VALUE"""),"60181 SAN PEDRO DE PINTUYACU") -> 60181 SAN PEDRO DE PINTUYACU | B52: =IFERROR(__xludf.DUMMYFUNCTION("""COMPUTED_VALUE"""),"60181") -> 60181
A53: =IFERROR(__xludf.DUMMYFUNCTION("""COMPUTED_VALUE"""),"6010231 EX PETROLEROS I") -> 6010231 EX PETROLEROS I | B53: =IFERROR(__xludf.DUMMYFUNCTION("""COMPUTED_VALUE"""),"6010231") -> 6010231
A54: =IFERROR(__xludf.DUMMYFUNCTION("""COMPUTED_VALUE"""),"601511 10 DE OCTUBRE I") -> 601511 10 DE OCTUBRE I | B54: =IFERROR(__xludf.DUMMYFUNCTION("""COMPUTED_VALUE"""),"601511") -> 601511
A55: =IFERROR(__xludf.DUMMYFUNCTION("""COMPUTED_VALUE"""),"601580 10 DE OCTUBRE II") -> 601580 10 DE OCTUBRE II | B55: =IFERROR(__xludf.DUMMYFUNCTION("""COMPUTED_VALUE"""),"601580") -> 601580
A56: =IFERROR(__xludf.DUMMYFUNCTION("""COMPUTED_VALUE"""),"601444 TRIUNFO") -> 601444 TRIUNFO | B56: =IFERROR(__xludf.DUMMYFUNCTION("""COMPUTED_VALUE"""),"601444") -> 601444
A57: =IFERROR(__xludf.DUMMYFUNCTION("""COMPUTED_VALUE"""),"601571 HUAMBE") -> 601571 HUAMBE | B57: =IFERROR(__xludf.DUMMYFUNCTION("""COMPUTED_VALUE"""),"601571") -> 601571
A58: =IFERROR(__xludf.DUMMYFUNCTION("""COMPUTED_VALUE"""),"601563 LA HABANA") -> 601563 LA HABANA | B58: =IFERROR(__xludf.DUMMYFUNCTION("""COMPUTED_VALUE"""),"601563") -> 601563
A59: =IFERROR(__xludf.DUMMYFUNCTION("""COMPUTED_VALUE"""),"60133 CAHUIDE") -> 60133 CAHUIDE | B59: =IFERROR(__xludf.DUMMYFUNCTION("""COMPUTED_VALUE"""),"60133") -> 60133
A60: =IFERROR(__xludf.DUMMYFUNCTION("""COMPUTED_VALUE"""),"6013") -> 6013 | B60: =IFERROR(__xludf.DUMMYFUNCTION("""COMPUTED_VALUE"""),"60133") -> 60133
A61: =IFERROR(__xludf.DUMMYFUNCTION("""COMPUTED_VALUE"""),"14975 El Carbon") -> 14975 El Carbon | B61: =IFERROR(__xludf.DUMMYFUNCTION("""COMPUTED_VALUE"""),"14975") -> 14975
A62: =IFERROR(__xludf.DUMMYFUNCTION("""COMPUTED_VALUE"""),"15219 Tinajones") -> 15219 Tinajones | B62: =IFERROR(__xludf.DUMMYFUNCTION("""COMPUTED_VALUE"""),"15219") -> 15219
A63: =IFERROR(__xludf.DUMMYFUNCTION("""COMPUTED_VALUE"""),"15478 Cerro de Leones") -> 15478 Cerro de Leones | B63: =IFERROR(__xludf.DUMMYFUNCTION("""COMPUTED_VALUE"""),"15478") -> 15478
A64: =IFERROR(__xludf.DUMMYFUNCTION("""COMPUTED_VALUE"""),"15383 Totoral Bajo") -> 15383 Totoral Bajo | B64: =IFERROR(__xludf.DUMMYFUNCTION("""COMPUTED_VALUE"""),"15383") -> 15383
A65: =IFERROR(__xludf.DUMMYFUNCTION("""COMPUTED_VALUE"""),"14045 Miraflores Bajo") -> 14045 Miraflores Bajo | B65: =IFERROR(__xludf.DUMMYFUNCTION("""COMPUTED_VALUE"""),"14045") -> 14045
A66: =IFERROR(__xludf.DUMMYFUNCTION("""COMPUTED_VALUE"""),"20104 CP-8") -> 20104 CP-8 | B66: =IFERROR(__xludf.DUMMYFUNCTION("""COMPUTED_VALUE"""),"20104") -> 20104
A67: =IFERROR(__xludf.DUMMYFUNCTION("""COMPUTED_VALUE"""),"15304 Guaraguaos.B") -> 15304 Guaraguaos.B | B67: =IFERROR(__xludf.DUMMYFUNCTION("""COMPUTED_VALUE"""),"15304") -> 15304
A68: =IFERROR(__xludf.DUMMYFUNCTION("""COMPUTED_VALUE"""),"20123 Cruce de Vega") -> 20123 Cruce de Vega | B68: =IFERROR(__xludf.DUMMYFUNCTION("""COMPUTED_VALUE"""),"20123") -> 20123
A69: =IFERROR(__xludf.DUMMYFUNCTION("""COMPUTED_VALUE"""),"14141 Pueblo Nuevo") -> 14141 Pueblo Nuevo | B69: =IFERROR(__xludf.DUMMYFUNCTION("""COMPUTED_VALUE"""),"14141") -> 14141
A70: =IFERROR(__xludf.DUMMYFUNCTION("""COMPUTED_VALUE"""),"15220 Miraflores Alto") -> 15220 Miraflores Alto | B70: =IFERROR(__xludf.DUMMYFUNCTION("""COMPUTED_VALUE"""),"15220") -> 15220
A71: =IFERROR(__xludf.DUMMYFUNCTION("""COMPUTED_VALUE"""),"14145 SJB") -> 14145 SJB | B71: =IFERROR(__xludf.DUMMYFUNCTION("""COMPUTED_VALUE"""),"14145 SANTA JULIA BILLIART") -> 14145 SANTA JULIA BILLIART
A72: =IFERROR(__xludf.DUMMYFUNCTION("""COMPUTED_VALUE"""),"SCJ PUEBLO LIBRE") -> SCJ PUEBLO LIBRE | B72: =IFERROR(__xludf.DUMMYFUNCTION("""COMPUTED_VALUE"""),"SAGRADO CORAZON DE JESUS") -> SAGRADO CORAZON DE JESUS
A73: =IFERROR(__xludf.DUMMYFUNCTION("""COMPUTED_VALUE"""),"14924 DAC") -> 14924 DAC | B73: =IFERROR(__xludf.DUMMYFUNCTION("""COMPUTED_VALUE"""),"14924 DANIEL ALCIDES CARRION") -> 14924 DANIEL ALCIDES CARRION
A74: =IFERROR(__xludf.DUMMYFUNCTION("""COMPUTED_VALUE"""),"SantaRosa-Palominos") -> SantaRosa-Palominos | B74: =IFERROR(__xludf.DUMMYFUNCTION("""COMPUTED_VALUE"""),"14144 SANTA ROSA") -> 14144 SANTA ROSA
A75: =IFERROR(__xludf.DUMMYFUNCTION("""COMPUTED_VALUE"""),"14924 DANIEL ALCIDES CARRION") -> 14924 DANIEL ALCIDES CARRION | B75: =IFERROR(__xludf.DUMMYFUNCTION("""COMPUTED_VALUE"""),"14924 DANIEL ALCIDES CARRION") -> 14924 DANIEL ALCIDES CARRION
A76: =IFERROR(__xludf.DUMMYFUNCTION("""COMPUTED_VALUE"""),"20104") -> 20104 | B76: =IFERROR(__xludf.DUMMYFUNCTION("""COMPUTED_VALUE"""),"20104") -> 20104
A77: =IFERROR(__xludf.DUMMYFUNCTION("""COMPUTED_VALUE"""),"14975") -> 14975 | B77: =IFERROR(__xludf.DUMMYFUNCTION("""COMPUTED_VALUE"""),"14975") -> 14975
A78: =IFERROR(__xludf.DUMMYFUNCTION("""COMPUTED_VALUE"""),"15304") -> 15304 | B78: =IFERROR(__xludf.DUMMYFUNCTION("""COMPUTED_VALUE"""),"15304") -> 15304
A79: =IFERROR(__xludf.DUMMYFUNCTION("""COMPUTED_VALUE"""),"SAGRADO CORAZON DE JESUS") -> SAGRADO CORAZON DE JESUS | B79: =IFERROR(__xludf.DUMMYFUNCTION("""COMPUTED_VALUE"""),"SAGRADO CORAZON DE JESUS") -> SAGRADO CORAZON DE JESUS
A80: =IFERROR(__xludf.DUMMYFUNCTION("""COMPUTED_VALUE"""),"14144 SANTA ROSA") -> 14144 SANTA ROSA | B80: =IFERROR(__xludf.DUMMYFUNCTION("""COMPUTED_VALUE"""),"14144 SANTA ROSA") -> 14144 SANTA ROSA
A81: =IFERROR(__xludf.DUMMYFUNCTION("""COMPUTED_VALUE"""),"14894") -> 14894 | B81: =IFERROR(__xludf.DUMMYFUNCTION("""COMPUTED_VALUE"""),"14894") -> 14894
A82: =IFERROR(__xludf.DUMMYFUNCTION("""COMPUTED_VALUE"""),"15383") -> 15383 | B82: =IFERROR(__xludf.DUMMYFUNCTION("""COMPUTED_VALUE"""),"15383") -> 15383
A83: =IFERROR(__xludf.DUMMYFUNCTION("""COMPUTED_VALUE"""),"14141") -> 14141 | B83: =IFERROR(__xludf.DUMMYFUNCTION("""COMPUTED_VALUE"""),"14141") -> 14141
A84: =IFERROR(__xludf.DUMMYFUNCTION("""COMPUTED_VALUE"""),"15478") -> 15478 | B84: =IFERROR(__xludf.DUMMYFUNCTION("""COMPUTED_VALUE"""),"15478") -> 15478
A85: =IFERROR(__xludf.DUMMYFUNCTION("""COMPUTED_VALUE"""),"14045") -> 14045 | B85: =IFERROR(__xludf.DUMMYFUNCTION("""COMPUTED_VALUE"""),"14045") -> 14045
A86: =IFERROR(__xludf.DUMMYFUNCTION("""COMPUTED_VALUE"""),"14145 SANTA JULIA BILLIART") -> 14145 SANTA JULIA BILLIART | B86: =IFERROR(__xludf.DUMMYFUNCTION("""COMPUTED_VALUE"""),"14145 SANTA JULIA BILLIART") -> 14145 SANTA JULIA BILLIART
A87: =IFERROR(__xludf.DUMMYFUNCTION("""COMPUTED_VALUE"""),"20123") -> 20123 | B87: =IFERROR(__xludf.DUMMYFUNCTION("""COMPUTED_VALUE"""),"20123") -> 20123
A88: =IFERROR(__xludf.DUMMYFUNCTION("""COMPUTED_VALUE"""),"15219") -> 15219 | B88: =IFERROR(__xludf.DUMMYFUNCTION("""COMPUTED_VALUE"""),"15219") -> 15219
A89: =IFERROR(__xludf.DUMMYFUNCTION("""COMPUTED_VALUE"""),"15220") -> 15220 | B89: =IFERROR(__xludf.DUMMYFUNCTION("""COMPUTED_VALUE"""),"15220") -> 15220
A90: =IFERROR(__xludf.DUMMYFUNCTION("""COMPUTED_VALUE"""),"IE Sagrado Corazón") -> IE Sagrado Corazón | B90: =IFERROR(__xludf.DUMMYFUNCTION("""COMPUTED_VALUE"""),"SAGRADO CORAZON DE JESUS") -> SAGRADO CORAZON DE JESUS
A91: =IFERROR(__xludf.DUMMYFUNCTION("""COMPUTED_VALUE"""),"IE Santa Rosa") -> IE Santa Rosa | B91: =IFERROR(__xludf.DUMMYFUNCTION("""COMPUTED_VALUE"""),"14144 SANTA ROSA") -> 14144 SANTA ROSA
A92: =IFERROR(__xludf.DUMMYFUNCTION("""COMPUTED_VALUE"""),"IE Totoral Alto") -> IE Totoral Alto | B92: =IFERROR(__xludf.DUMMYFUNCTION("""COMPUTED_VALUE"""),"14894") -> 14894
A93: =IFERROR(__xludf.DUMMYFUNCTION("""COMPUTED_VALUE"""),"IE Santa Julia") -> IE Santa Julia | B93: =IFERROR(__xludf.DUMMYFUNCTION("""COMPUTED_VALUE"""),"14145 SANTA JULIA BILLIART") -> 14145 SANTA JULIA BILLIART
A94: =IFERROR(__xludf.DUMMYFUNCTION("""COMPUTED_VALUE"""),"86809 Huarac-huarán") -> 86809 Huarac-huarán | B94: =IFERROR(__xludf.DUMMYFUNCTION("""COMPUTED_VALUE"""),"86809") -> 86809
A95: =IFERROR(__xludf.DUMMYFUNCTION("""COMPUTED_VALUE"""),"88247 - Capan") -> 88247 - Capan | B95: =IFERROR(__xludf.DUMMYFUNCTION("""COMPUTED_VALUE"""),"88247 SAN ENRIQUE") -> 88247 SAN ENRIQUE
A96: =IFERROR(__xludf.DUMMYFUNCTION("""COMPUTED_VALUE"""),"86548 - Pichiu") -> 86548 - Pichiu | B96: =IFERROR(__xludf.DUMMYFUNCTION("""COMPUTED_VALUE"""),"86548 JOSE MARIA VELAZ") -> 86548 JOSE MARIA VELAZ
A97: =IFERROR(__xludf.DUMMYFUNCTION("""COMPUTED_VALUE"""),"Huarachuran") -> Huarachuran | B97: =IFERROR(__xludf.DUMMYFUNCTION("""COMPUTED_VALUE"""),"86809") -> 86809
A98: =IFERROR(__xludf.DUMMYFUNCTION("""COMPUTED_VALUE"""),"Pichiu") -> Pichiu | B98: =IFERROR(__xludf.DUMMYFUNCTION("""COMPUTED_VALUE"""),"86548 JOSE MARIA VELAZ") -> 86548 JOSE MARIA VELAZ
A99: =IFERROR(__xludf.DUMMYFUNCTION("""COMPUTED_VALUE"""),"Carap") -> Carap | B99: =IFERROR(__xludf.DUMMYFUNCTION("""COMPUTED_VALUE"""),"88327") -> 88327
A100: =IFERROR(__xludf.DUMMYFUNCTION("""COMPUTED_VALUE"""),"Capan") -> Capan | B100: =IFERROR(__xludf.DUMMYFUNCTION("""COMPUTED_VALUE"""),"88247 SAN ENRIQUE") -> 88247 SAN ENRIQUE
...

Sheet PADD-R
A1: RER | B1: IIEE | C1: LÍNEA BASE 2022 | D1: LÍNEA BASE 2023 | E1: LÍNEA BASE 2022 | F1: LÍNEA BASE 2023 | G1: LÍNEA BASE 2022 | H1: LÍNEA BASE 2023 | I1: PADD 2023 | J1: PADD 2024 | K1: PADD | L1: ID IIEE
A2: CUSCO - 44 | B2: 501344 | J2: 1 | K2: =IF(AND(I2<>"",J2<>""),"PADD 2023 Y 2024",IF(I2<>"","SOLO 2023",IF(J2<>"","SOLO 2024","NO PARTICIPÓ"))) -> SOLO 2024 | L2: 501344 Ccasapata
A3: CUSCO - 44 | B3: 501455 CRISTO REY TTIKARIY | D3: 1 | F3: 1 | I3: 1 | J3: 1 | K3: =IF(AND(I3<>"",J3<>""),"PADD 2023 Y 2024",IF(I3<>"","SOLO 2023",IF(J3<>"","SOLO 2024","NO PARTICIPÓ"))) -> PADD 2023 Y 2024 | L3: 501455 Cristo Rey Ttikariy- Pacchanta Baja
A4: CUSCO - 44 | B4: 50492 CORAZON DE JESUS | C4: 1 | D4: 1 | E4: 1 | F4: 1 | I4: 1 | J4: 1 | K4: =IF(AND(I4<>"",J4<>""),"PADD 2023 Y 2024",IF(I4<>"","SOLO 2023",IF(J4<>"","SOLO 2024","NO PARTICIPÓ"))) -> PADD 2023 Y 2024 | L4: 50492 "Corazón de Jesús" Ocongate
A5: CUSCO - 44 | B5: 50550 | C5: 1 | D5: 1 | E5: 1 | F5: 1 | I5: 1 | J5: 1 | K5: =IF(AND(I5<>"",J5<>""),"PADD 2023 Y 2024",IF(I5<>"","SOLO 2023",IF(J5<>"","SOLO 2024","NO PARTICIPÓ"))) -> PADD 2023 Y 2024 | L5: 50550 Pampacancha
A6: CUSCO - 44 | B6: 50552 TUPAC AMARU II | J6: 1 | K6: =IF(AND(I6<>"",J6<>""),"PADD 2023 Y 2024",IF(I6<>"","SOLO 2023",IF(J6<>"","SOLO 2024","NO PARTICIPÓ"))) -> SOLO 2024 | L6: 50552 Tupac Amaru II - Huacatinco
A7: CUSCO - 44 | B7: 50558 | C7: 1 | E7: 1 | J7: 1 | K7: =IF(AND(I7<>"",J7<>""),"PADD 2023 Y 2024",IF(I7<>"","SOLO 2023",IF(J7<>"","SOLO 2024","NO PARTICIPÓ"))) -> SOLO 2024 | L7: 50558 Parccocalla
A8: CUSCO - 44 | B8: 50719 VIRGEN DEL CARMEN | C8: 1 | E8: 1 | J8: 1 | K8: =IF(AND(I8<>"",J8<>""),"PADD 2023 Y 2024",IF(I8<>"","SOLO 2023",IF(J8<>"","SOLO 2024","NO PARTICIPÓ"))) -> SOLO 2024 | L8: 50719 Virgen del Carmen de Tinke
A9: CUSCO - 44 | B9: 50854 | C9: 1 | E9: 1 | J9: 1 | K9: =IF(AND(I9<>"",J9<>""),"PADD 2023 Y 2024",IF(I9<>"","SOLO 2023",IF(J9<>"","SOLO 2024","NO PARTICIPÓ"))) -> SOLO 2024 | L9: 50854 Patapallpa Alta
A10: CUSCO - 44 | B10: 50715 | D10: 1 | F10: 1 | I10: 1 | K10: =IF(AND(I10<>"",J10<>""),"PADD 2023 Y 2024",IF(I10<>"","SOLO 2023",IF(J10<>"","SOLO 2024","NO PARTICIPÓ"))) -> SOLO 2023 | L10: 50715 Llachi
A11: CUSCO - 44 | B11: 50765 | D11: 1 | F11: 1 | I11: 1 | K11: =IF(AND(I11<>"",J11<>""),"PADD 2023 Y 2024",IF(I11<>"","SOLO 2023",IF(J11<>"","SOLO 2024","NO PARTICIPÓ"))) -> SOLO 2023 | L11: 50765 Sallicancha
A12: CUSCO - 44 | B12: 50796 | D12: 1 | F12: 1 | I12: 1 | K12: =IF(AND(I12<>"",J12<>""),"PADD 2023 Y 2024",IF(I12<>"","SOLO 2023",IF(J12<>"","SOLO 2024","NO PARTICIPÓ"))) -> SOLO 2023 | L12: 50796 Yanacancha
A13: CUSCO - 44 | B13: 50495 | D13: 1 | F13: 1 | I13: 1 | K13: =IF(AND(I13<>"",J13<>""),"PADD 2023 Y 2024",IF(I13<>"","SOLO 2023",IF(J13<>"","SOLO 2024","NO PARTICIPÓ"))) -> SOLO 2023 | L13: 50495 Ccapana
A14: CUSCO - 44 | B14: 50536 | C14: 1 | E14: 1 | K14: =IF(AND(I14<>"",J14<>""),"PADD 2023 Y 2024",IF(I14<>"","SOLO 2023",IF(J14<>"","SOLO 2024","NO PARTICIPÓ"))) -> NO PARTICIPÓ | L14: 50536 Ccoñamuro
A15: CUSCO - 44 | B15: 50547 | D15: 1 | F15: 1 | I15: 1 | K15: =IF(AND(I15<>"",J15<>""),"PADD 2023 Y 2024",IF(I15<>"","SOLO 2023",IF(J15<>"","SOLO 2024","NO PARTICIPÓ"))) -> SOLO 2023 | L15: 50547 Accocunca
A16: CUSCO - 44 | B16: 50553 | D16: 1 | F16: 1 | I16: 1 | K16: =IF(AND(I16<>"",J16<>""),"PADD 2023 Y 2024",IF(I16<>"","SOLO 2023",IF(J16<>"","SOLO 2024","NO PARTICIPÓ"))) -> SOLO 2023 | L16: 50553 Marampaqui
A17: CUSCO - 44 | B17: 50912 | C17: 1 | E17: 1 | K17: =IF(AND(I17<>"",J17<>""),"PADD 2023 Y 2024",IF(I17<>"","SOLO 2023",IF(J17<>"","SOLO 2024","NO PARTICIPÓ"))) -> NO PARTICIPÓ | L17: 50912 Cuyuni
A18: CUSCO - 44 | B18: 50977 | D18: 1 | F18: 1 | I18: 1 | K18: =IF(AND(I18<>"",J18<>""),"PADD 2023 Y 2024",IF(I18<>"","SOLO 2023",IF(J18<>"","SOLO 2024","NO PARTICIPÓ"))) -> SOLO 2023 | L18: 50977 Andamayo
A19: CUSCO - 44 | B19: 501432 PAPA FRANCISCO I | C19: 1 | D19: 1 | E19: 1 | F19: 1 | I19: 1 | J19: 1 | K19: =IF(AND(I19<>"",J19<>""),"PADD 2023 Y 2024",IF(I19<>"","SOLO 2023",IF(J19<>"","SOLO 2024","NO PARTICIPÓ"))) -> PADD 2023 Y 2024 | L19: 501432 PAPA FRANCISCO I - Kumuncancha
A20: CUSCO - 44 | B20: ALMIRANTE MIGUEL GRAU SEMINARIO | C20: 1 | E20: 1 | K20: =IF(AND(I20<>"",J20<>""),"PADD 2023 Y 2024",IF(I20<>"","SOLO 2023",IF(J20<>"","SOLO 2024","NO PARTICIPÓ"))) -> NO PARTICIPÓ | L20: ALMIRANTE MIGUEL GRAU SEMINARIO
A21: IQUITOS - 47 | B21: #NUM! | C21: 1 | D21: 1 | E21: 1 | F21: 1 | G21: 1 | H21: 1 | I21: 1 | J21: 1 | K21: =IF(AND(I21<>"",J21<>""),"PADD 2023 Y 2024",IF(I21<>"","SOLO 2023",IF(J21<>"","SOLO 2024","NO PARTICIPÓ"))) -> PADD 2023 Y 2024 | L21: El Milagro
A22: IQUITOS - 47 | B22: 601448 | C22: 1 | D22: 1 | E22: 1 | F22: 1 | G22: 1 | H22: 1 | I22: 1 | J22: 1 | K22: =IF(AND(I22<>"",J22<>""),"PADD 2023 Y 2024",IF(I22<>"","SOLO 2023",IF(J22<>"","SOLO 2024","NO PARTICIPÓ"))) -> PADD 2023 Y 2024 | L22: 601448
A23: IQUITOS - 47 | B23: 601614 | D23: 1 | F23: 1 | H23: 1 | I23: 1 | J23: 1 | K23: =IF(AND(I23<>"",J23<>""),"PADD 2023 Y 2024",IF(I23<>"","SOLO 2023",IF(J23<>"","SOLO 2024","NO PARTICIPÓ"))) -> PADD 2023 Y 2024 | L23: 601614
A24: IQUITOS - 47 | B24: 601514 | D24: 1 | F24: 1 | H24: 1 | I24: 1 | K24: =IF(AND(I24<>"",J24<>""),"PADD 2023 Y 2024",IF(I24<>"","SOLO 2023",IF(J24<>"","SOLO 2024","NO PARTICIPÓ"))) -> SOLO 2023 | L24: 601514
A25: IQUITOS - 47 | B25: 601331 | C25: 1 | D25: 1 | E25: 1 | F25: 1 | G25: 1 | H25: 1 | I25: 1 | K25: =IF(AND(I25<>"",J25<>""),"PADD 2023 Y 2024",IF(I25<>"","SOLO 2023",IF(J25<>"","SOLO 2024","NO PARTICIPÓ"))) -> SOLO 2023 | L25: 601331
A26: IQUITOS - 47 | B26: 6010230 BARBARA D'ACHILLE | C26: 1 | D26: 1 | E26: 1 | F26: 1 | G26: 1 | H26: 1 | I26: 1 | J26: 1 | K26: =IF(AND(I26<>"",J26<>""),"PADD 2023 Y 2024",IF(I26<>"","SOLO 2023",IF(J26<>"","SOLO 2024","NO PARTICIPÓ"))) -> PADD 2023 Y 2024 | L26: 6010230 BARBARA D'ACHILLE
A27: IQUITOS - 47 | B27: 60133 | C27: 1 | D27: 1 | E27: 1 | F27: 1 | G27: 1 | H27: 1 | I27: 1 | J27: 1 | K27: =IF(AND(I27<>"",J27<>""),"PADD 2023 Y 2024",IF(I27<>"","SOLO 2023",IF(J27<>"","SOLO 2024","NO PARTICIPÓ"))) -> PADD 2023 Y 2024 | L27: 60133
A28: IQUITOS - 47 | B28: 60136 | J28: 1 | K28: =IF(AND(I28<>"",J28<>""),"PADD 2023 Y 2024",IF(I28<>"","SOLO 2023",IF(J28<>"","SOLO 2024","NO PARTICIPÓ"))) -> SOLO 2024 | L28: 60136
A29: IQUITOS - 47 | B29: 60181 | J29: 1 | K29: =IF(AND(I29<>"",J29<>""),"PADD 2023 Y 2024",IF(I29<>"","SOLO 2023",IF(J29<>"","SOLO 2024","NO PARTICIPÓ"))) -> SOLO 2024 | L29: 60181
A30: IQUITOS - 47 | B30: 601330 | J30: 1 | K30: =IF(AND(I30<>"",J30<>""),"PADD 2023 Y 2024",IF(I30<>"","SOLO 2023",IF(J30<>"","SOLO 2024","NO PARTICIPÓ"))) -> SOLO 2024 | L30: 601330
A31: IQUITOS - 47 | B31: 601391 | J31: 1 | K31: =IF(AND(I31<>"",J31<>""),"PADD 2023 Y 2024",IF(I31<>"","SOLO 2023",IF(J31<>"","SOLO 2024","NO PARTICIPÓ"))) -> SOLO 2024 | L31: 601391
A32: IQUITOS - 47 | B32: 601444 | J32: 1 | K32: =IF(AND(I32<>"",J32<>""),"PADD 2023 Y 2024",IF(I32<>"","SOLO 2023",IF(J32<>"","SOLO 2024","NO PARTICIPÓ"))) -> SOLO 2024 | L32: 601444
A33: IQUITOS - 47 | B33: 601511 | J33: 1 | K33: =IF(AND(I33<>"",J33<>""),"PADD 2023 Y 2024",IF(I33<>"","SOLO 2023",IF(J33<>"","SOLO 2024","NO PARTICIPÓ"))) -> SOLO 2024 | L33: 601511
A34: IQUITOS - 47 | B34: 601563 | J34: 1 | K34: =IF(AND(I34<>"",J34<>""),"PADD 2023 Y 2024",IF(I34<>"","SOLO 2023",IF(J34<>"","SOLO 2024","NO PARTICIPÓ"))) -> SOLO 2024 | L34: 601563
A35: IQUITOS - 47 | B35: 601570 | J35: 1 | K35: =IF(AND(I35<>"",J35<>""),"PADD 2023 Y 2024",IF(I35<>"","SOLO 2023",IF(J35<>"","SOLO 2024","NO PARTICIPÓ"))) -> SOLO 2024 | L35: 601570
A36: IQUITOS - 47 | B36: 601571 | J36: 1 | K36: =IF(AND(I36<>"",J36<>""),"PADD 2023 Y 2024",IF(I36<>"","SOLO 2023",IF(J36<>"","SOLO 2024","NO PARTICIPÓ"))) -> SOLO 2024 | L36: 601571
A37: IQUITOS - 47 | B37: 601580 | J37: 1 | K37: =IF(AND(I37<>"",J37<>""),"PADD 2023 Y 2024",IF(I37<>"","SOLO 2023",IF(J37<>"","SOLO 2024","NO PARTICIPÓ"))) -> SOLO 2024 | L37: 601580
A38: IQUITOS - 47 | B38: 601678 | J38: 1 | K38: =IF(AND(I38<>"",J38<>""),"PADD 2023 Y 2024",IF(I38<>"","SOLO 2023",IF(J38<>"","SOLO 2024","NO PARTICIPÓ"))) -> SOLO 2024 | L38: 601678
A39: IQUITOS - 47 | B39: 6010102 | J39: 1 | K39: =IF(AND(I39<>"",J39<>""),"PADD 2023 Y 2024",IF(I39<>"","SOLO 2023",IF(J39<>"","SOLO 2024","NO PARTICIPÓ"))) -> SOLO 2024 | L39: 6010102
... A41: IQUITOS - 47 | B41: 6010231 | J41: 1 | K41: =IF(AND(I41<>"",J41<>""),"PADD 2023 Y 2024",IF(I41<>"","SOLO 2023",IF(J41<>"","SOLO 2024","NO PARTICIPÓ"))) -> SOLO 2024 | L41: 6010231
A42: IQUITOS - 47 | B42: 405 | I42: 1 | K42: =IF(AND(I42<>"",J42<>""),"PADD 2023 Y 2024",IF(I42<>"","SOLO 2023",IF(J42<>"","SOLO 2024","NO PARTICIPÓ"))) -> SOLO 2023 | L42: 405
A43: IQUITOS - 47 | B43: 536 | I43: 1 | K43: =IF(AND(I43<>"",J43<>""),"PADD 2023 Y 2024",IF(I43<>"","SOLO 2023",IF(J43<>"","SOLO 2024","NO PARTICIPÓ"))) -> SOLO 2023 | L43: 536 MI CASITA DEL SABER
A44: IQUITOS - 47 | B44: 604 | I44: 1 | K44: =IF(AND(I44<>"",J44<>""),"PADD 2023 Y 2024",IF(I44<>"","SOLO 2023",IF(J44<>"","SOLO 2024","NO PARTICIPÓ"))) -> SOLO 2023 | L44: 604
A45: IQUITOS - 47 | B45: 678 | I45: 1 | K45: =IF(AND(I45<>"",J45<>""),"PADD 2023 Y 2024",IF(I45<>"","SOLO 2023",IF(J45<>"","SOLO 2024","NO PARTICIPÓ"))) -> SOLO 2023 | L45: 678
A46: IQUITOS - 47 | B46: 811 | I46: 1 | K46: =IF(AND(I46<>"",J46<>""),"PADD 2023 Y 2024",IF(I46<>"","SOLO 2023",IF(J46<>"","SOLO 2024","NO PARTICIPÓ"))) -> SOLO 2023 | L46: 811
A47: PIURA - 48 | B47: 15374 | C47: 1 | D47: 1 | E47: 1 | F47: 1 | I47: 1 | K47: =IF(AND(I47<>"",J47<>""),"PADD 2023 Y 2024",IF(I47<>"","SOLO 2023",IF(J47<>"","SOLO 2024","NO PARTICIPÓ"))) -> SOLO 2023 | L47: IE 15374 Sagrado Corazón de Jesús - Pueblo libre
A48: PIURA - 48 | B48: 14145 SANTA JULIA BILLIART | C48: 1 | D48: 1 | E48: 1 | F48: 1 | H48: 1 | I48: 1 | K48: =IF(AND(I48<>"",J48<>""),"PADD 2023 Y 2024",IF(I48<>"","SOLO 2023",IF(J48<>"","SOLO 2024","NO PARTICIPÓ"))) -> SOLO 2023 | L48: IE 14145 Santa Julia Billiart
A49: PIURA - 48 | B49: 14144 SANTA ROSA | C49: 1 | D49: 1 | E49: 1 | F49: 1 | H49: 1 | I49: 1 | K49: =IF(AND(I49<>"",J49<>""),"PADD 2023 Y 2024",IF(I49<>"","SOLO 2023",IF(J49<>"","SOLO 2024","NO PARTICIPÓ"))) -> SOLO 2023 | L49: IE 14144 Santa Rosa
A50: PIURA - 48 | B50: 14894 | C50: 1 | E50: 1 | J50: 1 | K50: =IF(AND(I50<>"",J50<>""),"PADD 2023 Y 2024",IF(I50<>"","SOLO 2023",IF(J50<>"","SOLO 2024","NO PARTICIPÓ"))) -> SOLO 2024 | L50: I.E.N° 14894 - TOTORAL ALTO
A51: PIURA - 48 | B51: 14975 | D51: 1 | F51: 1 | H51: 1 | I51: 1 | J51: 1 | K51: =IF(AND(I51<>"",J51<>""),"PADD 2023 Y 2024",IF(I51<>"","SOLO 2023",IF(J51<>"","SOLO 2024","NO PARTICIPÓ"))) -> PADD 2023 Y 2024 | L51: 14975 - EL CARBÓN
A52: PIURA - 48 | B52: 15219 | D52: 1 | F52: 1 | H52: 1 | I52: 1 | K52: =IF(AND(I52<>"",J52<>""),"PADD 2023 Y 2024",IF(I52<>"","SOLO 2023",IF(J52<>"","SOLO 2024","NO PARTICIPÓ"))) -> SOLO 2023 | L52: 15219 Tinajones
A53: PIURA - 48 | B53: 15478 | D53: 1 | F53: 1 | H53: 1 | I53: 1 | J53: 1 | K53: =IF(AND(I53<>"",J53<>""),"PADD 2023 Y 2024",IF(I53<>"","SOLO 2023",IF(J53<>"","SOLO 2024","NO PARTICIPÓ"))) -> PADD 2023 Y 2024 | L53: 15478 CERRO DE LEONES
A54: PIURA - 48 | B54: 15383 | D54: 1 | F54: 1 | H54: 1 | I54: 1 | J54: 1 | K54: =IF(AND(I54<>"",J54<>""),"PADD 2023 Y 2024",IF(I54<>"","SOLO 2023",IF(J54<>"","SOLO 2024","NO PARTICIPÓ"))) -> PADD 2023 Y 2024 | L54: 15383 TOTORAL BAJO
A55: PIURA - 48 | B55: 14045 | D55: 1 | F55: 1 | H55: 1 | I55: 1 | K55: =IF(AND(I55<>"",J55<>""),"PADD 2023 Y 2024",IF(I55<>"","SOLO 2023",IF(J55<>"","SOLO 2024","NO PARTICIPÓ"))) -> SOLO 2023 | L55: 14045 Miraflores Bajo
A56: PIURA - 48 | B56: 20104 | D56: 1 | F56: 1 | H56: 1 | I56: 1 | J56: 1 | K56: =IF(AND(I56<>"",J56<>""),"PADD 2023 Y 2024",IF(I56<>"","SOLO 2023",IF(J56<>"","SOLO 2024","NO PARTICIPÓ"))) -> PADD 2023 Y 2024 | L56: 20104 CP-8 "Esperanza de Mi Cautivo"
A57: PIURA - 48 | B57: 15304 | D57: 1 | F57: 1 | H57: 1 | I57: 1 | K57: =IF(AND(I57<>"",J57<>""),"PADD 2023 Y 2024",IF(I57<>"","SOLO 2023",IF(J57<>"","SOLO 2024","NO PARTICIPÓ"))) -> SOLO 2023 | L57: 15304 Guaraguaos B
A58: PIURA - 48 | B58: 20123 | D58: 1 | F58: 1 | H58: 1 | I58: 1 | K58: =IF(AND(I58<>"",J58<>""),"PADD 2023 Y 2024",IF(I58<>"","SOLO 2023",IF(J58<>"","SOLO 2024","NO PARTICIPÓ"))) -> SOLO 2023 | L58: 20123 Cruce de Vega
A59: PIURA - 48 | B59: 14141 | D59: 1 | F59: 1 | H59: 1 | I59: 1 | J59: 1 | K59: =IF(AND(I59<>"",J59<>""),"PADD 2023 Y 2024",IF(I59<>"","SOLO 2023",IF(J59<>"","SOLO 2024","NO PARTICIPÓ"))) -> PADD 2023 Y 2024 | L59: 14141 PUEBLO NUEVO
A60: PIURA - 48 | B60: 15220 | D60: 1 | F60: 1 | H60: 1 | I60: 1 | K60: =IF(AND(I60<>"",J60<>""),"PADD 2023 Y 2024",IF(I60<>"","SOLO 2023",IF(J60<>"","SOLO 2024","NO PARTICIPÓ"))) -> SOLO 2023 | L60: 15220 Miraflores Alto
A61: PIURA - 48 | B61: 14924 DANIEL ALCIDES CARRION | D61: 1 | F61: 1 | H61: 1 | I61: 1 | J61: 1 | K61: =IF(AND(I61<>"",J61<>""),"PADD 2023 Y 2024",IF(I61<>"","SOLO 2023",IF(J61<>"","SOLO 2024","NO PARTICIPÓ"))) -> PADD 2023 Y 2024 | L61: 14924 - DANIEL ALCIDES CARRIÓN
A62: PIURA - 48 | B62: 910 | J62: 1 | K62: =IF(AND(I62<>"",J62<>""),"PADD 2023 Y 2024",IF(I62<>"","SOLO 2023",IF(J62<>"","SOLO 2024","NO PARTICIPÓ"))) -> SOLO 2024 | L62: I.E. 910 LOS ZAPATAS
A63: PIURA - 48 | B63: 058 | J63: 1 | K63: =IF(AND(I63<>"",J63<>""),"PADD 2023 Y 2024",IF(I63<>"","SOLO 2023",IF(J63<>"","SOLO 2024","NO PARTICIPÓ"))) -> SOLO 2024 | L63: I.E. N° 058 - PUEBLO LIBRE
A64: PIURA - 48 | B64: 1419 | J64: 1 | K64: =IF(AND(I64<>"",J64<>""),"PADD 2023 Y 2024",IF(I64<>"","SOLO 2023",IF(J64<>"","SOLO 2024","NO PARTICIPÓ"))) -> SOLO 2024 | L64: I.E. N° 1419 - CRUCE DE VEGA
A65: PIURA - 48 | B65: 1559 | J65: 1 | K65: =IF(AND(I65<>"",J65<>""),"PADD 2023 Y 2024",IF(I65<>"","SOLO 2023",IF(J65<>"","SOLO 2024","NO PARTICIPÓ"))) -> SOLO 2024 | L65: I.E. N° 1559 - MANCO CÁPAC
A66: PIURA - 48 | B66: 489 | J66: 1 | K66: =IF(AND(I66<>"",J66<>""),"PADD 2023 Y 2024",IF(I66<>"","SOLO 2023",IF(J66<>"","SOLO 2024","NO PARTICIPÓ"))) -> SOLO 2024 | L66: I.E. N° 489 - JOSÉ MARÍA VELAZ - GUARAGUAOS BAJO
A67: PIURA - 48 | B67: 732 | J67: 1 | K67: =IF(AND(I67<>"",J67<>""),"PADD 2023 Y 2024",IF(I67<>"","SOLO 2023",IF(J67<>"","SOLO 2024","NO PARTICIPÓ"))) -> SOLO 2024 | L67: I.E. N° 732 VIRGEN DE MONSERRAT - PALOMINOS
A68: PIURA - 48 | B68: 1341 | J68: 1 | K68: =IF(AND(I68<>"",J68<>""),"PADD 2023 Y 2024",IF(I68<>"","SOLO 2023",IF(J68<>"","SOLO 2024","NO PARTICIPÓ"))) -> SOLO 2024 | L68: I.E. N°1341 - CP-8
A69: PIURA - 48 | B69: 469 | J69: 1 | K69: =IF(AND(I69<>"",J69<>""),"PADD 2023 Y 2024",IF(I69<>"","SOLO 2023",IF(J69<>"","SOLO 2024","NO PARTICIPÓ"))) -> SOLO 2024 | L69: I.E.N° 469 - TEJEDORES BAJO
A70: PIURA - 48 | B70: 909 - BELLO HORIZONTE | J70: 1 | K70: =IF(AND(I70<>"",J70<>""),"PADD 2023 Y 2024",IF(I70<>"","SOLO 2023",IF(J70<>"","SOLO 2024","NO PARTICIPÓ"))) -> SOLO 2024 | L70: I.E.N° 909 - BELLO HORIZONTE
A71: PIURA - 48 | B71: 1558 - MONTEVERDE ALTO | J71: 1 | K71: =IF(AND(I71<>"",J71<>""),"PADD 2023 Y 2024",IF(I71<>"","SOLO 2023",IF(J71<>"","SOLO 2024","NO PARTICIPÓ"))) -> SOLO 2024 | L71: I.E.N°1558 - MONTEVERDE ALTO
A72: ANCASH - 54 | B72: 692 - Cajay | J72: 1 | K72: =IF(AND(I72<>"",J72<>""),"PADD 2023 Y 2024",IF(I72<>"","SOLO 2023",IF(J72<>"","SOLO 2024","NO PARTICIPÓ"))) -> SOLO 2024 | L72: 692 - Cajay
A73: ANCASH - 54 | B73: 86548 JOSE MARIA VELAZ | C73: 1 | D73: 1 | E73: 1 | F73: 1 | G73: 1 | H73: 1 | I73: 1 | J73: 1 | K73: =IF(AND(I73<>"",J73<>""),"PADD 2023 Y 2024",IF(I73<>"","SOLO 2023",IF(J73<>"","SOLO 2024","NO PARTICIPÓ"))) -> PADD 2023 Y 2024 | L73: 86548 "José María Velaz" Pichiu
A74: ANCASH - 54 | B74: 86769 ABRAHAM VALDELOMAR | C74: 1 | E74: 1 | G74: 1 | J74: 1 | K74: =IF(AND(I74<>"",J74<>""),"PADD 2023 Y 2024",IF(I74<>"","SOLO 2023",IF(J74<>"","SOLO 2024","NO PARTICIPÓ"))) -> SOLO 2024 | L74: 86769 "Abraham Valdelomar" Huáscar
A75: ANCASH - 54 | B75: 87009-01 | J75: 1 | K75: =IF(AND(I75<>"",J75<>""),"PADD 2023 Y 2024",IF(I75<>"","SOLO 2023",IF(J75<>"","SOLO 2024","NO PARTICIPÓ"))) -> SOLO 2024 | L75: 87009-01 Huanchuy
A76: ANCASH - 54 | B76: 88247 SAN ENRIQUE | D76: 1 | F76: 1 | H76: 1 | I76: 1 | J76: 1 | K76: =IF(AND(I76<>"",J76<>""),"PADD 2023 Y 2024",IF(I76<>"","SOLO 2023",IF(J76<>"","SOLO 2024","NO PARTICIPÓ"))) -> PADD 2023 Y 2024 | L76: 88247 San Enrique de Capan
A77: ANCASH - 54 | B77: 88327 | C77: 1 | E77: 1 | G77: 1 | I77: 1 | J77: 1 | K77: =IF(AND(I77<>"",J77<>""),"PADD 2023 Y 2024",IF(I77<>"","SOLO 2023",IF(J77<>"","SOLO 2024","NO PARTICIPÓ"))) -> PADD 2023 Y 2024 | L77: 88327 Carap
A78: ANCASH - 54 | B78: 86809 | C78: 1 | D78: 1 | E78: 1 | F78: 1 | G78: 1 | H78: 1 | I78: 1 | K78: =IF(AND(I78<>"",J78<>""),"PADD 2023 Y 2024",IF(I78<>"","SOLO 2023",IF(J78<>"","SOLO 2024","NO PARTICIPÓ"))) -> SOLO 2023 | L78: 86809 Huarac- huarán
A79: ANCASH - 54 | B79: 88225 CAPTUY | C79: 1 | E79: 1 | G79: 1 | K79: =IF(AND(I79<>"",J79<>""),"PADD 2023 Y 2024",IF(I79<>"","SOLO 2023",IF(J79<>"","SOLO 2024","NO PARTICIPÓ"))) -> NO PARTICIPÓ | L79: Captuy
A80: UCAYALI - 72 | B80: 64028 | C80: 1 | D80: 1 | E80: 1 | F80: 1 | G80: 1 | H80: 1 | I80: 1 | J80: 1 | K80: =IF(AND(I80<>"",J80<>""),"PADD 2023 Y 2024",IF(I80<>"","SOLO 2023",IF(J80<>"","SOLO 2024","NO PARTICIPÓ"))) -> PADD 2023 Y 2024 | L80: 64028 Mazaray
A81: UCAYALI - 72 | B81: 64048 | C81: 1 | E81: 1 | G81: 1 | J81: 1 | K81: =IF(AND(I81<>"",J81<>""),"PADD 2023 Y 2024",IF(I81<>"","SOLO 2023",IF(J81<>"","SOLO 2024","NO PARTICIPÓ"))) -> SOLO 2024 | L81: 64048 Nueva Barranca
A82: UCAYALI - 72 | B82: 64508-B | I82: 1 | J82: 1 | K82: =IF(AND(I82<>"",J82<>""),"PADD 2023 Y 2024",IF(I82<>"","SOLO 2023",IF(J82<>"","SOLO 2024","NO PARTICIPÓ"))) -> PADD 2023 Y 2024 | L82: 64508-B Santa Isabel de Bahuanisho
A83: UCAYALI - 72 | B83: 64545-B | J83: 1 | K83: =IF(AND(I83<>"",J83<>""),"PADD 2023 Y 2024",IF(I83<>"","SOLO 2023",IF(J83<>"","SOLO 2024","NO PARTICIPÓ"))) -> SOLO 2024 | L83: 64545-B Puerto Consuelo
A84: UCAYALI - 72 | B84: 64829 | C84: 1 | E84: 1 | G84: 1 | I84: 1 | J84: 1 | K84: =IF(AND(I84<>"",J84<>""),"PADD 2023 Y 2024",IF(I84<>"","SOLO 2023",IF(J84<>"","SOLO 2024","NO PARTICIPÓ"))) -> PADD 2023 Y 2024 | L84: 64829 Villa Esther
A85: UCAYALI - 72 | B85: 64871-B | D85: 1 | F85: 1 | H85: 1 | I85: 1 | J85: 1 | K85: =IF(AND(I85<>"",J85<>""),"PADD 2023 Y 2024",IF(I85<>"","SOLO 2023",IF(J85<>"","SOLO 2024","NO PARTICIPÓ"))) -> PADD 2023 Y 2024 | L85: 64871-B Santa Martha
A86: UCAYALI - 72 | B86: 64873-B | I86: 1 | J86: 1 | K86: =IF(AND(I86<>"",J86<>""),"PADD 2023 Y 2024",IF(I86<>"","SOLO 2023",IF(J86<>"","SOLO 2024","NO PARTICIPÓ"))) -> PADD 2023 Y 2024 | L86: 64873-B Santa Elisa
A87: UCAYALI - 72 | B87: 64949 | J87: 1 | K87: =IF(AND(I87<>"",J87<>""),"PADD 2023 Y 2024",IF(I87<>"","SOLO 2023",IF(J87<>"","SOLO 2024","NO PARTICIPÓ"))) -> SOLO 2024 | L87: 64949 Isla Primavera
A88: UCAYALI - 72 | B88: 65199 | C88: 1 | E88: 1 | G88: 1 | J88: 1 | K88: =IF(AND(I88<>"",J88<>""),"PADD 2023 Y 2024",IF(I88<>"","SOLO 2023",IF(J88<>"","SOLO 2024","NO PARTICIPÓ"))) -> SOLO 2024 | L88: 65199 3 de Mayo
A89: UCAYALI - 72 | B89: 64996 | D89: 1 | F89: 1 | H89: 1 | I89: 1 | K89: =IF(AND(I89<>"",J89<>""),"PADD 2023 Y 2024",IF(I89<>"","SOLO 2023",IF(J89<>"","SOLO 2024","NO PARTICIPÓ"))) -> SOLO 2023 | L89: 64996 Libertad
A90: UCAYALI - 72 | B90: 64641 | D90: 1 | F90: 1 | H90: 1 | I90: 1 | K90: =IF(AND(I90<>"",J90<>""),"PADD 2023 Y 2024",IF(I90<>"","SOLO 2023",IF(J90<>"","SOLO 2024","NO PARTICIPÓ"))) -> SOLO 2023 | L90: 64641 Nueva Alianza
A91: UCAYALI - 72 | B91: 64346 | C91: 1 | D91: 1 | E91: 1 | F91: 1 | G91: 1 | H91: 1 | I91: 1 | K91: =IF(AND(I91<>"",J91<>""),"PADD 2023 Y 2024",IF(I91<>"","SOLO 2023",IF(J91<>"","SOLO 2024","NO PARTICIPÓ"))) -> SOLO 2023 | L91: 64346 Miraflores
A92: UCAYALI - 72 | B92: 64155 | C92: 1 | D92: 1 | E92: 1 | F92: 1 | G92: 1 | H92: 1 | K92: =IF(AND(I92<>"",J92<>""),"PADD 2023 Y 2024",IF(I92<>"","SOLO 2023",IF(J92<>"","SOLO 2024","NO PARTICIPÓ"))) -> NO PARTICIPÓ | L92: 64155 Bagazan
A93: UCAYALI - 72 | B93: 525-B Santa Elisa | I93: 1 | K93: =IF(AND(I93<>"",J93<>""),"PADD 2023 Y 2024",IF(I93<>"","SOLO 2023",IF(J93<>"","SOLO 2024","NO PARTICIPÓ"))) -> SOLO 2023 | L93: 525-B Santa Elisa
A94: UCAYALI - 72 | B94: 555-B | I94: 1 | K94: =IF(AND(I94<>"",J94<>""),"PADD 2023 Y 2024",IF(I94<>"","SOLO 2023",IF(J94<>"","SOLO 2024","NO PARTICIPÓ"))) -> SOLO 2023 | L94: 555-B Santa Martha
A95: UCAYALI - 72 | B95: 564 Nueva Barranca | I95: 1 | K95: =IF(AND(I95<>"",J95<>""),"PADD 2023 Y 2024",IF(I95<>"","SOLO 2023",IF(J95<>"","SOLO 2024","NO PARTICIPÓ"))) -> SOLO 2023 | L95: 564 Nueva Barranca
A96: UCAYALI - 72 | B96: 566 | I96: 1 | K96: =IF(AND(I96<>"",J96<>""),"PADD 2023 Y 2024",IF(I96<>"","SOLO 2023",IF(J96<>"","SOLO 2024","NO PARTICIPÓ"))) -> SOLO 2023 | L96: 566 Isla Primavera
A97: UCAYALI - 72 | B97: 333-B | I97: 1 | K97: =IF(AND(I97<>"",J97<>""),"PADD 2023 Y 2024",IF(I97<>"","SOLO 2023",IF(J97<>"","SOLO 2024","NO PARTICIPÓ"))) -> SOLO 2023 | L97: 333-B Santa Isabel de Bahuanisho
A98: UCAYALI - 72 | B98: 294 Mazaray | I98: 1 | K98: =IF(AND(I98<>"",J98<>""),"PADD 2023 Y 2024",IF(I98<>"","SOLO 2023",IF(J98<>"","SOLO 2024","NO PARTICIPÓ"))) -> SOLO 2023 | L98: 294 Mazaray
A99: UCAYALI - 72 | B99: 64115 | C99: 1 | E99: 1 | G99: 1 | I99: 1 | K99: =IF(AND(I99<>"",J99<>""),"PADD 2023 Y 2024",IF(I99<>"","SOLO 2023",IF(J99<>"","SOLO 2024","NO PARTICIPÓ"))) -> SOLO 2023 | L99: 64115 Nuevo Bagazan
A100: HUANCAVELICA - 79 | B100: NUESTRA SEÑORA DE LA CANDELARIA | D100: 1 | F100: 1 | H100: 1 | I100: 1 | J100: 1 | K100: =IF(AND(I100<>"",J100<>""),"PADD 2023 Y 2024",IF(I100<>"","SOLO 2023",IF(J100<>"","SOLO 2024","NO PARTICIPÓ"))) -> PADD 2023 Y 2024 | L100: Nuestra Señora de la Candelaria
A101: HUANCAVELICA - 79 | B101: 846 Huanccallaco | D101: 1 | F101: 1 | I101: 1 | K101: =IF(AND(I101<>"",J101<>""),"PADD 2023 Y 2024",IF(I101<>"","SOLO 2023",IF(J101<>"","SOLO 2024","NO PARTICIPÓ"))) -> SOLO 2023 | L101: 846 Huanccallaco
...

Sheet Procesados
C2: Grado | D2: (Varios elementos)
L3: Explicación
C4: COUNTA of R Producción de textos | D4: Año | L4: =callGemini("redacta una oracion explicando esta tabla: "&CONCATENATE(C4:D8)&"se brebe, solo responde sin comentarios adicionales") -> #NAME?
C5: Sexo | D5: 2022 | E5: 2023 | F5: 2024
C6: Femenino | D6: 163 | E6: 456 | F6: 559
C7: Masculino | D7: 192 | E7: 476 | F7: 548
C8: Total general | D8: 355 | E8: 932 | F8: 1107
C11: Sexo | D11: 2024
C12: Femenino | D12: =+GETPIVOTDATA("R Producción de textos",$C$4,"Sexo","Femenino","Año","2024")/GETPIVOTDATA("R Producción de textos",$C$4,"Año","2024") -> 0.50496838
C13: Masculino | D13: =+GETPIVOTDATA("R Producción de textos",$C$4,"Sexo","Masculino","Año","2024")/GETPIVOTDATA("R Producción de textos",$C$4,"Año","2024") -> 0.49503162
C14: Suma total | D14: 1
L21: Explicación
L22: =callGemini("redacta una oracion explicando esta tabla: "&CONCATENATE(C22:D30)&"se brebe, solo responde sin comentarios adicionales") -> #NAME?
C23: COUNTA of Año | D23: Año
C24: Grado | D24: 2022 | E24: 2023 | F24: 2024
C25: 2 Primaria | D25: 24 | E25: 253 | F25: 227
C26: 2 Secundaria | D26: 108 | E26: 125 | F26: 236
C27: 4 Primaria | D27: 42 | E27: 235 | F27: 206
C28: 4 Secundaria | D28: 112 | E28: 96 | F28: 219
C29: 6 Primaria | D29: 69 | E29: 223 | F29: 219
C30: Total general | D30: 355 | E30: 932 | F30: 1107
C33: Grado | D33: 2024
C34: 2 Primaria | D34: =F25/$F$30 -> 0.20505872
C35: 2 Secundaria | D35: =F26/$F$30 -> 0.2131888
C36: 4 Primaria | D36: =F27/$F$30 -> 0.18608853
C37: 4 Secundaria | D37: =F28/$F$30 -> 0.19783198
C38: 6 Primaria | D38: =F29/$F$30 -> 0.19783198
C39: Suma total | D39: =F30/$F$30 -> 1
C42: Grado | D42: (Varios elementos)
L43: Explicación
C44: COUNTA of R Producción de textos | D44: Año | L44: =callGemini("redacta una oracion explicando la respuesta de los estudiantes a la pregunta:: "&CONCATENATE(C44:D52)&"se brebe, solo responde sin comentarios adicionales, agrega datos de la tabla en la respuesta.") -> #NAME?
C45: Región | D45: 2022 | E45: 2023 | F45: 2024
C46: 44. Cusco | F46: 41
C47: 47. Loreto | D47: 165 | E47: 311 | F47: 321
C48: 48. Piura | E48: 445 | F48: 319
C49: 54. Ancash | D49: 37 | E49: 41 | F49: 140
C50: 72. Ucayali | D50: 48 | E50: 56 | F50: 100
C51: 79. Huancavelica | D51: 105 | E51: 79 | F51: 186
C52: Total general | D52: 355 | E52: 932 | F52: 1107
C54: Región | D54: 2024
C55: 44. Cusco | D55: =F46/$F$52 -> 0.037037037
C56: 47. Loreto | D56: =F47/$F$52 -> 0.2899729
C57: 48. Piura | D57: =F48/$F$52 -> 0.28816621
C58: 54. Ancash | D58: =F49/$F$52 -> 0.12646793
C59: 72. Ucayali | D59: =F50/$F$52 -> 0.090334237
C60: 79. Huancavelica | D60: =F51/$F$52 -> 0.16802168
C61: Suma total | D61: =F52/$F$52 -> 1
C64: Año | D64: 2024
L65: Explicación
C66: COUNTA of R Producción de textos | E66: Grado | L66: =callGemini("redacta una oracion explicando la respuesta de los estudiantes a la pregunta:: "&CONCATENATE(C66:D74)&"se brebe, solo responde sin comentarios adicionales, agrega datos de la tabla en la respuesta.") -> #NAME?
C67: Región | D67: Institución Educativa | E67: 2 Primaria | F67: 2 Secundaria | G67: 4 Primaria | H67: 4 Secundaria | I67: 6 Primaria | J67: Total general
C68: 44. Cusco | D68: 501432 PAPA FRANCISCO I | F68: 17 | H68: 24 | J68: 41
C69: Total 44. Cusco | F69: 17 | H69: 24 | J69: 41
C70: 47. Loreto | D70: 6010102 | E70: 3 | G70: 5 | I70: 2 | J70: 10
D71: 6010178 | E71: 1 | I71: 1 | J71: 2
D72: 6010230 BARBARA D'ACHILLE | E72: 2 | F72: 8 | G72: 2 | H72: 3 | I72: 4 | J72: 19
D73: 6010231 | E73: 10 | F73: 23 | G73: 15 | H73: 8 | I73: 13 | J73: 69
D74: 60133 | E74: 11 | F74: 25 | G74: 11 | H74: 22 | I74: 12 | J74: 81
D75: 601331 | E75: 9 | F75: 12 | G75: 7 | H75: 11 | I75: 9 | J75: 48
D76: 60136 | E76: 1 | G76: 2 | I76: 2 | J76: 5
D77: 601391 | E77: 1 | I77: 1 | J77: 2
D78: 601444 | E78: 2 | G78: 2 | I78: 1 | J78: 5
D79: 601448 | E79: 3 | G79: 2 | I79: 2 | J79: 7
D80: 601511 | G80: 1 | I80: 2 | J80: 3
D81: 601514 | E81: 1 | G81: 1 | I81: 2 | J81: 4
D82: 601563 | E82: 1 | G82: 1 | J82: 2
D83: 601570 | E83: 2 | I83: 1 | J83: 3
D84: 601571 | E84: 2 | G84: 1 | I84: 1 | J84: 4
D85: 601580 | I85: 2 | J85: 2
D86: 601614 | E86: 1 | G86: 1 | J86: 2
D87: 601678 | G87: 1 | I87: 1 | J87: 2
D88: 60181 | E88: 1 | J88: 1
D89: EL MILAGRO | F89: 26 | H89: 24 | J89: 50
C90: Total 47. Loreto | E90: 51 | F90: 94 | G90: 52 | H90: 68 | I90: 56 | J90: 321
C91: 48. Piura | D91: 14045 | E91: 2 | G91: 2 | I91: 1 | J91: 5
D92: 14141 | E92: 1 | G92: 1 | I92: 1 | J92: 3
D93: 14144 SANTA ROSA | E93: 25 | F93: 37 | G93: 20 | H93: 29 | I93: 24 | J93: 135
D94: 14145 SANTA JULIA BILLIART | E94: 10 | G94: 10 | I94: 10 | J94: 30
D95: 14894 | E95: 1 | G95: 1 | J95: 2
D96: 14924 DANIEL ALCIDES CARRION | E96: 21 | G96: 22 | I96: 24 | J96: 67
D97: 14975 | E97: 5 | G97: 6 | I97: 5 | J97: 16
D98: 15219 | E98: 2 | I98: 1 | J98: 3
D99: 15220 | I99: 1 | J99: 1
D100: 15304 | E100: 4 | G100: 2 | I100: 3 | J100: 9
D101: 15374 | E101: 7 | J101: 7
D102: 15383 | G102: 1 | J102: 1
D103: 15478 | E103: 2 | G103: 1 | I103: 2 | J103: 5
D104: 20104 | E104: 5 | G104: 7 | I104: 4 | J104: 16
D105: 20123 | E105: 1 | I105: 2 | J105: 3
D106: SAGRADO CORAZON DE JESUS | G106: 7 | I106: 9 | J106: 16
C107: Total 48. Piura | E107: 86 | F107: 37 | G107: 80 | H107: 29 | I107: 87 | J107: 319
C108: 54. Ancash | D108: 86548 JOSE MARIA VELAZ | E108: 15 | F108: 20 | G108: 6 | H108: 21 | I108: 12 | J108: 74
D109: 86769 ABRAHAM VALDELOMAR | E109: 7 | F109: 4 | G109: 5 | H109: 5 | I109: 5 | J109: 26
D110: 86809 | E110: 1 | G110: 4 | I110: 2 | J110: 7
D111: 88247 SAN ENRIQUE | E111: 6 | G111: 8 | I111: 5 | J111: 19
D112: 88327 | E112: 4 | G112: 7 | I112: 3 | J112: 14
C113: Total 54. Ancash | E113: 33 | F113: 24 | G113: 30 | H113: 26 | I113: 27 | J113: 140
C114: 72. Ucayali | D114: 64028 | E114: 3 | G114: 4 | I114: 4 | J114: 11
D115: 64048 | E115: 2 | G115: 2 | I115: 3 | J115: 7
D116: 64115 | E116: 3 | G116: 2 | I116: 2 | J116: 7
...

Sheet CLASFICACIÓN
A1: COUNTA of R Producción de textos | C1: Año | F1: AS | G1: A | H1: B
A2: Institución Educativa | B2: Grado | C2: 2022 | D2: 2023 | E2: 2024 | F2: CLASIFICACION | G2: ID | H2: PADD
A3: 14045 | B3: 2 Primaria | E3: 2 | F3: =IF(AND(C3<>"",D3<>"",E3<>""),"LOS 3 AÑOS", IF(AND(C3<>"",IF(AND(C3<>"",D3<>"",E3<>""),"SI","NO")<>"SI",E3<>""),"SOLO 2022 Y 2024",IF(AND(AND(C3="",D3=""),E3<>""),"SOLO 2024",IF(AND(AND(D3<>"",E3<>""),C3=""),"2023 Y 2024", IF(AND(AND(D3="",E3=""),C3<>""),"SOLO LINEA BASE", IF(AND(AND(C3="",E3=""),D3<>""),"SOLO 2023","OTROS ESCENARIOS")))))) -> SOLO 2024 | G3: =A3&B3 -> 140452 Primaria | H3: SOLO 2023
B4: 4 Primaria | E4: 2 | F4: =IF(AND(C4<>"",D4<>"",E4<>""),"LOS 3 AÑOS", IF(AND(C4<>"",IF(AND(C4<>"",D4<>"",E4<>""),"SI","NO")<>"SI",E4<>""),"SOLO 2022 Y 2024",IF(AND(AND(C4="",D4=""),E4<>""),"SOLO 2024",IF(AND(AND(D4<>"",E4<>""),C4=""),"2023 Y 2024", IF(AND(AND(D4="",E4=""),C4<>""),"SOLO LINEA BASE", IF(AND(AND(C4="",E4=""),D4<>""),"SOLO 2023","OTROS ESCENARIOS")))))) -> SOLO 2024 | G4: =A4&B4 -> 4 Primaria | H4: SOLO 2023
B5: 6 Primaria | D5: 3 | E5: 1 | F5: =IF(AND(C5<>"",D5<>"",E5<>""),"LOS 3 AÑOS", IF(AND(C5<>"",IF(AND(C5<>"",D5<>"",E5<>""),"SI","NO")<>"SI",E5<>""),"SOLO 2022 Y 2024",IF(AND(AND(C5="",D5=""),E5<>""),"SOLO 2024",IF(AND(AND(D5<>"",E5<>""),C5=""),"2023 Y 2024", IF(AND(AND(D5="",E5=""),C5<>""),"SOLO LINEA BASE", IF(AND(AND(C5="",E5=""),D5<>""),"SOLO 2023","OTROS ESCENARIOS")))))) -> 2023 Y 2024 | G5: =A5&B5 -> 6 Primaria | H5: SOLO 2023
A6: 14141 | B6: 2 Primaria | D6: 2 | E6: 1 | F6: =IF(AND(C6<>"",D6<>"",E6<>""),"LOS 3 AÑOS", IF(AND(C6<>"",IF(AND(C6<>"",D6<>"",E6<>""),"SI","NO")<>"SI",E6<>""),"SOLO 2022 Y 2024",IF(AND(AND(C6="",D6=""),E6<>""),"SOLO 2024",IF(AND(AND(D6<>"",E6<>""),C6=""),"2023 Y 2024", IF(AND(AND(D6="",E6=""),C6<>""),"SOLO LINEA BASE", IF(AND(AND(C6="",E6=""),D6<>""),"SOLO 2023","OTROS ESCENARIOS")))))) -> 2023 Y 2024 | G6: =A6&B6 -> 141412 Primaria | H6: PADD 2023 Y 2024
B7: 4 Primaria | D7: 6 | E7: 1 | F7: =IF(AND(C7<>"",D7<>"",E7<>""),"LOS 3 AÑOS", IF(AND(C7<>"",IF(AND(C7<>"",D7<>"",E7<>""),"SI","NO")<>"SI",E7<>""),"SOLO 2022 Y 2024",IF(AND(AND(C7="",D7=""),E7<>""),"SOLO 2024",IF(AND(AND(D7<>"",E7<>""),C7=""),"2023 Y 2024", IF(AND(AND(D7="",E7=""),C7<>""),"SOLO LINEA BASE", IF(AND(AND(C7="",E7=""),D7<>""),"SOLO 2023","OTROS ESCENARIOS")))))) -> 2023 Y 2024 | G7: =A7&B7 -> 4 Primaria | H7: PADD 2023 Y 2024
B8: 6 Primaria | D8: 5 | E8: 1 | F8: =IF(AND(C8<>"",D8<>"",E8<>""),"LOS 3 AÑOS", IF(AND(C8<>"",IF(AND(C8<>"",D8<>"",E8<>""),"SI","NO")<>"SI",E8<>""),"SOLO 2022 Y 2024",IF(AND(AND(C8="",D8=""),E8<>""),"SOLO 2024",IF(AND(AND(D8<>"",E8<>""),C8=""),"2023 Y 2024", IF(AND(AND(D8="",E8=""),C8<>""),"SOLO LINEA BASE", IF(AND(AND(C8="",E8=""),D8<>""),"SOLO 2023","OTROS ESCENARIOS")))))) -> 2023 Y 2024 | G8: =A8&B8 -> 6 Primaria | H8: PADD 2023 Y 2024
A9: 14144 SANTA ROSA | B9: 2 Primaria | D9: 57 | E9: 25 | F9: =IF(AND(C9<>"",D9<>"",E9<>""),"LOS 3 AÑOS", IF(AND(C9<>"",IF(AND(C9<>"",D9<>"",E9<>""),"SI","NO")<>"SI",E9<>""),"SOLO 2022 Y 2024",IF(AND(AND(C9="",D9=""),E9<>""),"SOLO 2024",IF(AND(AND(D9<>"",E9<>""),C9=""),"2023 Y 2024", IF(AND(AND(D9="",E9=""),C9<>""),"SOLO LINEA BASE", IF(AND(AND(C9="",E9=""),D9<>""),"SOLO 2023","OTROS ESCENARIOS")))))) -> 2023 Y 2024 | G9: =A9&B9 -> 14144 SANTA ROSA2 Primaria | H9: SOLO 2023
B10: 2 Secundaria | E10: 37 | F10: =IF(AND(C10<>"",D10<>"",E10<>""),"LOS 3 AÑOS", IF(AND(C10<>"",IF(AND(C10<>"",D10<>"",E10<>""),"SI","NO")<>"SI",E10<>""),"SOLO 2022 Y 2024",IF(AND(AND(C10="",D10=""),E10<>""),"SOLO 2024",IF(AND(AND(D10<>"",E10<>""),C10=""),"2023 Y 2024", IF(AND(AND(D10="",E10=""),C10<>""),"SOLO LINEA BASE", IF(AND(AND(C10="",E10=""),D10<>""),"SOLO 2023","OTROS ESCENARIOS")))))) -> SOLO 2024 | G10: =A10&B10 -> 2 Secundaria | H10: SOLO 2023
B11: 4 Primaria | D11: 80 | E11: 20 | F11: =IF(AND(C11<>"",D11<>"",E11<>""),"LOS 3 AÑOS", IF(AND(C11<>"",IF(AND(C11<>"",D11<>"",E11<>""),"SI","NO")<>"SI",E11<>""),"SOLO 2022 Y 2024",IF(AND(AND(C11="",D11=""),E11<>""),"SOLO 2024",IF(AND(AND(D11<>"",E11<>""),C11=""),"2023 Y 2024", IF(AND(AND(D11="",E11=""),C11<>""),"SOLO LINEA BASE", IF(AND(AND(C11="",E11=""),D11<>""),"SOLO 2023","OTROS ESCENARIOS")))))) -> 2023 Y 2024 | G11: =A11&B11 -> 4 Primaria | H11: SOLO 2023
B12: 4 Secundaria | E12: 29 | F12: =IF(AND(C12<>"",D12<>"",E12<>""),"LOS 3 AÑOS", IF(AND(C12<>"",IF(AND(C12<>"",D12<>"",E12<>""),"SI","NO")<>"SI",E12<>""),"SOLO 2022 Y 2024",IF(AND(AND(C12="",D12=""),E12<>""),"SOLO 2024",IF(AND(AND(D12<>"",E12<>""),C12=""),"2023 Y 2024", IF(AND(AND(D12="",E12=""),C12<>""),"SOLO LINEA BASE", IF(AND(AND(C12="",E12=""),D12<>""),"SOLO 2023","OTROS ESCENARIOS")))))) -> SOLO 2024 | G12: =A12&B12 -> 4 Secundaria | H12: SOLO 2023
B13: 6 Primaria | D13: 24 | E13: 24 | F13: =IF(AND(C13<>"",D13<>"",E13<>""),"LOS 3 AÑOS", IF(AND(C13<>"",IF(AND(C13<>"",D13<>"",E13<>""),"SI","NO")<>"SI",E13<>""),"SOLO 2022 Y 2024",IF(AND(AND(C13="",D13=""),E13<>""),"SOLO 2024",IF(AND(AND(D13<>"",E13<>""),C13=""),"2023 Y 2024", IF(AND(AND(D13="",E13=""),C13<>""),"SOLO LINEA BASE", IF(AND(AND(C13="",E13=""),D13<>""),"SOLO 2023","OTROS ESCENARIOS")))))) -> 2023 Y 2024 | G13: =A13&B13 -> 6 Primaria | H13: SOLO 2023
A14: 14145 SANTA JULIA BILLIART | B14: 2 Primaria | D14: 14 | E14: 10 | F14: =IF(AND(C14<>"",D14<>"",E14<>""),"LOS 3 AÑOS", IF(AND(C14<>"",IF(AND(C14<>"",D14<>"",E14<>""),"SI","NO")<>"SI",E14<>""),"SOLO 2022 Y 2024",IF(AND(AND(C14="",D14=""),E14<>""),"SOLO 2024",IF(AND(AND(D14<>"",E14<>""),C14=""),"2023 Y 2024", IF(AND(AND(D14="",E14=""),C14<>""),"SOLO LINEA BASE", IF(AND(AND(C14="",E14=""),D14<>""),"SOLO 2023","OTROS ESCENARIOS")))))) -> 2023 Y 2024 | G14: =A14&B14 -> 14145 SANTA JULIA BILLIART2 Primaria | H14: SOLO 2023
B15: 4 Primaria | D15: 28 | E15: 10 | F15: =IF(AND(C15<>"",D15<>"",E15<>""),"LOS 3 AÑOS", IF(AND(C15<>"",IF(AND(C15<>"",D15<>"",E15<>""),"SI","NO")<>"SI",E15<>""),"SOLO 2022 Y 2024",IF(AND(AND(C15="",D15=""),E15<>""),"SOLO 2024",IF(AND(AND(D15<>"",E15<>""),C15=""),"2023 Y 2024", IF(AND(AND(D15="",E15=""),C15<>""),"SOLO LINEA BASE", IF(AND(AND(C15="",E15=""),D15<>""),"SOLO 2023","OTROS ESCENARIOS")))))) -> 2023 Y 2024 | G15: =A15&B15 -> 4 Primaria | H15: SOLO 2023
B16: 6 Primaria | D16: 30 | E16: 10 | F16: =IF(AND(C16<>"",D16<>"",E16<>""),"LOS 3 AÑOS", IF(AND(C16<>"",IF(AND(C16<>"",D16<>"",E16<>""),"SI","NO")<>"SI",E16<>""),"SOLO 2022 Y 2024",IF(AND(AND(C16="",D16=""),E16<>""),"SOLO 2024",IF(AND(AND(D16<>"",E16<>""),C16=""),"2023 Y 2024", IF(AND(AND(D16="",E16=""),C16<>""),"SOLO LINEA BASE", IF(AND(AND(C16="",E16=""),D16<>""),"SOLO 2023","OTROS ESCENARIOS")))))) -> 2023 Y 2024 | G16: =A16&B16 -> 6 Primaria | H16: SOLO 2023
A17: 14894 | B17: 2 Primaria | E17: 1 | F17: =IF(AND(C17<>"",D17<>"",E17<>""),"LOS 3 AÑOS", IF(AND(C17<>"",IF(AND(C17<>"",D17<>"",E17<>""),"SI","NO")<>"SI",E17<>""),"SOLO 2022 Y 2024",IF(AND(AND(C17="",D17=""),E17<>""),"SOLO 2024",IF(AND(AND(D17<>"",E17<>""),C17=""),"2023 Y 2024", IF(AND(AND(D17="",E17=""),C17<>""),"SOLO LINEA BASE", IF(AND(AND(C17="",E17=""),D17<>""),"SOLO 2023","OTROS ESCENARIOS")))))) -> SOLO 2024 | G17: =A17&B17 -> 148942 Primaria | H17: SOLO 2024
B18: 4 Primaria | E18: 1 | F18: =IF(AND(C18<>"",D18<>"",E18<>""),"LOS 3 AÑOS", IF(AND(C18<>"",IF(AND(C18<>"",D18<>"",E18<>""),"SI","NO")<>"SI",E18<>""),"SOLO 2022 Y 2024",IF(AND(AND(C18="",D18=""),E18<>""),"SOLO 2024",IF(AND(AND(D18<>"",E18<>""),C18=""),"2023 Y 2024", IF(AND(AND(D18="",E18=""),C18<>""),"SOLO LINEA BASE", IF(AND(AND(C18="",E18=""),D18<>""),"SOLO 2023","OTROS ESCENARIOS")))))) -> SOLO 2024 | G18: =A18&B18 -> 4 Primaria | H18: SOLO 2024
A19: 14924 DANIEL ALCIDES CARRION | B19: 2 Primaria | D19: 55 | E19: 21 | F19: =IF(AND(C19<>"",D19<>"",E19<>""),"LOS 3 AÑOS", IF(AND(C19<>"",IF(AND(C19<>"",D19<>"",E19<>""),"SI","NO")<>"SI",E19<>""),"SOLO 2022 Y 2024",IF(AND(AND(C19="",D19=""),E19<>""),"SOLO 2024",IF(AND(AND(D19<>"",E19<>""),C19=""),"2023 Y 2024", IF(AND(AND(D19="",E19=""),C19<>""),"SOLO LINEA BASE", IF(AND(AND(C19="",E19=""),D19<>""),"SOLO 2023","OTROS ESCENARIOS")))))) -> 2023 Y 2024 | G19: =A19&B19 -> 14924 DANIEL ALCIDES CARRION2 Primaria | H19: PADD 2023 Y 2024
B20: 4 Primaria | E20: 22 | F20: =IF(AND(C20<>"",D20<>"",E20<>""),"LOS 3 AÑOS", IF(AND(C20<>"",IF(AND(C20<>"",D20<>"",E20<>""),"SI","NO")<>"SI",E20<>""),"SOLO 2022 Y 2024",IF(AND(AND(C20="",D20=""),E20<>""),"SOLO 2024",IF(AND(AND(D20<>"",E20<>""),C20=""),"2023 Y 2024", IF(AND(AND(D20="",E20=""),C20<>""),"SOLO LINEA BASE", IF(AND(AND(C20="",E20=""),D20<>""),"SOLO 2023","OTROS ESCENARIOS")))))) -> SOLO 2024 | G20: =A20&B20 -> 4 Primaria | H20: PADD 2023 Y 2024
B21: 6 Primaria | E21: 24 | F21: =IF(AND(C21<>"",D21<>"",E21<>""),"LOS 3 AÑOS", IF(AND(C21<>"",IF(AND(C21<>"",D21<>"",E21<>""),"SI","NO")<>"SI",E21<>""),"SOLO 2022 Y 2024",IF(AND(AND(C21="",D21=""),E21<>""),"SOLO 2024",IF(AND(AND(D21<>"",E21<>""),C21=""),"2023 Y 2024", IF(AND(AND(D21="",E21=""),C21<>""),"SOLO LINEA BASE", IF(AND(AND(C21="",E21=""),D21<>""),"SOLO 2023","OTROS ESCENARIOS")))))) -> SOLO 2024 | G21: =A21&B21 -> 6 Primaria | H21: PADD 2023 Y 2024
A22: 14975 | B22: 2 Primaria | D22: 9 | E22: 5 | F22: =IF(AND(C22<>"",D22<>"",E22<>""),"LOS 3 AÑOS", IF(AND(C22<>"",IF(AND(C22<>"",D22<>"",E22<>""),"SI","NO")<>"SI",E22<>""),"SOLO 2022 Y 2024",IF(AND(AND(C22="",D22=""),E22<>""),"SOLO 2024",IF(AND(AND(D22<>"",E22<>""),C22=""),"2023 Y 2024", IF(AND(AND(D22="",E22=""),C22<>""),"SOLO LINEA BASE", IF(AND(AND(C22="",E22=""),D22<>""),"SOLO 2023","OTROS ESCENARIOS")))))) -> 2023 Y 2024 | G22: =A22&B22 -> 149752 Primaria | H22: PADD 2023 Y 2024
B23: 4 Primaria | E23: 6 | F23: =IF(AND(C23<>"",D23<>"",E23<>""),"LOS 3 AÑOS", IF(AND(C23<>"",IF(AND(C23<>"",D23<>"",E23<>""),"SI","NO")<>"SI",E23<>""),"SOLO 2022 Y 2024",IF(AND(AND(C23="",D23=""),E23<>""),"SOLO 2024",IF(AND(AND(D23<>"",E23<>""),C23=""),"2023 Y 2024", IF(AND(AND(D23="",E23=""),C23<>""),"SOLO LINEA BASE", IF(AND(AND(C23="",E23=""),D23<>""),"SOLO 2023","OTROS ESCENARIOS")))))) -> SOLO 2024 | G23: =A23&B23 -> 4 Primaria | H23: PADD 2023 Y 2024
B24: 6 Primaria | D24: 23 | E24: 5 | F24: =IF(AND(C24<>"",D24<>"",E24<>""),"LOS 3 AÑOS", IF(AND(C24<>"",IF(AND(C24<>"",D24<>"",E24<>""),"SI","NO")<>"SI",E24<>""),"SOLO 2022 Y 2024",IF(AND(AND(C24="",D24=""),E24<>""),"SOLO 2024",IF(AND(AND(D24<>"",E24<>""),C24=""),"2023 Y 2024", IF(AND(AND(D24="",E24=""),C24<>""),"SOLO LINEA BASE", IF(AND(AND(C24="",E24=""),D24<>""),"SOLO 2023","OTROS ESCENARIOS")))))) -> 2023 Y 2024 | G24: =A24&B24 -> 6 Primaria | H24: PADD 2023 Y 2024
A25: 15219 | B25: 2 Primaria | D25: 1 | E25: 2 | F25: =IF(AND(C25<>"",D25<>"",E25<>""),"LOS 3 AÑOS", IF(AND(C25<>"",IF(AND(C25<>"",D25<>"",E25<>""),"SI","NO")<>"SI",E25<>""),"SOLO 2022 Y 2024",IF(AND(AND(C25="",D25=""),E25<>""),"SOLO 2024",IF(AND(AND(D25<>"",E25<>""),C25=""),"2023 Y 2024", IF(AND(AND(D25="",E25=""),C25<>""),"SOLO LINEA BASE", IF(AND(AND(C25="",E25=""),D25<>""),"SOLO 2023","OTROS ESCENARIOS")))))) -> 2023 Y 2024 | G25: =A25&B25 -> 152192 Primaria | H25: SOLO 2023
B26: 6 Primaria | D26: 1 | E26: 1 | F26: =IF(AND(C26<>"",D26<>"",E26<>""),"LOS 3 AÑOS", IF(AND(C26<>"",IF(AND(C26<>"",D26<>"",E26<>""),"SI","NO")<>"SI",E26<>""),"SOLO 2022 Y 2024",IF(AND(AND(C26="",D26=""),E26<>""),"SOLO 2024",IF(AND(AND(D26<>"",E26<>""),C26=""),"2023 Y 2024", IF(AND(AND(D26="",E26=""),C26<>""),"SOLO LINEA BASE", IF(AND(AND(C26="",E26=""),D26<>""),"SOLO 2023","OTROS ESCENARIOS")))))) -> 2023 Y 2024 | G26: =A26&B26 -> 6 Primaria | H26: SOLO 2023
A27: 15220 | B27: 6 Primaria | D27: 1 | E27: 1 | F27: =IF(AND(C27<>"",D27<>"",E27<>""),"LOS 3 AÑOS", IF(AND(C27<>"",IF(AND(C27<>"",D27<>"",E27<>""),"SI","NO")<>"SI",E27<>""),"SOLO 2022 Y 2024",IF(AND(AND(C27="",D27=""),E27<>""),"SOLO 2024",IF(AND(AND(D27<>"",E27<>""),C27=""),"2023 Y 2024", IF(AND(AND(D27="",E27=""),C27<>""),"SOLO LINEA BASE", IF(AND(AND(C27="",E27=""),D27<>""),"SOLO 2023","OTROS ESCENARIOS")))))) -> 2023 Y 2024 | G27: =A27&B27 -> 152206 Primaria | H27: SOLO 2023
A28: 15304 | B28: 2 Primaria | D28: 4 | E28: 4 | F28: =IF(AND(C28<>"",D28<>"",E28<>""),"LOS 3 AÑOS", IF(AND(C28<>"",IF(AND(C28<>"",D28<>"",E28<>""),"SI","NO")<>"SI",E28<>""),"SOLO 2022 Y 2024",IF(AND(AND(C28="",D28=""),E28<>""),"SOLO 2024",IF(AND(AND(D28<>"",E28<>""),C28=""),"2023 Y 2024", IF(AND(AND(D28="",E28=""),C28<>""),"SOLO LINEA BASE", IF(AND(AND(C28="",E28=""),D28<>""),"SOLO 2023","OTROS ESCENARIOS")))))) -> 2023 Y 2024 | G28: =A28&B28 -> 153042 Primaria | H28: SOLO 2023
B29: 4 Primaria | D29: 7 | E29: 2 | F29: =IF(AND(C29<>"",D29<>"",E29<>""),"LOS 3 AÑOS", IF(AND(C29<>"",IF(AND(C29<>"",D29<>"",E29<>""),"SI","NO")<>"SI",E29<>""),"SOLO 2022 Y 2024",IF(AND(AND(C29="",D29=""),E29<>""),"SOLO 2024",IF(AND(AND(D29<>"",E29<>""),C29=""),"2023 Y 2024", IF(AND(AND(D29="",E29=""),C29<>""),"SOLO LINEA BASE", IF(AND(AND(C29="",E29=""),D29<>""),"SOLO 2023","OTROS ESCENARIOS")))))) -> 2023 Y 2024 | G29: =A29&B29 -> 4 Primaria | H29: SOLO 2023
B30: 6 Primaria | D30: 8 | E30: 3 | F30: =IF(AND(C30<>"",D30<>"",E30<>""),"LOS 3 AÑOS", IF(AND(C30<>"",IF(AND(C30<>"",D30<>"",E30<>""),"SI","NO")<>"SI",E30<>""),"SOLO 2022 Y 2024",IF(AND(AND(C30="",D30=""),E30<>""),"SOLO 2024",IF(AND(AND(D30<>"",E30<>""),C30=""),"2023 Y 2024", IF(AND(AND(D30="",E30=""),C30<>""),"SOLO LINEA BASE", IF(AND(AND(C30="",E30=""),D30<>""),"SOLO 2023","OTROS ESCENARIOS")))))) -> 2023 Y 2024 | G30: =A30&B30 -> 6 Primaria | H30: SOLO 2023
A31: 15374 | B31: 2 Primaria | E31: 7 | F31: =IF(AND(C31<>"",D31<>"",E31<>""),"LOS 3 AÑOS", IF(AND(C31<>"",IF(AND(C31<>"",D31<>"",E31<>""),"SI","NO")<>"SI",E31<>""),"SOLO 2022 Y 2024",IF(AND(AND(C31="",D31=""),E31<>""),"SOLO 2024",IF(AND(AND(D31<>"",E31<>""),C31=""),"2023 Y 2024", IF(AND(AND(D31="",E31=""),C31<>""),"SOLO LINEA BASE", IF(AND(AND(C31="",E31=""),D31<>""),"SOLO 2023","OTROS ESCENARIOS")))))) -> SOLO 2024 | G31: =A31&B31 -> 153742 Primaria | H31: SOLO 2023
A32: 15383 | B32: 2 Primaria | D32: 1 | F32: =IF(AND(C32<>"",D32<>"",E32<>""),"LOS 3 AÑOS", IF(AND(C32<>"",IF(AND(C32<>"",D32<>"",E32<>""),"SI","NO")<>"SI",E32<>""),"SOLO 2022 Y 2024",IF(AND(AND(C32="",D32=""),E32<>""),"SOLO 2024",IF(AND(AND(D32<>"",E32<>""),C32=""),"2023 Y 2024", IF(AND(AND(D32="",E32=""),C32<>""),"SOLO LINEA BASE", IF(AND(AND(C32="",E32=""),D32<>""),"SOLO 2023","OTROS ESCENARIOS")))))) -> SOLO 2023 | G32: =A32&B32 -> 153832 Primaria | H32: PADD 2023 Y 2024
B33: 4 Primaria | D33: 3 | E33: 1 | F33: =IF(AND(C33<>"",D33<>"",E33<>""),"LOS 3 AÑOS", IF(AND(C33<>"",IF(AND(C33<>"",D33<>"",E33<>""),"SI","NO")<>"SI",E33<>""),"SOLO 2022 Y 2024",IF(AND(AND(C33="",D33=""),E33<>""),"SOLO 2024",IF(AND(AND(D33<>"",E33<>""),C33=""),"2023 Y 2024", IF(AND(AND(D33="",E33=""),C33<>""),"SOLO LINEA BASE", IF(AND(AND(C33="",E33=""),D33<>""),"SOLO 2023","OTROS ESCENARIOS")))))) -> 2023 Y 2024 | G33: =A33&B33 -> 4 Primaria | H33: PADD 2023 Y 2024
B34: 6 Primaria | D34: 2 | F34: =IF(AND(C34<>"",D34<>"",E34<>""),"LOS 3 AÑOS", IF(AND(C34<>"",IF(AND(C34<>"",D34<>"",E34<>""),"SI","NO")<>"SI",E34<>""),"SOLO 2022 Y 2024",IF(AND(AND(C34="",D34=""),E34<>""),"SOLO 2024",IF(AND(AND(D34<>"",E34<>""),C34=""),"2023 Y 2024", IF(AND(AND(D34="",E34=""),C34<>""),"SOLO LINEA BASE", IF(AND(AND(C34="",E34=""),D34<>""),"SOLO 2023","OTROS ESCENARIOS")))))) -> SOLO 2023 | G34: =A34&B34 -> 6 Primaria | H34: PADD 2023 Y 2024
A35: 15478 | B35: 2 Primaria | D35: 1 | E35: 2 | F35: =IF(AND(C35<>"",D35<>"",E35<>""),"LOS 3 AÑOS", IF(AND(C35<>"",IF(AND(C35<>"",D35<>"",E35<>""),"SI","NO")<>"SI",E35<>""),"SOLO 2022 Y 2024",IF(AND(AND(C35="",D35=""),E35<>""),"SOLO 2024",IF(AND(AND(D35<>"",E35<>""),C35=""),"2023 Y 2024", IF(AND(AND(D35="",E35=""),C35<>""),"SOLO LINEA BASE", IF(AND(AND(C35="",E35=""),D35<>""),"SOLO 2023","OTROS ESCENARIOS")))))) -> 2023 Y 2024 | G35: =A35&B35 -> 154782 Primaria | H35: PADD 2023 Y 2024
B36: 4 Primaria | D36: 1 | E36: 1 | F36: =IF(AND(C36<>"",D36<>"",E36<>""),"LOS 3 AÑOS", IF(AND(C36<>"",IF(AND(C36<>"",D36<>"",E36<>""),"SI","NO")<>"SI",E36<>""),"SOLO 2022 Y 2024",IF(AND(AND(C36="",D36=""),E36<>""),"SOLO 2024",IF(AND(AND(D36<>"",E36<>""),C36=""),"2023 Y 2024", IF(AND(AND(D36="",E36=""),C36<>""),"SOLO LINEA BASE", IF(AND(AND(C36="",E36=""),D36<>""),"SOLO 2023","OTROS ESCENARIOS")))))) -> 2023 Y 2024 | G36: =A36&B36 -> 4 Primaria | H36: PADD 2023 Y 2024
B37: 6 Primaria | D37: 2 | E37: 2 | F37: =IF(AND(C37<>"",D37<>"",E37<>""),"LOS 3 AÑOS", IF(AND(C37<>"",IF(AND(C37<>"",D37<>"",E37<>""),"SI","NO")<>"SI",E37<>""),"SOLO 2022 Y 2024",IF(AND(AND(C37="",D37=""),E37<>""),"SOLO 2024",IF(AND(AND(D37<>"",E37<>""),C37=""),"2023 Y 2024", IF(AND(AND(D37="",E37=""),C37<>""),"SOLO LINEA BASE", IF(AND(AND(C37="",E37=""),D37<>""),"SOLO 2023","OTROS ESCENARIOS")))))) -> 2023 Y 2024 | G37: =A37&B37 -> 6 Primaria | H37: PADD 2023 Y 2024
A38: 20104 | B38: 2 Primaria | D38: 9 | E38: 5 | F38: =IF(AND(C38<>"",D38<>"",E38<>""),"LOS 3 AÑOS", IF(AND(C38<>"",IF(AND(C38<>"",D38<>"",E38<>""),"SI","NO")<>"SI",E38<>""),"SOLO 2022 Y 2024",IF(AND(AND(C38="",D38=""),E38<>""),"SOLO 2024",IF(AND(AND(D38<>"",E38<>""),C38=""),"2023 Y 2024", IF(AND(AND(D38="",E38=""),C38<>""),"SOLO LINEA BASE", IF(AND(AND(C38="",E38=""),D38<>""),"SOLO 2023","OTROS ESCENARIOS")))))) -> 2023 Y 2024 | G38: =A38&B38 -> 201042 Primaria | H38: PADD 2023 Y 2024
B39: 4 Primaria | E39: 7 | F39: =IF(AND(C39<>"",D39<>"",E39<>""),"LOS 3 AÑOS", IF(AND(C39<>"",IF(AND(C39<>"",D39<>"",E39<>""),"SI","NO")<>"SI",E39<>""),"SOLO 2022 Y 2024",IF(AND(AND(C39="",D39=""),E39<>""),"SOLO 2024",IF(AND(AND(D39<>"",E39<>""),C39=""),"2023 Y 2024", IF(AND(AND(D39="",E39=""),C39<>""),"SOLO LINEA BASE", IF(AND(AND(C39="",E39=""),D39<>""),"SOLO 2023","OTROS ESCENARIOS")))))) -> SOLO 2024 | G39: =A39&B39 -> 4 Primaria | H39: PADD 2023 Y 2024
B40: 6 Primaria | D40: 19 | E40: 4 | F40: =IF(AND(C40<>"",D40<>"",E40<>""),"LOS 3 AÑOS", IF(AND(C40<>"",IF(AND(C40<>"",D40<>"",E40<>""),"SI","NO")<>"SI",E40<>""),"SOLO 2022 Y 2024",IF(AND(AND(C40="",D40=""),E40<>""),"SOLO 2024",IF(AND(AND(D40<>"",E40<>""),C40=""),"2023 Y 2024", IF(AND(AND(D40="",E40=""),C40<>""),"SOLO LINEA BASE", IF(AND(AND(C40="",E40=""),D40<>""),"SOLO 2023","OTROS ESCENARIOS")))))) -> 2023 Y 2024 | G40: =A40&B40 -> 6 Primaria | H40: PADD 2023 Y 2024
A41: 20123 | B41: 2 Primaria | D41: 7 | E41: 1 | F41: =IF(AND(C41<>"",D41<>"",E41<>""),"LOS 3 AÑOS", IF(AND(C41<>"",IF(AND(C41<>"",D41<>"",E41<>""),"SI","NO")<>"SI",E41<>""),"SOLO 2022 Y 2024",IF(AND(AND(C41="",D41=""),E41<>""),"SOLO 2024",IF(AND(AND(D41<>"",E41<>""),C41=""),"2023 Y 2024", IF(AND(AND(D41="",E41=""),C41<>""),"SOLO LINEA BASE", IF(AND(AND(C41="",E41=""),D41<>""),"SOLO 2023","OTROS ESCENARIOS")))))) -> 2023 Y 2024 | G41: =A41&B41 -> 201232 Primaria | H41: SOLO 2023
B42: 6 Primaria | E42: 2 | F42: =IF(AND(C42<>"",D42<>"",E42<>""),"LOS 3 AÑOS", IF(AND(C42<>"",IF(AND(C42<>"",D42<>"",E42<>""),"SI","NO")<>"SI",E42<>""),"SOLO 2022 Y 2024",IF(AND(AND(C42="",D42=""),E42<>""),"SOLO 2024",IF(AND(AND(D42<>"",E42<>""),C42=""),"2023 Y 2024", IF(AND(AND(D42="",E42=""),C42<>""),"SOLO LINEA BASE", IF(AND(AND(C42="",E42=""),D42<>""),"SOLO 2023","OTROS ESCENARIOS")))))) -> SOLO 2024 | G42: =A42&B42 -> 6 Primaria | H42: SOLO 2023
A43: 36161 SAN VICENTE DE PAUL | B43: 2 Primaria | C43: 4 | F43: =IF(AND(C43<>"",D43<>"",E43<>""),"LOS 3 AÑOS", IF(AND(C43<>"",IF(AND(C43<>"",D43<>"",E43<>""),"SI","NO")<>"SI",E43<>""),"SOLO 2022 Y 2024",IF(AND(AND(C43="",D43=""),E43<>""),"SOLO 2024",IF(AND(AND(D43<>"",E43<>""),C43=""),"2023 Y 2024", IF(AND(AND(D43="",E43=""),C43<>""),"SOLO LINEA BASE", IF(AND(AND(C43="",E43=""),D43<>""),"SOLO 2023","OTROS ESCENARIOS")))))) -> SOLO LINEA BASE | G43: =A43&B43 -> 36161 SAN VICENTE DE PAUL2 Primaria | H43: NO PARTICIPÓ
B44: 6 Primaria | C44: 3 | F44: =IF(AND(C44<>"",D44<>"",E44<>""),"LOS 3 AÑOS", IF(AND(C44<>"",IF(AND(C44<>"",D44<>"",E44<>""),"SI","NO")<>"SI",E44<>""),"SOLO 2022 Y 2024",IF(AND(AND(C44="",D44=""),E44<>""),"SOLO 2024",IF(AND(AND(D44<>"",E44<>""),C44=""),"2023 Y 2024", IF(AND(AND(D44="",E44=""),C44<>""),"SOLO LINEA BASE", IF(AND(AND(C44="",E44=""),D44<>""),"SOLO 2023","OTROS ESCENARIOS")))))) -> SOLO LINEA BASE | G44: =A44&B44 -> 6 Primaria | H44: NO PARTICIPÓ
A45: 36166 HEROES 29 DE AGOSTO | B45: 2 Primaria | C45: 5 | F45: =IF(AND(C45<>"",D45<>"",E45<>""),"LOS 3 AÑOS", IF(AND(C45<>"",IF(AND(C45<>"",D45<>"",E45<>""),"SI","NO")<>"SI",E45<>""),"SOLO 2022 Y 2024",IF(AND(AND(C45="",D45=""),E45<>""),"SOLO 2024",IF(AND(AND(D45<>"",E45<>""),C45=""),"2023 Y 2024", IF(AND(AND(D45="",E45=""),C45<>""),"SOLO LINEA BASE", IF(AND(AND(C45="",E45=""),D45<>""),"SOLO 2023","OTROS ESCENARIOS")))))) -> SOLO LINEA BASE | G45: =A45&B45 -> 36166 HEROES 29 DE AGOSTO2 Primaria | H45: NO PARTICIPÓ
B46: 6 Primaria | C46: 9 | F46: =IF(AND(C46<>"",D46<>"",E46<>""),"LOS 3 AÑOS", IF(AND(C46<>"",IF(AND(C46<>"",D46<>"",E46<>""),"SI","NO")<>"SI",E46<>""),"SOLO 2022 Y 2024",IF(AND(AND(C46="",D46=""),E46<>""),"SOLO 2024",IF(AND(AND(D46<>"",E46<>""),C46=""),"2023 Y 2024", IF(AND(AND(D46="",E46=""),C46<>""),"SOLO LINEA BASE", IF(AND(AND(C46="",E46=""),D46<>""),"SOLO 2023","OTROS ESCENARIOS")))))) -> SOLO LINEA BASE | G46: =A46&B46 -> 6 Primaria | H46: NO PARTICIPÓ
A47: 36173 | B47: 1 Primaria | E47: 10 | F47: =IF(AND(C47<>"",D47<>"",E47<>""),"LOS 3 AÑOS", IF(AND(C47<>"",IF(AND(C47<>"",D47<>"",E47<>""),"SI","NO")<>"SI",E47<>""),"SOLO 2022 Y 2024",IF(AND(AND(C47="",D47=""),E47<>""),"SOLO 2024",IF(AND(AND(D47<>"",E47<>""),C47=""),"2023 Y 2024", IF(AND(AND(D47="",E47=""),C47<>""),"SOLO LINEA BASE", IF(AND(AND(C47="",E47=""),D47<>""),"SOLO 2023","OTROS ESCENARIOS")))))) -> SOLO 2024 | G47: =A47&B47 -> 361731 Primaria | H47: PADD 2023 Y 2024
B48: 2 Primaria | E48: 12 | F48: =IF(AND(C48<>"",D48<>"",E48<>""),"LOS 3 AÑOS", IF(AND(C48<>"",IF(AND(C48<>"",D48<>"",E48<>""),"SI","NO")<>"SI",E48<>""),"SOLO 2022 Y 2024",IF(AND(AND(C48="",D48=""),E48<>""),"SOLO 2024",IF(AND(AND(D48<>"",E48<>""),C48=""),"2023 Y 2024", IF(AND(AND(D48="",E48=""),C48<>""),"SOLO LINEA BASE", IF(AND(AND(C48="",E48=""),D48<>""),"SOLO 2023","OTROS ESCENARIOS")))))) -> SOLO 2024 | G48: =A48&B48 -> 2 Primaria | H48: PADD 2023 Y 2024
B49: 4 Primaria | E49: 7 | F49: =IF(AND(C49<>"",D49<>"",E49<>""),"LOS 3 AÑOS", IF(AND(C49<>"",IF(AND(C49<>"",D49<>"",E49<>""),"SI","NO")<>"SI",E49<>""),"SOLO 2022 Y 2024",IF(AND(AND(C49="",D49=""),E49<>""),"SOLO 2024",IF(AND(AND(D49<>"",E49<>""),C49=""),"2023 Y 2024", IF(AND(AND(D49="",E49=""),C49<>""),"SOLO LINEA BASE", IF(AND(AND(C49="",E49=""),D49<>""),"SOLO 2023","OTROS ESCENARIOS")))))) -> SOLO 2024 | G49: =A49&B49 -> 4 Primaria | H49: PADD 2023 Y 2024
B50: 6 Primaria | E50: 8 | F50: =IF(AND(C50<>"",D50<>"",E50<>""),"LOS 3 AÑOS", IF(AND(C50<>"",IF(AND(C50<>"",D50<>"",E50<>""),"SI","NO")<>"SI",E50<>""),"SOLO 2022 Y 2024",IF(AND(AND(C50="",D50=""),E50<>""),"SOLO 2024",IF(AND(AND(D50<>"",E50<>""),C50=""),"2023 Y 2024", IF(AND(AND(D50="",E50=""),C50<>""),"SOLO LINEA BASE", IF(AND(AND(C50="",E50=""),D50<>""),"SOLO 2023","OTROS ESCENARIOS")))))) -> SOLO 2024 | G50: =A50&B50 -> 6 Primaria | H50: PADD 2023 Y 2024
A51: 36207 | B51: 1 Primaria | E51: 8 | F51: =IF(AND(C51<>"",D51<>"",E51<>""),"LOS 3 AÑOS", IF(AND(C51<>"",IF(AND(C51<>"",D51<>"",E51<>""),"SI","NO")<>"SI",E51<>""),"SOLO 2022 Y 2024",IF(AND(AND(C51="",D51=""),E51<>""),"SOLO 2024",IF(AND(AND(D51<>"",E51<>""),C51=""),"2023 Y 2024", IF(AND(AND(D51="",E51=""),C51<>""),"SOLO LINEA BASE", IF(AND(AND(C51="",E51=""),D51<>""),"SOLO 2023","OTROS ESCENARIOS")))))) -> SOLO 2024 | G51: =A51&B51 -> 362071 Primaria | H51: PADD 2023 Y 2024
B52: 2 Primaria | C52: 1 | E52: 8 | F52: =IF(AND(C52<>"",D52<>"",E52<>""),"LOS 3 AÑOS", IF(AND(C52<>"",IF(AND(C52<>"",D52<>"",E52<>""),"SI","NO")<>"SI",E52<>""),"SOLO 2022 Y 2024",IF(AND(AND(C52="",D52=""),E52<>""),"SOLO 2024",IF(AND(AND(D52<>"",E52<>""),C52=""),"2023 Y 2024", IF(AND(AND(D52="",E52=""),C52<>""),"SOLO LINEA BASE", IF(AND(AND(C52="",E52=""),D52<>""),"SOLO 2023","OTROS ESCENARIOS")))))) -> SOLO 2022 Y 2024 | G52: =A52&B52 -> 2 Primaria | H52: PADD 2023 Y 2024
B53: 4 Primaria | C53: 2 | E53: 4 | F53: =IF(AND(C53<>"",D53<>"",E53<>""),"LOS 3 AÑOS", IF(AND(C53<>"",IF(AND(C53<>"",D53<>"",E53<>""),"SI","NO")<>"SI",E53<>""),"SOLO 2022 Y 2024",IF(AND(AND(C53="",D53=""),E53<>""),"SOLO 2024",IF(AND(AND(D53<>"",E53<>""),C53=""),"2023 Y 2024", IF(AND(AND(D53="",E53=""),C53<>""),"SOLO LINEA BASE", IF(AND(AND(C53="",E53=""),D53<>""),"SOLO 2023","OTROS ESCENARIOS")))))) -> SOLO 2022 Y 2024 | G53: =A53&B53 -> 4 Primaria | H53: PADD 2023 Y 2024
B54: 6 Primaria | C54: 5 | E54: 4 | F54: =IF(AND(C54<>"",D54<>"",E54<>""),"LOS 3 AÑOS", IF(AND(C54<>"",IF(AND(C54<>"",D54<>"",E54<>""),"SI","NO")<>"SI",E54<>""),"SOLO 2022 Y 2024",IF(AND(AND(C54="",D54=""),E54<>""),"SOLO 2024",IF(AND(AND(D54<>"",E54<>""),C54=""),"2023 Y 2024", IF(AND(AND(D54="",E54=""),C54<>""),"SOLO LINEA BASE", IF(AND(AND(C54="",E54=""),D54<>""),"SOLO 2023","OTROS ESCENARIOS")))))) -> SOLO 2022 Y 2024 | G54: =A54&B54 -> 6 Primaria | H54: PADD 2023 Y 2024
A55: 36789 NUESTRA SEÑORA DEL CARMEN | B55: 2 Primaria | E55: 2 | F55: =IF(AND(C55<>"",D55<>"",E55<>""),"LOS 3 AÑOS", IF(AND(C55<>"",IF(AND(C55<>"",D55<>"",E55<>""),"SI","NO")<>"SI",E55<>""),"SOLO 2022 Y 2024",IF(AND(AND(C55="",D55=""),E55<>""),"SOLO 2024",IF(AND(AND(D55<>"",E55<>""),C55=""),"2023 Y 2024", IF(AND(AND(D55="",E55=""),C55<>""),"SOLO LINEA BASE", IF(AND(AND(C55="",E55=""),D55<>""),"SOLO 2023","OTROS ESCENARIOS")))))) -> SOLO 2024 | G55: =A55&B55 -> 36789 NUESTRA SEÑORA DEL CARMEN2 Primaria | H55: SOLO 2024
B56: 4 Primaria | E56: 1 | F56: =IF(AND(C56<>"",D56<>"",E56<>""),"LOS 3 AÑOS", IF(AND(C56<>"",IF(AND(C56<>"",D56<>"",E56<>""),"SI","NO")<>"SI",E56<>""),"SOLO 2022 Y 2024",IF(AND(AND(C56="",D56=""),E56<>""),"SOLO 2024",IF(AND(AND(D56<>"",E56<>""),C56=""),"2023 Y 2024", IF(AND(AND(D56="",E56=""),C56<>""),"SOLO LINEA BASE", IF(AND(AND(C56="",E56=""),D56<>""),"SOLO 2023","OTROS ESCENARIOS")))))) -> SOLO 2024 | G56: =A56&B56 -> 4 Primaria | H56: SOLO 2024
B57: 6 Primaria | E57: 4 | F57: =IF(AND(C57<>"",D57<>"",E57<>""),"LOS 3 AÑOS", IF(AND(C57<>"",IF(AND(C57<>"",D57<>"",E57<>""),"SI","NO")<>"SI",E57<>""),"SOLO 2022 Y 2024",IF(AND(AND(C57="",D57=""),E57<>""),"SOLO 2024",IF(AND(AND(D57<>"",E57<>""),C57=""),"2023 Y 2024", IF(AND(AND(D57="",E57=""),C57<>""),"SOLO LINEA BASE", IF(AND(AND(C57="",E57=""),D57<>""),"SOLO 2023","OTROS ESCENARIOS")))))) -> SOLO 2024 | G57: =A57&B57 -> 6 Primaria | H57: SOLO 2024
A58: 501432 PAPA FRANCISCO I | B58: 2 Secundaria | E58: 17 | F58: =IF(AND(C58<>"",D58<>"",E58<>""),"LOS 3 AÑOS", IF(AND(C58<>"",IF(AND(C58<>"",D58<>"",E58<>""),"SI","NO")<>"SI",E58<>""),"SOLO 2022 Y 2024",IF(AND(AND(C58="",D58=""),E58<>""),"SOLO 2024",IF(AND(AND(D58<>"",E58<>""),C58=""),"2023 Y 2024", IF(AND(AND(D58="",E58=""),C58<>""),"SOLO LINEA BASE", IF(AND(AND(C58="",E58=""),D58<>""),"SOLO 2023","OTROS ESCENARIOS")))))) -> SOLO 2024 | G58: =A58&B58 -> 501432 PAPA FRANCISCO I2 Secundaria | H58: PADD 2023 Y 2024
B59: 4 Secundaria | E59: 24 | F59: =IF(AND(C59<>"",D59<>"",E59<>""),"LOS 3 AÑOS", IF(AND(C59<>"",IF(AND(C59<>"",D59<>"",E59<>""),"SI","NO")<>"SI",E59<>""),"SOLO 2022 Y 2024",IF(AND(AND(C59="",D59=""),E59<>""),"SOLO 2024",IF(AND(AND(D59<>"",E59<>""),C59=""),"2023 Y 2024", IF(AND(AND(D59="",E59=""),C59<>""),"SOLO LINEA BASE", IF(AND(AND(C59="",E59=""),D59<>""),"SOLO 2023","OTROS ESCENARIOS")))))) -> SOLO 2024 | G59: =A59&B59 -> 4 Secundaria | H59: PADD 2023 Y 2024
A60: 6010102 | B60: 2 Primaria | E60: 3 | F60: =IF(AND(C60<>"",D60<>"",E60<>""),"LOS 3 AÑOS", IF(AND(C60<>"",IF(AND(C60<>"",D60<>"",E60<>""),"SI","NO")<>"SI",E60<>""),"SOLO 2022 Y 2024",IF(AND(AND(C60="",D60=""),E60<>""),"SOLO 2024",IF(AND(AND(D60<>"",E60<>""),C60=""),"2023 Y 2024", IF(AND(AND(D60="",E60=""),C60<>""),"SOLO LINEA BASE", IF(AND(AND(C60="",E60=""),D60<>""),"SOLO 2023","OTROS ESCENARIOS")))))) -> SOLO 2024 | G60: =A60&B60 -> 60101022 Primaria | H60: SOLO 2024
B61: 4 Primaria | E61: 5 | F61: =IF(AND(C61<>"",D61<>"",E61<>""),"LOS 3 AÑOS", IF(AND(C61<>"",IF(AND(C61<>"",D61<>"",E61<>""),"SI","NO")<>"SI",E61<>""),"SOLO 2022 Y 2024",IF(AND(AND(C61="",D61=""),E61<>""),"SOLO 2024",IF(AND(AND(D61<>"",E61<>""),C61=""),"2023 Y 2024", IF(AND(AND(D61="",E61=""),C61<>""),"SOLO LINEA BASE", IF(AND(AND(C61="",E61=""),D61<>""),"SOLO 2023","OTROS ESCENARIOS")))))) -> SOLO 2024 | G61: =A61&B61 -> 4 Primaria | H61: SOLO 2024
B62: 6 Primaria | E62: 2 | F62: =IF(AND(C62<>"",D62<>"",E62<>""),"LOS 3 AÑOS", IF(AND(C62<>"",IF(AND(C62<>"",D62<>"",E62<>""),"SI","NO")<>"SI",E62<>""),"SOLO 2022 Y 2024",IF(AND(AND(C62="",D62=""),E62<>""),"SOLO 2024",IF(AND(AND(D62<>"",E62<>""),C62=""),"2023 Y 2024", IF(AND(AND(D62="",E62=""),C62<>""),"SOLO LINEA BASE", IF(AND(AND(C62="",E62=""),D62<>""),"SOLO 2023","OTROS ESCENARIOS")))))) -> SOLO 2024 | G62: =A62&B62 -> 6 Primaria | H62: SOLO 2024
A63: 6010178 | B63: 2 Primaria | E63: 1 | F63: =IF(AND(C63<>"",D63<>"",E63<>""),"LOS 3 AÑOS", IF(AND(C63<>"",IF(AND(C63<>"",D63<>"",E63<>""),"SI","NO")<>"SI",E63<>""),"SOLO 2022 Y 2024",IF(AND(AND(C63="",D63=""),E63<>""),"SOLO 2024",IF(AND(AND(D63<>"",E63<>""),C63=""),"2023 Y 2024", IF(AND(AND(D63="",E63=""),C63<>""),"SOLO LINEA BASE", IF(AND(AND(C63="",E63=""),D63<>""),"SOLO 2023","OTROS ESCENARIOS")))))) -> SOLO 2024 | G63: =A63&B63 -> 60101782 Primaria | H63: SOLO 2024
B64: 6 Primaria | E64: 1 | F64: =IF(AND(C64<>"",D64<>"",E64<>""),"LOS 3 AÑOS", IF(AND(C64<>"",IF(AND(C64<>"",D64<>"",E64<>""),"SI","NO")<>"SI",E64<>""),"SOLO 2022 Y 2024",IF(AND(AND(C64="",D64=""),E64<>""),"SOLO 2024",IF(AND(AND(D64<>"",E64<>""),C64=""),"2023 Y 2024", IF(AND(AND(D64="",E64=""),C64<>""),"SOLO LINEA BASE", IF(AND(AND(C64="",E64=""),D64<>""),"SOLO 2023","OTROS ESCENARIOS")))))) -> SOLO 2024 | G64: =A64&B64 -> 6 Primaria | H64: SOLO 2024
A65: 6010230 BARBARA D'ACHILLE | B65: 2 Primaria | D65: 4 | E65: 2 | F65: =IF(AND(C65<>"",D65<>"",E65<>""),"LOS 3 AÑOS", IF(AND(C65<>"",IF(AND(C65<>"",D65<>"",E65<>""),"SI","NO")<>"SI",E65<>""),"SOLO 2022 Y 2024",IF(AND(AND(C65="",D65=""),E65<>""),"SOLO 2024",IF(AND(AND(D65<>"",E65<>""),C65=""),"2023 Y 2024", IF(AND(AND(D65="",E65=""),C65<>""),"SOLO LINEA BASE", IF(AND(AND(C65="",E65=""),D65<>""),"SOLO 2023","OTROS ESCENARIOS")))))) -> 2023 Y 2024 | G65: =A65&B65 -> 6010230 BARBARA D'ACHILLE2 Primaria | H65: PADD 2023 Y 2024
B66: 2 Secundaria | C66: 7 | D66: 9 | E66: 8 | F66: =IF(AND(C66<>"",D66<>"",E66<>""),"LOS 3 AÑOS", IF(AND(C66<>"",IF(AND(C66<>"",D66<>"",E66<>""),"SI","NO")<>"SI",E66<>""),"SOLO 2022 Y 2024",IF(AND(AND(C66="",D66=""),E66<>""),"SOLO 2024",IF(AND(AND(D66<>"",E66<>""),C66=""),"2023 Y 2024", IF(AND(AND(D66="",E66=""),C66<>""),"SOLO LINEA BASE", IF(AND(AND(C66="",E66=""),D66<>""),"SOLO 2023","OTROS ESCENARIOS")))))) -> LOS 3 AÑOS | G66: =A66&B66 -> 2 Secundaria | H66: PADD 2023 Y 2024
B67: 4 Primaria | C67: 9 | D67: 8 | E67: 2 | F67: =IF(AND(C67<>"",D67<>"",E67<>""),"LOS 3 AÑOS", IF(AND(C67<>"",IF(AND(C67<>"",D67<>"",E67<>""),"SI","NO")<>"SI",E67<>""),"SOLO 2022 Y 2024",IF(AND(AND(C67="",D67=""),E67<>""),"SOLO 2024",IF(AND(AND(D67<>"",E67<>""),C67=""),"2023 Y 2024", IF(AND(AND(D67="",E67=""),C67<>""),"SOLO LINEA BASE", IF(AND(AND(C67="",E67=""),D67<>""),"SOLO 2023","OTROS ESCENARIOS")))))) -> LOS 3 AÑOS | G67: =A67&B67 -> 4 Primaria | H67: PADD 2023 Y 2024
B68: 4 Secundaria | C68: 9 | D68: 5 | E68: 3 | F68: =IF(AND(C68<>"",D68<>"",E68<>""),"LOS 3 AÑOS", IF(AND(C68<>"",IF(AND(C68<>"",D68<>"",E68<>""),"SI","NO")<>"SI",E68<>""),"SOLO 2022 Y 2024",IF(AND(AND(C68="",D68=""),E68<>""),"SOLO 2024",IF(AND(AND(D68<>"",E68<>""),C68=""),"2023 Y 2024", IF(AND(AND(D68="",E68=""),C68<>""),"SOLO LINEA BASE", IF(AND(AND(C68="",E68=""),D68<>""),"SOLO 2023","OTROS ESCENARIOS")))))) -> LOS 3 AÑOS | G68: =A68&B68 -> 4 Secundaria | H68: PADD 2023 Y 2024
B69: 6 Primaria | C69: 4 | D69: 5 | E69: 4 | F69: =IF(AND(C69<>"",D69<>"",E69<>""),"LOS 3 AÑOS", IF(AND(C69<>"",IF(AND(C69<>"",D69<>"",E69<>""),"SI","NO")<>"SI",E69<>""),"SOLO 2022 Y 2024",IF(AND(AND(C69="",D69=""),E69<>""),"SOLO 2024",IF(AND(AND(D69<>"",E69<>""),C69=""),"2023 Y 2024", IF(AND(AND(D69="",E69=""),C69<>""),"SOLO LINEA BASE", IF(AND(AND(C69="",E69=""),D69<>""),"SOLO 2023","OTROS ESCENARIOS")))))) -> LOS 3 AÑOS | G69: =A69&B69 -> 6 Primaria | H69: PADD 2023 Y 2024
A70: 6010231 | B70: 2 Primaria | E70: 10 | F70: =IF(AND(C70<>"",D70<>"",E70<>""),"LOS 3 AÑOS", IF(AND(C70<>"",IF(AND(C70<>"",D70<>"",E70<>""),"SI","NO")<>"SI",E70<>""),"SOLO 2022 Y 2024",IF(AND(AND(C70="",D70=""),E70<>""),"SOLO 2024",IF(AND(AND(D70<>"",E70<>""),C70=""),"2023 Y 2024", IF(AND(AND(D70="",E70=""),C70<>""),"SOLO LINEA BASE", IF(AND(AND(C70="",E70=""),D70<>""),"SOLO 2023","OTROS ESCENARIOS")))))) -> SOLO 2024 | G70: =A70&B70 -> 60102312 Primaria | H70: SOLO 2024
B71: 2 Secundaria | E71: 23 | F71: =IF(AND(C71<>"",D71<>"",E71<>""),"LOS 3 AÑOS", IF(AND(C71<>"",IF(AND(C71<>"",D71<>"",E71<>""),"SI","NO")<>"SI",E71<>""),"SOLO 2022 Y 2024",IF(AND(AND(C71="",D71=""),E71<>""),"SOLO 2024",IF(AND(AND(D71<>"",E71<>""),C71=""),"2023 Y 2024", IF(AND(AND(D71="",E71=""),C71<>""),"SOLO LINEA BASE", IF(AND(AND(C71="",E71=""),D71<>""),"SOLO 2023","OTROS ESCENARIOS")))))) -> SOLO 2024 | G71: =A71&B71 -> 2 Secundaria | H71: SOLO 2024
B72: 4 Primaria | E72: 15 | F72: =IF(AND(C72<>"",D72<>"",E72<>""),"LOS 3 AÑOS", IF(AND(C72<>"",IF(AND(C72<>"",D72<>"",E72<>""),"SI","NO")<>"SI",E72<>""),"SOLO 2022 Y 2024",IF(AND(AND(C72="",D72=""),E72<>""),"SOLO 2024",IF(AND(AND(D72<>"",E72<>""),C72=""),"2023 Y 2024", IF(AND(AND(D72="",E72=""),C72<>""),"SOLO LINEA BASE", IF(AND(AND(C72="",E72=""),D72<>""),"SOLO 2023","OTROS ESCENARIOS")))))) -> SOLO 2024 | G72: =A72&B72 -> 4 Primaria | H72: SOLO 2024
B73: 4 Secundaria | E73: 8 | F73: =IF(AND(C73<>"",D73<>"",E73<>""),"LOS 3 AÑOS", IF(AND(C73<>"",IF(AND(C73<>"",D73<>"",E73<>""),"SI","NO")<>"SI",E73<>""),"SOLO 2022 Y 2024",IF(AND(AND(C73="",D73=""),E73<>""),"SOLO 2024",IF(AND(AND(D73<>"",E73<>""),C73=""),"2023 Y 2024", IF(AND(AND(D73="",E73=""),C73<>""),"SOLO LINEA BASE", IF(AND(AND(C73="",E73=""),D73<>""),"SOLO 2023","OTROS ESCENARIOS")))))) -> SOLO 2024 | G73: =A73&B73 -> 4 Secundaria | H73: SOLO 2024
B74: 6 Primaria | E74: 13 | F74: =IF(AND(C74<>"",D74<>"",E74<>""),"LOS 3 AÑOS", IF(AND(C74<>"",IF(AND(C74<>"",D74<>"",E74<>""),"SI","NO")<>"SI",E74<>""),"SOLO 2022 Y 2024",IF(AND(AND(C74="",D74=""),E74<>""),"SOLO 2024",IF(AND(AND(D74<>"",E74<>""),C74=""),"2023 Y 2024", IF(AND(AND(D74="",E74=""),C74<>""),"SOLO LINEA BASE", IF(AND(AND(C74="",E74=""),D74<>""),"SOLO 2023","OTROS ESCENARIOS")))))) -> SOLO 2024 | G74: =A74&B74 -> 6 Primaria | H74: SOLO 2024
A75: 60133 | B75: 1 Primaria | C75: 3 | F75: =IF(AND(C75<>"",D75<>"",E75<>""),"LOS 3 AÑOS", IF(AND(C75<>"",IF(AND(C75<>"",D75<>"",E75<>""),"SI","NO")<>"SI",E75<>""),"SOLO 2022 Y 2024",IF(AND(AND(C75="",D75=""),E75<>""),"SOLO 2024",IF(AND(AND(D75<>"",E75<>""),C75=""),"2023 Y 2024", IF(AND(AND(D75="",E75=""),C75<>""),"SOLO LINEA BASE", IF(AND(AND(C75="",E75=""),D75<>""),"SOLO 2023","OTROS ESCENARIOS")))))) -> SOLO LINEA BASE | G75: =A75&B75 -> 601331 Primaria | H75: PADD 2023 Y 2024
B76: 2 Primaria | C76: 1 | D76: 14 | E76: 11 | F76: =IF(AND(C76<>"",D76<>"",E76<>""),"LOS 3 AÑOS", IF(AND(C76<>"",IF(AND(C76<>"",D76<>"",E76<>""),"SI","NO")<>"SI",E76<>""),"SOLO 2022 Y 2024",IF(AND(AND(C76="",D76=""),E76<>""),"SOLO 2024",IF(AND(AND(D76<>"",E76<>""),C76=""),"2023 Y 2024", IF(AND(AND(D76="",E76=""),C76<>""),"SOLO LINEA BASE", IF(AND(AND(C76="",E76=""),D76<>""),"SOLO 2023","OTROS ESCENARIOS")))))) -> LOS 3 AÑOS | G76: =A76&B76 -> 2 Primaria | H76: PADD 2023 Y 2024
B77: 2 Secundaria | C77: 31 | D77: 22 | E77: 25 | F77: =IF(AND(C77<>"",D77<>"",E77<>""),"LOS 3 AÑOS", IF(AND(C77<>"",IF(AND(C77<>"",D77<>"",E77<>""),"SI","NO")<>"SI",E77<>""),"SOLO 2022 Y 2024",IF(AND(AND(C77="",D77=""),E77<>""),"SOLO 2024",IF(AND(AND(D77<>"",E77<>""),C77=""),"2023 Y 2024", IF(AND(AND(D77="",E77=""),C77<>""),"SOLO LINEA BASE", IF(AND(AND(C77="",E77=""),D77<>""),"SOLO 2023","OTROS ESCENARIOS")))))) -> LOS 3 AÑOS | G77: =A77&B77 -> 2 Secundaria | H77: PADD 2023 Y 2024
B78: 4 Primaria | D78: 16 | E78: 11 | F78: =IF(AND(C78<>"",D78<>"",E78<>""),"LOS 3 AÑOS", IF(AND(C78<>"",IF(AND(C78<>"",D78<>"",E78<>""),"SI","NO")<>"SI",E78<>""),"SOLO 2022 Y 2024",IF(AND(AND(C78="",D78=""),E78<>""),"SOLO 2024",IF(AND(AND(D78<>"",E78<>""),C78=""),"2023 Y 2024", IF(AND(AND(D78="",E78=""),C78<>""),"SOLO LINEA BASE", IF(AND(AND(C78="",E78=""),D78<>""),"SOLO 2023","OTROS ESCENARIOS")))))) -> 2023 Y 2024 | G78: =A78&B78 -> 4 Primaria | H78: PADD 2023 Y 2024
B79: 4 Secundaria | C79: 18 | D79: 14 | E79: 22 | F79: =IF(AND(C79<>"",D79<>"",E79<>""),"LOS 3 AÑOS", IF(AND(C79<>"",IF(AND(C79<>"",D79<>"",E79<>""),"SI","NO")<>"SI",E79<>""),"SOLO 2022 Y 2024",IF(AND(AND(C79="",D79=""),E79<>""),"SOLO 2024",IF(AND(AND(D79<>"",E79<>""),C79=""),"2023 Y 2024", IF(AND(AND(D79="",E79=""),C79<>""),"SOLO LINEA BASE", IF(AND(AND(C79="",E79=""),D79<>""),"SOLO 2023","OTROS ESCENARIOS")))))) -> LOS 3 AÑOS | G79: =A79&B79 -> 4 Secundaria | H79: PADD 2023 Y 2024
B80: 6 Primaria | C80: 3 | D80: 24 | E80: 12 | F80: =IF(AND(C80<>"",D80<>"",E80<>""),"LOS 3 AÑOS", IF(AND(C80<>"",IF(AND(C80<>"",D80<>"",E80<>""),"SI","NO")<>"SI",E80<>""),"SOLO 2022 Y 2024",IF(AND(AND(C80="",D80=""),E80<>""),"SOLO 2024",IF(AND(AND(D80<>"",E80<>""),C80=""),"2023 Y 2024", IF(AND(AND(D80="",E80=""),C80<>""),"SOLO LINEA BASE", IF(AND(AND(C80="",E80=""),D80<>""),"SOLO 2023","OTROS ESCENARIOS")))))) -> LOS 3 AÑOS | G80: =A80&B80 -> 6 Primaria | H80: PADD 2023 Y 2024
A81: 601331 | B81: 2 Primaria | C81: 1 | D81: 22 | E81: 9 | F81: =IF(AND(C81<>"",D81<>"",E81<>""),"LOS 3 AÑOS", IF(AND(C81<>"",IF(AND(C81<>"",D81<>"",E81<>""),"SI","NO")<>"SI",E81<>""),"SOLO 2022 Y 2024",IF(AND(AND(C81="",D81=""),E81<>""),"SOLO 2024",IF(AND(AND(D81<>"",E81<>""),C81=""),"2023 Y 2024", IF(AND(AND(D81="",E81=""),C81<>""),"SOLO LINEA BASE", IF(AND(AND(C81="",E81=""),D81<>""),"SOLO 2023","OTROS ESCENARIOS")))))) -> LOS 3 AÑOS | G81: =A81&B81 -> 6013312 Primaria | H81: SOLO 2023
B82: 2 Secundaria | C82: 14 | D82: 14 | E82: 12 | F82: =IF(AND(C82<>"",D82<>"",E82<>""),"LOS 3 AÑOS", IF(AND(C82<>"",IF(AND(C82<>"",D82<>"",E82<>""),"SI","NO")<>"SI",E82<>""),"SOLO 2022 Y 2024",IF(AND(AND(C82="",D82=""),E82<>""),"SOLO 2024",IF(AND(AND(D82<>"",E82<>""),C82=""),"2023 Y 2024", IF(AND(AND(D82="",E82=""),C82<>""),"SOLO LINEA BASE", IF(AND(AND(C82="",E82=""),D82<>""),"SOLO 2023","OTROS ESCENARIOS")))))) -> LOS 3 AÑOS | G82: =A82&B82 -> 2 Secundaria | H82: SOLO 2023
B83: 4 Primaria | C83: 1 | D83: 13 | E83: 7 | F83: =IF(AND(C83<>"",D83<>"",E83<>""),"LOS 3 AÑOS", IF(AND(C83<>"",IF(AND(C83<>"",D83<>"",E83<>""),"SI","NO")<>"SI",E83<>""),"SOLO 2022 Y 2024",IF(AND(AND(C83="",D83=""),E83<>""),"SOLO 2024",IF(AND(AND(D83<>"",E83<>""),C83=""),"2023 Y 2024", IF(AND(AND(D83="",E83=""),C83<>""),"SOLO LINEA BASE", IF(AND(AND(C83="",E83=""),D83<>""),"SOLO 2023","OTROS ESCENARIOS")))))) -> LOS 3 AÑOS | G83: =A83&B83 -> 4 Primaria | H83: SOLO 2023
B84: 4 Secundaria | C84: 16 | D84: 15 | E84: 11 | F84: =IF(AND(C84<>"",D84<>"",E84<>""),"LOS 3 AÑOS", IF(AND(C84<>"",IF(AND(C84<>"",D84<>"",E84<>""),"SI","NO")<>"SI",E84<>""),"SOLO 2022 Y 2024",IF(AND(AND(C84="",D84=""),E84<>""),"SOLO 2024",IF(AND(AND(D84<>"",E84<>""),C84=""),"2023 Y 2024", IF(AND(AND(D84="",E84=""),C84<>""),"SOLO LINEA BASE", IF(AND(AND(C84="",E84=""),D84<>""),"SOLO 2023","OTROS ESCENARIOS")))))) -> LOS 3 AÑOS | G84: =A84&B84 -> 4 Secundaria | H84: SOLO 2023
B85: 6 Primaria | C85: 9 | D85: 18 | E85: 9 | F85: =IF(AND(C85<>"",D85<>"",E85<>""),"LOS 3 AÑOS", IF(AND(C85<>"",IF(AND(C85<>"",D85<>"",E85<>""),"SI","NO")<>"SI",E85<>""),"SOLO 2022 Y 2024",IF(AND(AND(C85="",D85=""),E85<>""),"SOLO 2024",IF(AND(AND(D85<>"",E85<>""),C85=""),"2023 Y 2024", IF(AND(AND(D85="",E85=""),C85<>""),"SOLO LINEA BASE", IF(AND(AND(C85="",E85=""),D85<>""),"SOLO 2023","OTROS ESCENARIOS")))))) -> LOS 3 AÑOS | G85: =A85&B85 -> 6 Primaria | H85: SOLO 2023
A86: 60136 | B86: 2 Primaria | E86: 1 | F86: =IF(AND(C86<>"",D86<>"",E86<>""),"LOS 3 AÑOS", IF(AND(C86<>"",IF(AND(C86<>"",D86<>"",E86<>""),"SI","NO")<>"SI",E86<>""),"SOLO 2022 Y 2024",IF(AND(AND(C86="",D86=""),E86<>""),"SOLO 2024",IF(AND(AND(D86<>"",E86<>""),C86=""),"2023 Y 2024", IF(AND(AND(D86="",E86=""),C86<>""),"SOLO LINEA BASE", IF(AND(AND(C86="",E86=""),D86<>""),"SOLO 2023","OTROS ESCENARIOS")))))) -> SOLO 2024 | G86: =A86&B86 -> 601362 Primaria | H86: SOLO 2024
B87: 4 Primaria | E87: 2 | F87: =IF(AND(C87<>"",D87<>"",E87<>""),"LOS 3 AÑOS", IF(AND(C87<>"",IF(AND(C87<>"",D87<>"",E87<>""),"SI","NO")<>"SI",E87<>""),"SOLO 2022 Y 2024",IF(AND(AND(C87="",D87=""),E87<>""),"SOLO 2024",IF(AND(AND(D87<>"",E87<>""),C87=""),"2023 Y 2024", IF(AND(AND(D87="",E87=""),C87<>""),"SOLO LINEA BASE", IF(AND(AND(C87="",E87=""),D87<>""),"SOLO 2023","OTROS ESCENARIOS")))))) -> SOLO 2024 | G87: =A87&B87 -> 4 Primaria | H87: SOLO 2024
B88: 6 Primaria | E88: 2 | F88: =IF(AND(C88<>"",D88<>"",E88<>""),"LOS 3 AÑOS", IF(AND(C88<>"",IF(AND(C88<>"",D88<>"",E88<>""),"SI","NO")<>"SI",E88<>""),"SOLO 2022 Y 2024",IF(AND(AND(C88="",D88=""),E88<>""),"SOLO 2024",IF(AND(AND(D88<>"",E88<>""),C88=""),"2023 Y 2024", IF(AND(AND(D88="",E88=""),C88<>""),"SOLO LINEA BASE", IF(AND(AND(C88="",E88=""),D88<>""),"SOLO 2023","OTROS ESCENARIOS")))))) -> SOLO 2024 | G88: =A88&B88 -> 6 Primaria | H88: SOLO 2024
A89: 601391 | B89: 2 Primaria | E89: 1 | F89: =IF(AND(C89<>"",D89<>"",E89<>""),"LOS 3 AÑOS", IF(AND(C89<>"",IF(AND(C89<>"",D89<>"",E89<>""),"SI","NO")<>"SI",E89<>""),"SOLO 2022 Y 2024",IF(AND(AND(C89="",D89=""),E89<>""),"SOLO 2024",IF(AND(AND(D89<>"",E89<>""),C89=""),"2023 Y 2024", IF(AND(AND(D89="",E89=""),C89<>""),"SOLO LINEA BASE", IF(AND(AND(C89="",E89=""),D89<>""),"SOLO 2023","OTROS ESCENARIOS")))))) -> SOLO 2024 | G89: =A89&B89 -> 6013912 Primaria | H89: SOLO 2024
B90: 6 Primaria | E90: 1 | F90: =IF(AND(C90<>"",D90<>"",E90<>""),"LOS 3 AÑOS", IF(AND(C90<>"",IF(AND(C90<>"",D90<>"",E90<>""),"SI","NO")<>"SI",E90<>""),"SOLO 2022 Y 2024",IF(AND(AND(C90="",D90=""),E90<>""),"SOLO 2024",IF(AND(AND(D90<>"",E90<>""),C90=""),"2023 Y 2024", IF(AND(AND(D90="",E90=""),C90<>""),"SOLO LINEA BASE", IF(AND(AND(C90="",E90=""),D90<>""),"SOLO 2023","OTROS ESCENARIOS")))))) -> SOLO 2024 | G90: =A90&B90 -> 6 Primaria | H90: SOLO 2024
A91: 601444 | B91: 2 Primaria | E91: 2 | F91: =IF(AND(C91<>"",D91<>"",E91<>""),"LOS 3 AÑOS", IF(AND(C91<>"",IF(AND(C91<>"",D91<>"",E91<>""),"SI","NO")<>"SI",E91<>""),"SOLO 2022 Y 2024",IF(AND(AND(C91="",D91=""),E91<>""),"SOLO 2024",IF(AND(AND(D91<>"",E91<>""),C91=""),"2023 Y 2024", IF(AND(AND(D91="",E91=""),C91<>""),"SOLO LINEA BASE", IF(AND(AND(C91="",E91=""),D91<>""),"SOLO 2023","OTROS ESCENARIOS")))))) -> SOLO 2024 | G91: =A91&B91 -> 6014442 Primaria | H91: SOLO 2024
B92: 4 Primaria | E92: 2 | F92: =IF(AND(C92<>"",D92<>"",E92<>""),"LOS 3 AÑOS", IF(AND(C92<>"",IF(AND(C92<>"",D92<>"",E92<>""),"SI","NO")<>"SI",E92<>""),"SOLO 2022 Y 2024",IF(AND(AND(C92="",D92=""),E92<>""),"SOLO 2024",IF(AND(AND(D92<>"",E92<>""),C92=""),"2023 Y 2024", IF(AND(AND(D92="",E92=""),C92<>""),"SOLO LINEA BASE", IF(AND(AND(C92="",E92=""),D92<>""),"SOLO 2023","OTROS ESCENARIOS")))))) -> SOLO 2024 | G92: =A92&B92 -> 4 Primaria | H92: SOLO 2024
B93: 6 Primaria | E93: 1 | F93: =IF(AND(C93<>"",D93<>"",E93<>""),"LOS 3 AÑOS", IF(AND(C93<>"",IF(AND(C93<>"",D93<>"",E93<>""),"SI","NO")<>"SI",E93<>""),"SOLO 2022 Y 2024",IF(AND(AND(C93="",D93=""),E93<>""),"SOLO 2024",IF(AND(AND(D93<>"",E93<>""),C93=""),"2023 Y 2024", IF(AND(AND(D93="",E93=""),C93<>""),"SOLO LINEA BASE", IF(AND(AND(C93="",E93=""),D93<>""),"SOLO 2023","OTROS ESCENARIOS")))))) -> SOLO 2024 | G93: =A93&B93 -> 6 Primaria | H93: SOLO 2024
A94: 601448 | B94: 2 Primaria | D94: 8 | E94: 3 | F94: =IF(AND(C94<>"",D94<>"",E94<>""),"LOS 3 AÑOS", IF(AND(C94<>"",IF(AND(C94<>"",D94<>"",E94<>""),"SI","NO")<>"SI",E94<>""),"SOLO 2022 Y 2024",IF(AND(AND(C94="",D94=""),E94<>""),"SOLO 2024",IF(AND(AND(D94<>"",E94<>""),C94=""),"2023 Y 2024", IF(AND(AND(D94="",E94=""),C94<>""),"SOLO LINEA BASE", IF(AND(AND(C94="",E94=""),D94<>""),"SOLO 2023","OTROS ESCENARIOS")))))) -> 2023 Y 2024 | G94: =A94&B94 -> 6014482 Primaria | H94: PADD 2023 Y 2024
B95: 4 Primaria | C95: 3 | D95: 7 | E95: 2 | F95: =IF(AND(C95<>"",D95<>"",E95<>""),"LOS 3 AÑOS", IF(AND(C95<>"",IF(AND(C95<>"",D95<>"",E95<>""),"SI","NO")<>"SI",E95<>""),"SOLO 2022 Y 2024",IF(AND(AND(C95="",D95=""),E95<>""),"SOLO 2024",IF(AND(AND(D95<>"",E95<>""),C95=""),"2023 Y 2024", IF(AND(AND(D95="",E95=""),C95<>""),"SOLO LINEA BASE", IF(AND(AND(C95="",E95=""),D95<>""),"SOLO 2023","OTROS ESCENARIOS")))))) -> LOS 3 AÑOS | G95: =A95&B95 -> 4 Primaria | H95: PADD 2023 Y 2024
B96: 6 Primaria | D96: 5 | E96: 2 | F96: =IF(AND(C96<>"",D96<>"",E96<>""),"LOS 3 AÑOS", IF(AND(C96<>"",IF(AND(C96<>"",D96<>"",E96<>""),"SI","NO")<>"SI",E96<>""),"SOLO 2022 Y 2024",IF(AND(AND(C96="",D96=""),E96<>""),"SOLO 2024",IF(AND(AND(D96<>"",E96<>""),C96=""),"2023 Y 2024", IF(AND(AND(D96="",E96=""),C96<>""),"SOLO LINEA BASE", IF(AND(AND(C96="",E96=""),D96<>""),"SOLO 2023","OTROS ESCENARIOS")))))) -> 2023 Y 2024 | G96: =A96&B96 -> 6 Primaria | H96: PADD 2023 Y 2024
A97: 601511 | B97: 4 Primaria | E97: 1 | F97: =IF(AND(C97<>"",D97<>"",E97<>""),"LOS 3 AÑOS", IF(AND(C97<>"",IF(AND(C97<>"",D97<>"",E97<>""),"SI","NO")<>"SI",E97<>""),"SOLO 2022 Y 2024",IF(AND(AND(C97="",D97=""),E97<>""),"SOLO 2024",IF(AND(AND(D97<>"",E97<>""),C97=""),"2023 Y 2024", IF(AND(AND(D97="",E97=""),C97<>""),"SOLO LINEA BASE", IF(AND(AND(C97="",E97=""),D97<>""),"SOLO 2023","OTROS ESCENARIOS")))))) -> SOLO 2024 | G97: =A97&B97 -> 6015114 Primaria | H97: SOLO 2024
B98: 6 Primaria | E98: 2 | F98: =IF(AND(C98<>"",D98<>"",E98<>""),"LOS 3 AÑOS", IF(AND(C98<>"",IF(AND(C98<>"",D98<>"",E98<>""),"SI","NO")<>"SI",E98<>""),"SOLO 2022 Y 2024",IF(AND(AND(C98="",D98=""),E98<>""),"SOLO 2024",IF(AND(AND(D98<>"",E98<>""),C98=""),"2023 Y 2024", IF(AND(AND(D98="",E98=""),C98<>""),"SOLO LINEA BASE", IF(AND(AND(C98="",E98=""),D98<>""),"SOLO 2023","OTROS ESCENARIOS")))))) -> SOLO 2024 | G98: =A98&B98 -> 6 Primaria | H98: SOLO 2024
A99: 601514 | B99: 2 Primaria | D99: 4 | E99: 1 | F99: =IF(AND(C99<>"",D99<>"",E99<>""),"LOS 3 AÑOS", IF(AND(C99<>"",IF(AND(C99<>"",D99<>"",E99<>""),"SI","NO")<>"SI",E99<>""),"SOLO 2022 Y 2024",IF(AND(AND(C99="",D99=""),E99<>""),"SOLO 2024",IF(AND(AND(D99<>"",E99<>""),C99=""),"2023 Y 2024", IF(AND(AND(D99="",E99=""),C99<>""),"SOLO LINEA BASE", IF(AND(AND(C99="",E99=""),D99<>""),"SOLO 2023","OTROS ESCENARIOS")))))) -> 2023 Y 2024 | G99: =A99&B99 -> 6015142 Primaria | H99: SOLO 2023
B100: 4 Primaria | D100: 8 | E100: 1 | F100: =IF(AND(C100<>"",D100<>"",E100<>""),"LOS 3 AÑOS", IF(AND(C100<>"",IF(AND(C100<>"",D100<>"",E100<>""),"SI","NO")<>"SI",E100<>""),"SOLO 2022 Y 2024",IF(AND(AND(C100="",D100=""),E100<>""),"SOLO 2024",IF(AND(AND(D100<>"",E100<>""),C100=""),"2023 Y 2024", IF(AND(AND(D100="",E100=""),C100<>""),"SOLO LINEA BASE", IF(AND(AND(C100="",E100=""),D100<>""),"SOLO 2023","OTROS ESCENARIOS")))))) -> 2023 Y 2024 | G100: =A100&B100 -> 4 Primaria | H100: SOLO 2023
...

Sheet GLOBAL
A1: Región | B1: (Varios elementos)
A2: RESULTADO GENERAL 5 RER
A3: COUNTA of R Producción de textos | C3: Año | D3: R Producción de textos
C4: 2022 | F4: 2023 | I4: 2024 | N4: 52 | O4: 42 | P4: 6
A5: Nivel | B5: Grado | C5: Inicio | D5: Proceso | E5: Satisfactorio | F5: Inicio | G5: Proceso | H5: Satisfactorio | I5: Inicio | J5: Proceso | K5: Satisfactorio | N5: 75 | O5: 21 | P5: 4
A6: Primaria | B6: 2 Primaria | C6: 13 | D6: 10 | E6: 1 | F6: 128 | G6: 107 | H6: 18 | I6: 171 | J6: 32 | K6: 24 | N6: 46 | O6: 42 | P6: 12
B7: 4 Primaria | C7: 20 | D7: 9 | E7: 13 | F7: 174 | G7: 52 | H7: 9 | I7: 166 | J7: 35 | K7: 5 | N7: 64 | O7: 33 | P7: 3
B8: 6 Primaria | C8: 19 | D8: 34 | E8: 16 | F8: 105 | G8: 93 | H8: 25 | I8: 170 | J8: 39 | K8: 10 | N8: 66 | O8: 31 | P8: 2
A9: Secundaria | B9: 2 Secundaria | C9: 89 | D9: 6 | E9: 13 | F9: 81 | G9: 41 | H9: 3 | I9: 191 | J9: 28
B10: 4 Secundaria | C10: 88 | D10: 18 | E10: 6 | F10: 66 | G10: 28 | H10: 2 | I10: 166 | J10: 28 | K10: 1
B15: Grado | C15: =C4 -> 2022 | F15: =F4 -> 2023 | I15: =I4 -> 2024
C16: Inicio | D16: Proceso | E16: Satisfactorio | F16: Inicio | G16: Proceso | H16: Satisfactorio | I16: Inicio | J16: Proceso | K16: Satisfactorio
B17: 2 Primaria | C17: =C6/SUM($C6:$E6) -> 0.54166667 | D17: =D6/SUM($C6:$E6) -> 0.41666667 | E17: =E6/SUM($C6:$E6) -> 0.041666667 | F17: 0.52 | G17: 0.42 | H17: 0.06 | I17: =ROUND(I6/SUM($I6:$K6),2) -> 0.75 | J17: =ROUND(J6/SUM($I6:$K6),2) -> 0.14 | K17: =ROUND(K6/SUM($I6:$K6),2) -> 0.11
B18: 4 Primaria | C18: =C7/SUM($C7:$E7) -> 0.47619048 | D18: =D7/SUM($C7:$E7) -> 0.21428571 | E18: =E7/SUM($C7:$E7) -> 0.30952381 | F18: 0.75 | G18: 0.21 | H18: 0.04 | I18: =ROUND(I7/SUM($I7:$K7),2) -> 0.81 | J18: =ROUND(J7/SUM($I7:$K7),2) -> 0.17 | K18: =ROUND(K7/SUM($I7:$K7),2) -> 0.02
B19: 6 Primaria | C19: =C8/SUM($C8:$E8) -> 0.27536232 | D19: =D8/SUM($C8:$E8) -> 0.49275362 | E19: =E8/SUM($C8:$E8) -> 0.23188406 | F19: 0.46 | G19: 0.42 | H19: 0.12 | I19: =ROUND(I8/SUM($I8:$K8),2) -> 0.78 | J19: =ROUND(J8/SUM($I8:$K8),2) -> 0.18 | K19: =ROUND(K8/SUM($I8:$K8),2) -> 0.05
B20: 2 Secundaria | C20: =C9/SUM($C9:$E9) -> 0.82407407 | D20: =D9/SUM($C9:$E9) -> 0.055555556 | E20: =E9/SUM($C9:$E9) -> 0.12037037 | F20: 0.64 | G20: 0.33 | H20: 0.03 | I20: =ROUND(I9/SUM($I9:$K9),2) -> 0.87 | J20: =ROUND(J9/SUM($I9:$K9),2) -> 0.13 | K20: =ROUND(K9/SUM($I9:$K9),2) -> 0
B21: 4 Secundaria | C21: =C10/SUM($C10:$E10) -> 0.78571429 | D21: =D10/SUM($C10:$E10) -> 0.16071429 | E21: =E10/SUM($C10:$E10) -> 0.053571429 | F21: 0.66 | G21: 0.31 | H21: 0.02 | I21: =ROUND(I10/SUM($I10:$K10),2) -> 0.85 | J21: =ROUND(J10/SUM($I10:$K10),2) -> 0.14 | K21: =ROUND(K10/SUM($I10:$K10),2) -> 0.01
I23: =I6/SUM($I6:$K6) -> 0.75330396 | J23: =J6/SUM($I6:$K6) -> 0.14096916 | K23: =K6/SUM($I6:$K6) -> 0.10572687
A24: Región | B24: 44. Cusco | I24: =I7/SUM($I7:$K7) -> 0.80582524 | J24: =J7/SUM($I7:$K7) -> 0.16990291 | K24: =K7/SUM($I7:$K7) -> 0.024271845
A25: RESULTADO GENERAL RER CUSCO | I25: =I8/SUM($I8:$K8) -> 0.77625571 | J25: =J8/SUM($I8:$K8) -> 0.17808219 | K25: =K8/SUM($I8:$K8) -> 0.0456621
A26: COUNTA of R Producción de textos | C26: Año | D26: R Producción de textos | I26: =I9/SUM($I9:$K9) -> 0.87214612 | J26: =J9/SUM($I9:$K9) -> 0.12785388 | K26: =K9/SUM($I9:$K9) -> 0
C27: 2024 | I27: =I10/SUM($I10:$K10) -> 0.85128205 | J27: =J10/SUM($I10:$K10) -> 0.14358974 | K27: =K10/SUM($I10:$K10) -> 0.0051282051
A28: Nivel | B28: Grado | C28: Inicio | D28: Proceso | E28: Satisfactorio
A29: Secundaria | B29: 2 Secundaria | C29: 5 | D29: 12
B30: 4 Secundaria | C30: 3 | D30: 8 | E30: 13
B38: Grado | C38: =C27 -> 2024 | F38: =F27 -> 0 | I38: =I27 -> 0.85128205
C39: Inicio | D39: Proceso | E39: Satisfactorio | F39: Inicio | G39: Proceso | H39: Satisfactorio | I39: Inicio | J39: Proceso | K39: Satisfactorio
B40: 2 Primaria | C40: 0.68 | D40: 0.27 | E40: 0.05 | F40: 0.43 | G40: 0.4 | H40: 0.17 | I40: =I29/SUM($I29:$K29) -> #DIV/0! | J40: =J29/SUM($I29:$K29) -> #DIV/0! | K40: =K29/SUM($I29:$K29) -> #DIV/0!
B41: 4 Primaria | C41: 0.56 | D41: 0.4 | E41: 0.04 | F41: 0.52 | G41: 0.4 | H41: 0.08 | I41: =I30/SUM($I30:$K30) -> #DIV/0! | J41: =J30/SUM($I30:$K30) -> #DIV/0! | K41: =K30/SUM($I30:$K30) -> #DIV/0!
B42: 6 Primaria | C42: 0.6 | D42: 0.38 | E42: 0.02 | F42: 0.37 | G42: 0.58 | H42: 0.05 | I42: =I31/SUM($I31:$K31) -> #DIV/0! | J42: =J31/SUM($I31:$K31) -> #DIV/0! | K42: =K31/SUM($I31:$K31) -> #DIV/0!
B43: 2 Secundaria | I43: =I32/SUM($I32:$K32) -> #DIV/0! | J43: =J32/SUM($I32:$K32) -> #DIV/0! | K43: =K32/SUM($I32:$K32) -> #DIV/0!
B44: 4 Secundaria | I44: =I33/SUM($I33:$K33) -> #DIV/0! | J44: =J33/SUM($I33:$K33) -> #DIV/0! | K44: =K33/SUM($I33:$K33) -> #DIV/0!
A45: Región | B45: 44. Cusco
A46: ID IE | B46: 14924 DANIEL ALCIDES CARRION
A48: COUNTA of R Producción de textos | C48: R Producción de textos | D48: Año
A50: Institución Educativa | B50: Grado

Sheet LOS 3 AÑOS
A1: ANALISIS | B1: LOS 3 AÑOS
O2: IE | P2: GRADO | Q2: =D2 -> 0 | T2: =G2 -> 0 | W2: =J2 -> 0
A3: COUNTA of R Producción de textos | E3: Año | F3: R Producción de textos | Q3: Inicio | R3: Proceso | S3: Satisfactorio | T3: Inicio | U3: Proceso | V3: Satisfactorio | W3: Inicio | X3: Proceso | Y3: Satisfactorio
E4: 2022 | H4: 2023 | K4: 2024 | O4: =B4 -> 0 | P4: =D4 -> 0 | Q4: =E4/SUM($E4:$G4) -> 1 | R4: =F4/SUM($E4:$G4) -> 0 | S4: =G4/SUM($E4:$G4) -> 0 | T4: =H4/SUM($H4:$J4) -> #DIV/0! | U4: =I4/SUM($H4:$J4) -> #DIV/0! | V4: =J4/SUM($H4:$J4) -> #DIV/0! | W4: =K4/SUM($K4:$M4) -> #DIV/0! | X4: =L4/SUM($K4:$M4) -> #DIV/0! | Y4: =M4/SUM($K4:$M4) -> #DIV/0!
A5: Región | B5: Institución Educativa | C5: Nivel | D5: Grado | E5: Inicio | F5: Proceso | G5: Satisfactorio | H5: Inicio | I5: Proceso | J5: Satisfactorio | K5: Inicio | L5: Proceso | M5: Satisfactorio | P5: =D5 -> Grado | Q5: =E5/SUM($E5:$G5) -> #VALUE! | R5: =F5/SUM($E5:$G5) -> #VALUE! | S5: =G5/SUM($E5:$G5) -> #VALUE! | T5: =H5/SUM($H5:$J5) -> #VALUE! | U5: =I5/SUM($H5:$J5) -> #VALUE! | V5: =J5/SUM($H5:$J5) -> #VALUE! | W5: =K5/SUM($K5:$M5) -> #VALUE! | X5: =L5/SUM($K5:$M5) -> #VALUE! | Y5: =M5/SUM($K5:$M5) -> #VALUE!
A6: 47. Loreto | B6: 6010230 BARBARA D'ACHILLE | C6: Primaria | D6: 4 Primaria | E6: 9 | H6: 8 | K6: 2 | P6: =D6 -> 4 Primaria | Q6: =E6/SUM($E6:$G6) -> 1 | R6: =F6/SUM($E6:$G6) -> 0 | S6: =G6/SUM($E6:$G6) -> 0 | T6: =H6/SUM($H6:$J6) -> 1 | U6: =I6/SUM($H6:$J6) -> 0 | V6: =J6/SUM($H6:$J6) -> 0 | W6: =K6/SUM($K6:$M6) -> 1 | X6: =L6/SUM($K6:$M6) -> 0 | Y6: =M6/SUM($K6:$M6) -> 0
D7: 6 Primaria | E7: 4 | H7: 3 | I7: 2 | K7: 4 | P7: =D7 -> 6 Primaria | Q7: =E7/SUM($E7:$G7) -> 1 | R7: =F7/SUM($E7:$G7) -> 0 | S7: =G7/SUM($E7:$G7) -> 0 | T7: =H7/SUM($H7:$J7) -> 0.6 | U7: =I7/SUM($H7:$J7) -> 0.4 | V7: =J7/SUM($H7:$J7) -> 0 | W7: =K7/SUM($K7:$M7) -> 1 | X7: =L7/SUM($K7:$M7) -> 0 | Y7: =M7/SUM($K7:$M7) -> 0
C8: Secundaria | D8: 2 Secundaria | E8: 7 | H8: 2 | I8: 7 | K8: 8 | O8: =B8 -> 0 | P8: =D8 -> 2 Secundaria | Q8: =E8/SUM($E8:$G8) -> 1 | R8: =F8/SUM($E8:$G8) -> 0 | S8: =G8/SUM($E8:$G8) -> 0 | T8: =H8/SUM($H8:$J8) -> 0.22222222 | U8: =I8/SUM($H8:$J8) -> 0.77777778 | V8: =J8/SUM($H8:$J8) -> 0 | W8: =K8/SUM($K8:$M8) -> 1 | X8: =L8/SUM($K8:$M8) -> 0 | Y8: =M8/SUM($K8:$M8) -> 0
D9: 4 Secundaria | E9: 9 | H9: 2 | I9: 3 | K9: 3 | P9: =D9 -> 4 Secundaria | Q9: =E9/SUM($E9:$G9) -> 1 | R9: =F9/SUM($E9:$G9) -> 0 | S9: =G9/SUM($E9:$G9) -> 0 | T9: =H9/SUM($H9:$J9) -> 0.4 | U9: =I9/SUM($H9:$J9) -> 0.6 | V9: =J9/SUM($H9:$J9) -> 0 | W9: =K9/SUM($K9:$M9) -> 1 | X9: =L9/SUM($K9:$M9) -> 0 | Y9: =M9/SUM($K9:$M9) -> 0
B10: 60133 | C10: Primaria | D10: 2 Primaria | E10: 1 | H10: 9 | I10: 5 | K10: 10 | L10: 1 | P10: =D10 -> 2 Primaria | Q10: =E10/SUM($E10:$G10) -> 1 | R10: =F10/SUM($E10:$G10) -> 0 | S10: =G10/SUM($E10:$G10) -> 0 | T10: =H10/SUM($H10:$J10) -> 0.64285714 | U10: =I10/SUM($H10:$J10) -> 0.35714286 | V10: =J10/SUM($H10:$J10) -> 0 | W10: =K10/SUM($K10:$M10) -> 0.90909091 | X10: =L10/SUM($K10:$M10) -> 0.090909091 | Y10: =M10/SUM($K10:$M10) -> 0
D11: 6 Primaria | E11: 2 | F11: 1 | H11: 22 | I11: 2 | K11: 12 | P11: =D11 -> 6 Primaria | Q11: =E11/SUM($E11:$G11) -> 0.66666667 | R11: =F11/SUM($E11:$G11) -> 0.33333333 | S11: =G11/SUM($E11:$G11) -> 0 | T11: =H11/SUM($H11:$J11) -> 0.91666667 | U11: =I11/SUM($H11:$J11) -> 0.083333333 | V11: =J11/SUM($H11:$J11) -> 0 | W11: =K11/SUM($K11:$M11) -> 1 | X11: =L11/SUM($K11:$M11) -> 0 | Y11: =M11/SUM($K11:$M11) -> 0
C12: Secundaria | D12: 2 Secundaria | E12: 31 | I12: 22 | K12: 25 | O12: =B12 -> 0 | P12: =D12 -> 2 Secundaria | Q12: =E12/SUM($E12:$G12) -> 1 | R12: =F12/SUM($E12:$G12) -> 0 | S12: =G12/SUM($E12:$G12) -> 0 | T12: =H12/SUM($H12:$J12) -> 0 | U12: =I12/SUM($H12:$J12) -> 1 | V12: =J12/SUM($H12:$J12) -> 0 | W12: =K12/SUM($K12:$M12) -> 1 | X12: =L12/SUM($K12:$M12) -> 0 | Y12: =M12/SUM($K12:$M12) -> 0
D13: 4 Secundaria | E13: 18 | H13: 1 | I13: 13 | K13: 20 | L13: 2 | P13: =D13 -> 4 Secundaria | Q13: =E13/SUM($E13:$G13) -> 1 | R13: =F13/SUM($E13:$G13) -> 0 | S13: =G13/SUM($E13:$G13) -> 0 | T13: =H13/SUM($H13:$J13) -> 0.071428571 | U13: =I13/SUM($H13:$J13) -> 0.92857143 | V13: =J13/SUM($H13:$J13) -> 0 | W13: =K13/SUM($K13:$M13) -> 0.90909091 | X13: =L13/SUM($K13:$M13) -> 0.090909091 | Y13: =M13/SUM($K13:$M13) -> 0
B14: 601331 | C14: Primaria | D14: 2 Primaria | F14: 1 | H14: 20 | I14: 2 | K14: 9 | P14: =D14 -> 2 Primaria | Q14: =E14/SUM($E14:$G14) -> 0 | R14: =F14/SUM($E14:$G14) -> 1 | S14: =G14/SUM($E14:$G14) -> 0 | T14: =H14/SUM($H14:$J14) -> 0.90909091 | U14: =I14/SUM($H14:$J14) -> 0.090909091 | V14: =J14/SUM($H14:$J14) -> 0 | W14: =K14/SUM($K14:$M14) -> 1 | X14: =L14/SUM($K14:$M14) -> 0 | Y14: =M14/SUM($K14:$M14) -> 0
D15: 4 Primaria | G15: 1 | H15: 12 | I15: 1 | K15: 5 | L15: 2 | P15: =D15 -> 4 Primaria | Q15: =E15/SUM($E15:$G15) -> 0 | R15: =F15/SUM($E15:$G15) -> 0 | S15: =G15/SUM($E15:$G15) -> 1 | T15: =H15/SUM($H15:$J15) -> 0.92307692 | U15: =I15/SUM($H15:$J15) -> 0.076923077 | V15: =J15/SUM($H15:$J15) -> 0 | W15: =K15/SUM($K15:$M15) -> 0.71428571 | X15: =L15/SUM($K15:$M15) -> 0.28571429 | Y15: =M15/SUM($K15:$M15) -> 0
D16: 6 Primaria | E16: 9 | H16: 17 | I16: 1 | L16: 8 | M16: 1 | P16: =D16 -> 6 Primaria | Q16: =E16/SUM($E16:$G16) -> 1 | R16: =F16/SUM($E16:$G16) -> 0 | S16: =G16/SUM($E16:$G16) -> 0 | T16: =H16/SUM($H16:$J16) -> 0.94444444 | U16: =I16/SUM($H16:$J16) -> 0.055555556 | V16: =J16/SUM($H16:$J16) -> 0 | W16: =K16/SUM($K16:$M16) -> 0 | X16: =L16/SUM($K16:$M16) -> 0.88888889 | Y16: =M16/SUM($K16:$M16) -> 0.11111111
C17: Secundaria | D17: 2 Secundaria | E17: 13 | G17: 1 | H17: 10 | I17: 4 | K17: 4 | L17: 8 | O17: =B17 -> 0 | P17: =D17 -> 2 Secundaria | Q17: =E17/SUM($E17:$G17) -> 0.92857143 | R17: =F17/SUM($E17:$G17) -> 0 | S17: =G17/SUM($E17:$G17) -> 0.071428571 | T17: =H17/SUM($H17:$J17) -> 0.71428571 | U17: =I17/SUM($H17:$J17) -> 0.28571429 | V17: =J17/SUM($H17:$J17) -> 0 | W17: =K17/SUM($K17:$M17) -> 0.33333333 | X17: =L17/SUM($K17:$M17) -> 0.66666667 | Y17: =M17/SUM($K17:$M17) -> 0
D18: 4 Secundaria | E18: 10 | F18: 2 | G18: 4 | H18: 15 | K18: 2 | L18: 9 | O18: =B18 -> 0 | P18: =D18 -> 4 Secundaria | Q18: =E18/SUM($E18:$G18) -> 0.625 | R18: =F18/SUM($E18:$G18) -> 0.125 | S18: =G18/SUM($E18:$G18) -> 0.25 | T18: =H18/SUM($H18:$J18) -> 1 | U18: =I18/SUM($H18:$J18) -> 0 | V18: =J18/SUM($H18:$J18) -> 0 | W18: =K18/SUM($K18:$M18) -> 0.18181818 | X18: =L18/SUM($K18:$M18) -> 0.81818182 | Y18: =M18/SUM($K18:$M18) -> 0
B19: 601448 | C19: Primaria | D19: 4 Primaria | E19: 3 | H19: 4 | I19: 2 | J19: 1 | K19: 2 | P19: =D19 -> 4 Primaria | Q19: =E19/SUM($E19:$G19) -> 1 | R19: =F19/SUM($E19:$G19) -> 0 | S19: =G19/SUM($E19:$G19) -> 0 | T19: =H19/SUM($H19:$J19) -> 0.57142857 | U19: =I19/SUM($H19:$J19) -> 0.28571429 | V19: =J19/SUM($H19:$J19) -> 0.14285714 | W19: =K19/SUM($K19:$M19) -> 1 | X19: =L19/SUM($K19:$M19) -> 0 | Y19: =M19/SUM($K19:$M19) -> 0
B20: EL MILAGRO | C20: Secundaria | D20: 2 Secundaria | E20: 15 | H20: 33 | I20: 5 | J20: 2 | K20: 22 | L20: 4 | O20: =B20 -> EL MILAGRO | P20: =D20 -> 2 Secundaria | Q20: =E20/SUM($E20:$G20) -> 1 | R20: =F20/SUM($E20:$G20) -> 0 | S20: =G20/SUM($E20:$G20) -> 0 | T20: =H20/SUM($H20:$J20) -> 0.825 | U20: =I20/SUM($H20:$J20) -> 0.125 | V20: =J20/SUM($H20:$J20) -> 0.05 | W20: =K20/SUM($K20:$M20) -> 0.84615385 | X20: =L20/SUM($K20:$M20) -> 0.15384615 | Y20: =M20/SUM($K20:$M20) -> 0
D21: 4 Secundaria | E21: 23 | F21: 1 | H21: 13 | I21: 8 | J21: 2 | K21: 23 | L21: 1 | O21: =B21 -> 0 | P21: =D21 -> 4 Secundaria | Q21: =E21/SUM($E21:$G21) -> 0.95833333 | R21: =F21/SUM($E21:$G21) -> 0.041666667 | S21: =G21/SUM($E21:$G21) -> 0 | T21: =H21/SUM($H21:$J21) -> 0.56521739 | U21: =I21/SUM($H21:$J21) -> 0.34782609 | V21: =J21/SUM($H21:$J21) -> 0.086956522 | W21: =K21/SUM($K21:$M21) -> 0.95833333 | X21: =L21/SUM($K21:$M21) -> 0.041666667 | Y21: =M21/SUM($K21:$M21) -> 0
A22: Total 47. Loreto | E22: 154 | F22: 5 | G22: 6 | H22: 171 | I22: 77 | J22: 5 | K22: 151 | L22: 35 | M22: 1 | P22: =D22 -> 0 | Q22: =E22/SUM($E22:$G22) -> 0.93333333 | R22: =F22/SUM($E22:$G22) -> 0.03030303 | S22: =G22/SUM($E22:$G22) -> 0.036363636 | T22: =H22/SUM($H22:$J22) -> 0.67588933 | U22: =I22/SUM($H22:$J22) -> 0.30434783 | V22: =J22/SUM($H22:$J22) -> 0.019762846 | W22: =K22/SUM($K22:$M22) -> 0.80748663 | X22: =L22/SUM($K22:$M22) -> 0.18716578 | Y22: =M22/SUM($K22:$M22) -> 0.0053475936
A23: 54. Ancash | B23: 86809 | C23: Primaria | D23: 2 Primaria | E23: 1 | H23: 1 | I23: 2 | K23: 1 | P23: =D23 -> 2 Primaria | Q23: =E23/SUM($E23:$G23) -> 1 | R23: =F23/SUM($E23:$G23) -> 0 | S23: =G23/SUM($E23:$G23) -> 0 | T23: =H23/SUM($H23:$J23) -> 0.33333333 | U23: =I23/SUM($H23:$J23) -> 0.66666667 | V23: =J23/SUM($H23:$J23) -> 0 | W23: =K23/SUM($K23:$M23) -> 1 | X23: =L23/SUM($K23:$M23) -> 0 | Y23: =M23/SUM($K23:$M23) -> 0
D24: 4 Primaria | E24: 1 | H24: 2 | K24: 4 | O24: =B24 -> 0 | P24: =D24 -> 4 Primaria | Q24: =E24/SUM($E24:$G24) -> 1 | R24: =F24/SUM($E24:$G24) -> 0 | S24: =G24/SUM($E24:$G24) -> 0 | T24: =H24/SUM($H24:$J24) -> 1 | U24: =I24/SUM($H24:$J24) -> 0 | V24: =J24/SUM($H24:$J24) -> 0 | W24: =K24/SUM($K24:$M24) -> 1 | X24: =L24/SUM($K24:$M24) -> 0 | Y24: =M24/SUM($K24:$M24) -> 0
D25: 6 Primaria | E25: 1 | F25: 3 | H25: 4 | K25: 2 | O25: =B25 -> 0 | P25: =D25 -> 6 Primaria | Q25: =E25/SUM($E25:$G25) -> 0.25 | R25: =F25/SUM($E25:$G25) -> 0.75 | S25: =G25/SUM($E25:$G25) -> 0 | T25: =H25/SUM($H25:$J25) -> 1 | U25: =I25/SUM($H25:$J25) -> 0 | V25: =J25/SUM($H25:$J25) -> 0 | W25: =K25/SUM($K25:$M25) -> 1 | X25: =L25/SUM($K25:$M25) -> 0 | Y25: =M25/SUM($K25:$M25) -> 0
A26: Total 54. Ancash | E26: 3 | F26: 3 | H26: 7 | I26: 2 | K26: 7 | P26: =D26 -> 0 | Q26: =E26/SUM($E26:$G26) -> 0.5 | R26: =F26/SUM($E26:$G26) -> 0.5 | S26: =G26/SUM($E26:$G26) -> 0 | T26: =H26/SUM($H26:$J26) -> 0.77777778 | U26: =I26/SUM($H26:$J26) -> 0.22222222 | V26: =J26/SUM($H26:$J26) -> 0 | W26: =K26/SUM($K26:$M26) -> 1 | X26: =L26/SUM($K26:$M26) -> 0 | Y26: =M26/SUM($K26:$M26) -> 0
A27: 72. Ucayali | B27: 64028 | C27: Primaria | D27: 2 Primaria | F27: 3 | G27: 1 | H27: 5 | I27: 10 | K27: 3 | O27: =B27 -> 64028 | P27: =D27 -> 2 Primaria | Q27: =E27/SUM($E27:$G27) -> 0 | R27: =F27/SUM($E27:$G27) -> 0.75 | S27: =G27/SUM($E27:$G27) -> 0.25 | T27: =H27/SUM($H27:$J27) -> 0.33333333 | U27: =I27/SUM($H27:$J27) -> 0.66666667 | V27: =J27/SUM($H27:$J27) -> 0 | W27: =K27/SUM($K27:$M27) -> 1 | X27: =L27/SUM($K27:$M27) -> 0 | Y27: =M27/SUM($K27:$M27) -> 0
D28: 4 Primaria | F28: 6 | G28: 6 | H28: 3 | I28: 1 | J28: 1 | K28: 2 | L28: 2 | O28: =B28 -> 0 | P28: =D28 -> 4 Primaria | Q28: =E28/SUM($E28:$G28) -> 0 | R28: =F28/SUM($E28:$G28) -> 0.5 | S28: =G28/SUM($E28:$G28) -> 0.5 | T28: =H28/SUM($H28:$J28) -> 0.6 | U28: =I28/SUM($H28:$J28) -> 0.2 | V28: =J28/SUM($H28:$J28) -> 0.2 | W28: =K28/SUM($K28:$M28) -> 0.5 | X28: =L28/SUM($K28:$M28) -> 0.5 | Y28: =M28/SUM($K28:$M28) -> 0
A29: Total 72. Ucayali | F29: 9 | G29: 7 | H29: 8 | I29: 11 | J29: 1 | K29: 5 | L29: 2 | O29: =B29 -> 0 | P29: =D29 -> 0 | Q29: =E29/SUM($E29:$G29) -> 0 | R29: =F29/SUM($E29:$G29) -> 0.5625 | S29: =G29/SUM($E29:$G29) -> 0.4375 | T29: =H29/SUM($H29:$J29) -> 0.4 | U29: =I29/SUM($H29:$J29) -> 0.55 | V29: =J29/SUM($H29:$J29) -> 0.05 | W29: =K29/SUM($K29:$M29) -> 0.71428571 | X29: =L29/SUM($K29:$M29) -> 0.28571429 | Y29: =M29/SUM($K29:$M29) -> 0
O30: =B30 -> 0 | P30: =D30 -> 0 | Q30: =E30/SUM($E30:$G30) -> #DIV/0! | R30: =F30/SUM($E30:$G30) -> #DIV/0! | S30: =G30/SUM($E30:$G30) -> #DIV/0! | T30: =H30/SUM($H30:$J30) -> #DIV/0! | U30: =I30/SUM($H30:$J30) -> #DIV/0! | V30: =J30/SUM($H30:$J30) -> #DIV/0! | W30: =K30/SUM($K30:$M30) -> #DIV/0! | X30: =L30/SUM($K30:$M30) -> #DIV/0! | Y30: =M30/SUM($K30:$M30) -> #DIV/0!
O31: =B31 -> 0 | P31: =D31 -> 0 | Q31: =E31/SUM($E31:$G31) -> #DIV/0! | R31: =F31/SUM($E31:$G31) -> #DIV/0! | S31: =G31/SUM($E31:$G31) -> #DIV/0! | T31: =H31/SUM($H31:$J31) -> #DIV/0! | U31: =I31/SUM($H31:$J31) -> #DIV/0! | V31: =J31/SUM($H31:$J31) -> #DIV/0! | W31: =K31/SUM($K31:$M31) -> #DIV/0! | X31: =L31/SUM($K31:$M31) -> #DIV/0! | Y31: =M31/SUM($K31:$M31) -> #DIV/0!
O32: =B32 -> 0 | P32: =D32 -> 0 | Q32: =E32/SUM($E32:$G32) -> #DIV/0! | R32: =F32/SUM($E32:$G32) -> #DIV/0! | S32: =G32/SUM($E32:$G32) -> #DIV/0! | T32: =H32/SUM($H32:$J32) -> #DIV/0! | U32: =I32/SUM($H32:$J32) -> #DIV/0! | V32: =J32/SUM($H32:$J32) -> #DIV/0! | W32: =K32/SUM($K32:$M32) -> #DIV/0! | X32: =L32/SUM($K32:$M32) -> #DIV/0! | Y32: =M32/SUM($K32:$M32) -> #DIV/0!
O33: =B33 -> 0 | P33: =D33 -> 0 | Q33: =E33/SUM($E33:$G33) -> #DIV/0! | R33: =F33/SUM($E33:$G33) -> #DIV/0! | S33: =G33/SUM($E33:$G33) -> #DIV/0! | T33: =H33/SUM($H33:$J33) -> #DIV/0! | U33: =I33/SUM($H33:$J33) -> #DIV/0! | V33: =J33/SUM($H33:$J33) -> #DIV/0! | W33: =K33/SUM($K33:$M33) -> #DIV/0! | X33: =L33/SUM($K33:$M33) -> #DIV/0! | Y33: =M33/SUM($K33:$M33) -> #DIV/0!
O34: =B34 -> 0 | P34: =D34 -> 0 | Q34: =E34/SUM($E34:$G34) -> #DIV/0! | R34: =F34/SUM($E34:$G34) -> #DIV/0! | S34: =G34/SUM($E34:$G34) -> #DIV/0! | T34: =H34/SUM($H34:$J34) -> #DIV/0! | U34: =I34/SUM($H34:$J34) -> #DIV/0! | V34: =J34/SUM($H34:$J34) -> #DIV/0! | W34: =K34/SUM($K34:$M34) -> #DIV/0! | X34: =L34/SUM($K34:$M34) -> #DIV/0! | Y34: =M34/SUM($K34:$M34) -> #DIV/0!
O35: =B35 -> 0 | P35: =D35 -> 0 | Q35: =E35/SUM($E35:$G35) -> #DIV/0! | R35: =F35/SUM($E35:$G35) -> #DIV/0! | S35: =G35/SUM($E35:$G35) -> #DIV/0! | T35: =H35/SUM($H35:$J35) -> #DIV/0! | U35: =I35/SUM($H35:$J35) -> #DIV/0! | V35: =J35/SUM($H35:$J35) -> #DIV/0! | W35: =K35/SUM($K35:$M35) -> #DIV/0! | X35: =L35/SUM($K35:$M35) -> #DIV/0! | Y35: =M35/SUM($K35:$M35) -> #DIV/0!
O36: =B36 -> 0 | P36: =D36 -> 0 | Q36: =E36/SUM($E36:$G36) -> #DIV/0! | R36: =F36/SUM($E36:$G36) -> #DIV/0! | S36: =G36/SUM($E36:$G36) -> #DIV/0! | T36: =H36/SUM($H36:$J36) -> #DIV/0! | U36: =I36/SUM($H36:$J36) -> #DIV/0! | V36: =J36/SUM($H36:$J36) -> #DIV/0! | W36: =K36/SUM($K36:$M36) -> #DIV/0! | X36: =L36/SUM($K36:$M36) -> #DIV/0! | Y36: =M36/SUM($K36:$M36) -> #DIV/0!
O37: =B37 -> 0 | P37: =D37 -> 0 | Q37: =E37/SUM($E37:$G37) -> #DIV/0! | R37: =F37/SUM($E37:$G37) -> #DIV/0! | S37: =G37/SUM($E37:$G37) -> #DIV/0! | T37: =H37/SUM($H37:$J37) -> #DIV/0! | U37: =I37/SUM($H37:$J37) -> #DIV/0! | V37: =J37/SUM($H37:$J37) -> #DIV/0! | W37: =K37/SUM($K37:$M37) -> #DIV/0! | X37: =L37/SUM($K37:$M37) -> #DIV/0! | Y37: =M37/SUM($K37:$M37) -> #DIV/0!
O38: =B38 -> 0 | P38: =D38 -> 0 | Q38: =E38/SUM($E38:$G38) -> #DIV/0! | R38: =F38/SUM($E38:$G38) -> #DIV/0! | S38: =G38/SUM($E38:$G38) -> #DIV/0! | T38: =H38/SUM($H38:$J38) -> #DIV/0! | U38: =I38/SUM($H38:$J38) -> #DIV/0! | V38: =J38/SUM($H38:$J38) -> #DIV/0! | W38: =K38/SUM($K38:$M38) -> #DIV/0! | X38: =L38/SUM($K38:$M38) -> #DIV/0! | Y38: =M38/SUM($K38:$M38) -> #DIV/0!
O39: =B39 -> 0 | P39: =D39 -> 0 | Q39: =E39/SUM($E39:$G39) -> #DIV/0! | R39: =F39/SUM($E39:$G39) -> #DIV/0! | S39: =G39/SUM($E39:$G39) -> #DIV/0! | T39: =H39/SUM($H39:$J39) -> #DIV/0! | U39: =I39/SUM($H39:$J39) -> #DIV/0! | V39: =J39/SUM($H39:$J39) -> #DIV/0! | W39: =K39/SUM($K39:$M39) -> #DIV/0! | X39: =L39/SUM($K39:$M39) -> #DIV/0! | Y39: =M39/SUM($K39:$M39) -> #DIV/0!
O40: =B40 -> 0 | P40: =D40 -> 0 | Q40: =E40/SUM($E40:$G40) -> #DIV/0! | R40: =F40/SUM($E40:$G40) -> #DIV/0! | S40: =G40/SUM($E40:$G40) -> #DIV/0! | T40: =H40/SUM($H40:$J40) -> #DIV/0! | U40: =I40/SUM($H40:$J40) -> #DIV/0! | V40: =J40/SUM($H40:$J40) -> #DIV/0! | W40: =K40/SUM($K40:$M40) -> #DIV/0! | X40: =L40/SUM($K40:$M40) -> #DIV/0! | Y40: =M40/SUM($K40:$M40) -> #DIV/0!
O41: =B41 -> 0 | P41: =D41 -> 0 | Q41: =E41/SUM($E41:$G41) -> #DIV/0! | R41: =F41/SUM($E41:$G41) -> #DIV/0! | S41: =G41/SUM($E41:$G41) -> #DIV/0! | T41: =H41/SUM($H41:$J41) -> #DIV/0! | U41: =I41/SUM($H41:$J41) -> #DIV/0! | V41: =J41/SUM($H41:$J41) -> #DIV/0! | W41: =K41/SUM($K41:$M41) -> #DIV/0! | X41: =L41/SUM($K41:$M41) -> #DIV/0! | Y41: =M41/SUM($K41:$M41) -> #DIV/0!
... O56: =B56 -> 0 | P56: =D56 -> 0 | Q56: =E56/SUM($E56:$G56) -> #DIV/0! | R56: =F56/SUM($E56:$G56) -> #DIV/0! | S56: =G56/SUM($E56:$G56) -> #DIV/0! | T56: =H56/SUM($H56:$J56) -> #DIV/0! | U56: =I56/SUM($H56:$J56) -> #DIV/0! | V56: =J56/SUM($H56:$J56) -> #DIV/0! | W56: =K56/SUM($K56:$M56) -> #DIV/0! | X56: =L56/SUM($K56:$M56) -> #DIV/0! | Y56: =M56/SUM($K56:$M56) -> #DIV/0!
P57: =D57 -> 0 | Q57: =E57/SUM($E57:$G57) -> #DIV/0! | R57: =F57/SUM($E57:$G57) -> #DIV/0! | S57: =G57/SUM($E57:$G57) -> #DIV/0! | T57: =H57/SUM($H57:$J57) -> #DIV/0! | U57: =I57/SUM($H57:$J57) -> #DIV/0! | V57: =J57/SUM($H57:$J57) -> #DIV/0! | W57: =K57/SUM($K57:$M57) -> #DIV/0! | X57: =L57/SUM($K57:$M57) -> #DIV/0! | Y57: =M57/SUM($K57:$M57) -> #DIV/0!
O58: =B58 -> 0 | P58: =D58 -> 0 | Q58: =E58/SUM($E58:$G58) -> #DIV/0! | R58: =F58/SUM($E58:$G58) -> #DIV/0! | S58: =G58/SUM($E58:$G58) -> #DIV/0! | T58: =H58/SUM($H58:$J58) -> #DIV/0! | U58: =I58/SUM($H58:$J58) -> #DIV/0! | V58: =J58/SUM($H58:$J58) -> #DIV/0! | W58: =K58/SUM($K58:$M58) -> #DIV/0! | X58: =L58/SUM($K58:$M58) -> #DIV/0! | Y58: =M58/SUM($K58:$M58) -> #DIV/0!
P59: =D59 -> 0 | Q59: =E59/SUM($E59:$G59) -> #DIV/0! | R59: =F59/SUM($E59:$G59) -> #DIV/0! | S59: =G59/SUM($E59:$G59) -> #DIV/0! | T59: =H59/SUM($H59:$J59) -> #DIV/0! | U59: =I59/SUM($H59:$J59) -> #DIV/0! | V59: =J59/SUM($H59:$J59) -> #DIV/0! | W59: =K59/SUM($K59:$M59) -> #DIV/0! | X59: =L59/SUM($K59:$M59) -> #DIV/0! | Y59: =M59/SUM($K59:$M59) -> #DIV/0!
O60: =B60 -> 0 | P60: =D60 -> 0 | Q60: =E60/SUM($E60:$G60) -> #DIV/0! | R60: =F60/SUM($E60:$G60) -> #DIV/0! | S60: =G60/SUM($E60:$G60) -> #DIV/0! | T60: =H60/SUM($H60:$J60) -> #DIV/0! | U60: =I60/SUM($H60:$J60) -> #DIV/0! | V60: =J60/SUM($H60:$J60) -> #DIV/0! | W60: =K60/SUM($K60:$M60) -> #DIV/0! | X60: =L60/SUM($K60:$M60) -> #DIV/0! | Y60: =M60/SUM($K60:$M60) -> #DIV/0!
P61: =D61 -> 0 | Q61: =E61/SUM($E61:$G61) -> #DIV/0! | R61: =F61/SUM($E61:$G61) -> #DIV/0! | S61: =G61/SUM($E61:$G61) -> #DIV/0! | T61: =H61/SUM($H61:$J61) -> #DIV/0! | U61: =I61/SUM($H61:$J61) -> #DIV/0! | V61: =J61/SUM($H61:$J61) -> #DIV/0! | W61: =K61/SUM($K61:$M61) -> #DIV/0! | X61: =L61/SUM($K61:$M61) -> #DIV/0! | Y61: =M61/SUM($K61:$M61) -> #DIV/0!
P62: =D62 -> 0 | Q62: =E62/SUM($E62:$G62) -> #DIV/0! | R62: =F62/SUM($E62:$G62) -> #DIV/0! | S62: =G62/SUM($E62:$G62) -> #DIV/0! | T62: =H62/SUM($H62:$J62) -> #DIV/0! | U62: =I62/SUM($H62:$J62) -> #DIV/0! | V62: =J62/SUM($H62:$J62) -> #DIV/0! | W62: =K62/SUM($K62:$M62) -> #DIV/0! | X62: =L62/SUM($K62:$M62) -> #DIV/0! | Y62: =M62/SUM($K62:$M62) -> #DIV/0!
O63: =B63 -> 0 | P63: =D63 -> 0 | Q63: =E63/SUM($E63:$G63) -> #DIV/0! | R63: =F63/SUM($E63:$G63) -> #DIV/0! | S63: =G63/SUM($E63:$G63) -> #DIV/0! | T63: =H63/SUM($H63:$J63) -> #DIV/0! | U63: =I63/SUM($H63:$J63) -> #DIV/0! | V63: =J63/SUM($H63:$J63) -> #DIV/0! | W63: =K63/SUM($K63:$M63) -> #DIV/0! | X63: =L63/SUM($K63:$M63) -> #DIV/0! | Y63: =M63/SUM($K63:$M63) -> #DIV/0!
O64: =B64 -> 0 | P64: =D64 -> 0 | Q64: =E64/SUM($E64:$G64) -> #DIV/0! | R64: =F64/SUM($E64:$G64) -> #DIV/0! | S64: =G64/SUM($E64:$G64) -> #DIV/0! | T64: =H64/SUM($H64:$J64) -> #DIV/0! | U64: =I64/SUM($H64:$J64) -> #DIV/0! | V64: =J64/SUM($H64:$J64) -> #DIV/0! | W64: =K64/SUM($K64:$M64) -> #DIV/0! | X64: =L64/SUM($K64:$M64) -> #DIV/0! | Y64: =M64/SUM($K64:$M64) -> #DIV/0!
P65: =D65 -> 0 | Q65: =E65/SUM($E65:$G65) -> #DIV/0! | R65: =F65/SUM($E65:$G65) -> #DIV/0! | S65: =G65/SUM($E65:$G65) -> #DIV/0! | T65: =H65/SUM($H65:$J65) -> #DIV/0! | U65: =I65/SUM($H65:$J65) -> #DIV/0! | V65: =J65/SUM($H65:$J65) -> #DIV/0! | W65: =K65/SUM($K65:$M65) -> #DIV/0! | X65: =L65/SUM($K65:$M65) -> #DIV/0! | Y65: =M65/SUM($K65:$M65) -> #DIV/0!
P66: =D66 -> 0 | Q66: =E66/SUM($E66:$G66) -> #DIV/0! | R66: =F66/SUM($E66:$G66) -> #DIV/0! | S66: =G66/SUM($E66:$G66) -> #DIV/0! | T66: =H66/SUM($H66:$J66) -> #DIV/0! | U66: =I66/SUM($H66:$J66) -> #DIV/0! | V66: =J66/SUM($H66:$J66) -> #DIV/0! | W66: =K66/SUM($K66:$M66) -> #DIV/0! | X66: =L66/SUM($K66:$M66) -> #DIV/0! | Y66: =M66/SUM($K66:$M66) -> #DIV/0!
P67: =D67 -> 0 | Q67: =E67/SUM($E67:$G67) -> #DIV/0! | R67: =F67/SUM($E67:$G67) -> #DIV/0! | S67: =G67/SUM($E67:$G67) -> #DIV/0! | T67: =H67/SUM($H67:$J67) -> #DIV/0! | U67: =I67/SUM($H67:$J67) -> #DIV/0! | V67: =J67/SUM($H67:$J67) -> #DIV/0! | W67: =K67/SUM($K67:$M67) -> #DIV/0! | X67: =L67/SUM($K67:$M67) -> #DIV/0! | Y67: =M67/SUM($K67:$M67) -> #DIV/0!
O68: =B68 -> 0 | P68: =D68 -> 0 | Q68: =E68/SUM($E68:$G68) -> #DIV/0! | R68: =F68/SUM($E68:$G68) -> #DIV/0! | S68: =G68/SUM($E68:$G68) -> #DIV/0! | T68: =H68/SUM($H68:$J68) -> #DIV/0! | U68: =I68/SUM($H68:$J68) -> #DIV/0! | V68: =J68/SUM($H68:$J68) -> #DIV/0! | W68: =K68/SUM($K68:$M68) -> #DIV/0! | X68: =L68/SUM($K68:$M68) -> #DIV/0! | Y68: =M68/SUM($K68:$M68) -> #DIV/0!
P69: =D69 -> 0 | Q69: =E69/SUM($E69:$G69) -> #DIV/0! | R69: =F69/SUM($E69:$G69) -> #DIV/0! | S69: =G69/SUM($E69:$G69) -> #DIV/0! | T69: =H69/SUM($H69:$J69) -> #DIV/0! | U69: =I69/SUM($H69:$J69) -> #DIV/0! | V69: =J69/SUM($H69:$J69) -> #DIV/0! | W69: =K69/SUM($K69:$M69) -> #DIV/0! | X69: =L69/SUM($K69:$M69) -> #DIV/0! | Y69: =M69/SUM($K69:$M69) -> #DIV/0!
O70: =B70 -> 0 | P70: =D70 -> 0 | Q70: =E70/SUM($E70:$G70) -> #DIV/0! | R70: =F70/SUM($E70:$G70) -> #DIV/0! | S70: =G70/SUM($E70:$G70) -> #DIV/0! | T70: =H70/SUM($H70:$J70) -> #DIV/0! | U70: =I70/SUM($H70:$J70) -> #DIV/0! | V70: =J70/SUM($H70:$J70) -> #DIV/0! | W70: =K70/SUM($K70:$M70) -> #DIV/0! | X70: =L70/SUM($K70:$M70) -> #DIV/0! | Y70: =M70/SUM($K70:$M70) -> #DIV/0!
P71: =D71 -> 0 | Q71: =E71/SUM($E71:$G71) -> #DIV/0! | R71: =F71/SUM($E71:$G71) -> #DIV/0! | S71: =G71/SUM($E71:$G71) -> #DIV/0! | T71: =H71/SUM($H71:$J71) -> #DIV/0! | U71: =I71/SUM($H71:$J71) -> #DIV/0! | V71: =J71/SUM($H71:$J71) -> #DIV/0! | W71: =K71/SUM($K71:$M71) -> #DIV/0! | X71: =L71/SUM($K71:$M71) -> #DIV/0! | Y71: =M71/SUM($K71:$M71) -> #DIV/0!
O72: =B72 -> 0 | P72: =D72 -> 0 | Q72: =E72/SUM($E72:$G72) -> #DIV/0! | R72: =F72/SUM($E72:$G72) -> #DIV/0! | S72: =G72/SUM($E72:$G72) -> #DIV/0! | T72: =H72/SUM($H72:$J72) -> #DIV/0! | U72: =I72/SUM($H72:$J72) -> #DIV/0! | V72: =J72/SUM($H72:$J72) -> #DIV/0! | W72: =K72/SUM($K72:$M72) -> #DIV/0! | X72: =L72/SUM($K72:$M72) -> #DIV/0! | Y72: =M72/SUM($K72:$M72) -> #DIV/0!

Sheet 2022,24
A1: ANALISIS | B1: SOLO 2022 Y 2024
N2: IE | O2: GRADO | P2: =D2 -> 0 | S2: =G2 -> 0
A3: COUNTA of R Producción de textos | E3: Año | F3: R Producción de textos | P3: Inicio | Q3: Proceso | R3: Satisfactorio | S3: Inicio | T3: Proceso | U3: Satisfactorio
E4: 2022 | H4: 2024 | N4: =B4 -> 0 | O4: =D4 -> 0 | P4: =E4/SUM($E4:$G4) -> 1 | Q4: =F4/SUM($E4:$G4) -> 0 | R4: =G4/SUM($E4:$G4) -> 0 | S4: =H4/SUM($H4:$J4) -> #DIV/0! | T4: =I4/SUM($H4:$J4) -> #DIV/0! | U4: =J4/SUM($H4:$J4) -> #DIV/0!
A5: Región | B5: Institución Educativa | C5: Nivel | D5: Grado | E5: Inicio | F5: Proceso | G5: Satisfactorio | H5: Inicio | I5: Proceso | J5: Satisfactorio | O5: =D5 -> Grado | P5: =E5/SUM($E5:$G5) -> #VALUE! | Q5: =F5/SUM($E5:$G5) -> #VALUE! | R5: =G5/SUM($E5:$G5) -> #VALUE! | S5: =H5/SUM($H5:$J5) -> #VALUE! | T5: =I5/SUM($H5:$J5) -> #VALUE! | U5: =J5/SUM($H5:$J5) -> #VALUE!
A6: 54. Ancash | B6: 86548 JOSE MARIA VELAZ | C6: Secundaria | D6: 2 Secundaria | E6: 5 | H6: 20 | N6: =B6 -> 86548 JOSE MARIA VELAZ | O6: =D6 -> 2 Secundaria | P6: =E6/SUM($E6:$G6) -> 1 | Q6: =F6/SUM($E6:$G6) -> 0 | R6: =G6/SUM($E6:$G6) -> 0 | S6: =H6/SUM($H6:$J6) -> 1 | T6: =I6/SUM($H6:$J6) -> 0 | U6: =J6/SUM($H6:$J6) -> 0
D7: 4 Secundaria | E7: 2 | H7: 21 | O7: =D7 -> 4 Secundaria | P7: =E7/SUM($E7:$G7) -> 1 | Q7: =F7/SUM($E7:$G7) -> 0 | R7: =G7/SUM($E7:$G7) -> 0 | S7: =H7/SUM($H7:$J7) -> 1 | T7: =I7/SUM($H7:$J7) -> 0 | U7: =J7/SUM($H7:$J7) -> 0
B8: 86769 ABRAHAM VALDELOMAR | C8: Primaria | D8: 4 Primaria | E8: 3 | H8: 5 | O8: =D8 -> 4 Primaria | P8: =E8/SUM($E8:$G8) -> 1 | Q8: =F8/SUM($E8:$G8) -> 0 | R8: =G8/SUM($E8:$G8) -> 0 | S8: =H8/SUM($H8:$J8) -> 1 | T8: =I8/SUM($H8:$J8) -> 0 | U8: =J8/SUM($H8:$J8) -> 0
D9: 6 Primaria | E9: 1 | H9: 5 | N9: =B9 -> 0 | O9: =D9 -> 6 Primaria | P9: =E9/SUM($E9:$G9) -> 1 | Q9: =F9/SUM($E9:$G9) -> 0 | R9: =G9/SUM($E9:$G9) -> 0 | S9: =H9/SUM($H9:$J9) -> 1 | T9: =I9/SUM($H9:$J9) -> 0 | U9: =J9/SUM($H9:$J9) -> 0
C10: Secundaria | D10: 2 Secundaria | E10: 3 | H10: 4 | O10: =D10 -> 2 Secundaria | P10: =E10/SUM($E10:$G10) -> 1 | Q10: =F10/SUM($E10:$G10) -> 0 | R10: =G10/SUM($E10:$G10) -> 0 | S10: =H10/SUM($H10:$J10) -> 1 | T10: =I10/SUM($H10:$J10) -> 0 | U10: =J10/SUM($H10:$J10) -> 0
B11: 88327 | C11: Primaria | D11: 2 Primaria | E11: 1 | H11: 4 | N11: =B11 -> 88327 | O11: =D11 -> 2 Primaria | P11: =E11/SUM($E11:$G11) -> 1 | Q11: =F11/SUM($E11:$G11) -> 0 | R11: =G11/SUM($E11:$G11) -> 0 | S11: =H11/SUM($H11:$J11) -> 1 | T11: =I11/SUM($H11:$J11) -> 0 | U11: =J11/SUM($H11:$J11) -> 0
D12: 6 Primaria | E12: 1 | F12: 1 | H12: 3 | N12: =B12 -> 0 | O12: =D12 -> 6 Primaria | P12: =E12/SUM($E12:$G12) -> 0.5 | Q12: =F12/SUM($E12:$G12) -> 0.5 | R12: =G12/SUM($E12:$G12) -> 0 | S12: =H12/SUM($H12:$J12) -> 1 | T12: =I12/SUM($H12:$J12) -> 0 | U12: =J12/SUM($H12:$J12) -> 0
A13: Total 54. Ancash | E13: 16 | F13: 1 | H13: 62 | N13: =B13 -> 0 | O13: =D13 -> 0 | P13: =E13/SUM($E13:$G13) -> 0.94117647 | Q13: =F13/SUM($E13:$G13) -> 0.058823529 | R13: =G13/SUM($E13:$G13) -> 0 | S13: =H13/SUM($H13:$J13) -> 1 | T13: =I13/SUM($H13:$J13) -> 0 | U13: =J13/SUM($H13:$J13) -> 0
A14: 72. Ucayali | B14: 64028 | C14: Primaria | D14: 6 Primaria | F14: 1 | G14: 6 | H14: 1 | I14: 3 | O14: =D14 -> 6 Primaria | P14: =E14/SUM($E14:$G14) -> 0 | Q14: =F14/SUM($E14:$G14) -> 0.14285714 | R14: =G14/SUM($E14:$G14) -> 0.85714286 | S14: =H14/SUM($H14:$J14) -> 0.25 | T14: =I14/SUM($H14:$J14) -> 0.75 | U14: =J14/SUM($H14:$J14) -> 0
B15: 64048 | C15: Primaria | D15: 4 Primaria | F15: 2 | H15: 2 | N15: =B15 -> 64048 | O15: =D15 -> 4 Primaria | P15: =E15/SUM($E15:$G15) -> 0 | Q15: =F15/SUM($E15:$G15) -> 1 | R15: =G15/SUM($E15:$G15) -> 0 | S15: =H15/SUM($H15:$J15) -> 1 | T15: =I15/SUM($H15:$J15) -> 0 | U15: =J15/SUM($H15:$J15) -> 0
D16: 6 Primaria | F16: 2 | G16: 2 | H16: 3 | O16: =D16 -> 6 Primaria | P16: =E16/SUM($E16:$G16) -> 0 | Q16: =F16/SUM($E16:$G16) -> 0.5 | R16: =G16/SUM($E16:$G16) -> 0.5 | S16: =H16/SUM($H16:$J16) -> 1 | T16: =I16/SUM($H16:$J16) -> 0 | U16: =J16/SUM($H16:$J16) -> 0
B17: 64115 | C17: Primaria | D17: 2 Primaria | F17: 4 | H17: 2 | I17: 1 | N17: =B17 -> 64115 | O17: =D17 -> 2 Primaria | P17: =E17/SUM($E17:$G17) -> 0 | Q17: =F17/SUM($E17:$G17) -> 1 | R17: =G17/SUM($E17:$G17) -> 0 | S17: =H17/SUM($H17:$J17) -> 0.66666667 | T17: =I17/SUM($H17:$J17) -> 0.33333333 | U17: =J17/SUM($H17:$J17) -> 0
D18: 4 Primaria | G18: 1 | H18: 1 | I18: 1 | N18: =B18 -> 0 | O18: =D18 -> 4 Primaria | P18: =E18/SUM($E18:$G18) -> 0 | Q18: =F18/SUM($E18:$G18) -> 0 | R18: =G18/SUM($E18:$G18) -> 1 | S18: =H18/SUM($H18:$J18) -> 0.5 | T18: =I18/SUM($H18:$J18) -> 0.5 | U18: =J18/SUM($H18:$J18) -> 0
D19: 6 Primaria | F19: 2 | G19: 1 | H19: 2 | O19: =D19 -> 6 Primaria | P19: =E19/SUM($E19:$G19) -> 0 | Q19: =F19/SUM($E19:$G19) -> 0.66666667 | R19: =G19/SUM($E19:$G19) -> 0.33333333 | S19: =H19/SUM($H19:$J19) -> 1 | T19: =I19/SUM($H19:$J19) -> 0 | U19: =J19/SUM($H19:$J19) -> 0
A20: Total 72. Ucayali | F20: 11 | G20: 10 | H20: 11 | I20: 5 | O20: =D20 -> 0 | P20: =E20/SUM($E20:$G20) -> 0 | Q20: =F20/SUM($E20:$G20) -> 0.52380952 | R20: =G20/SUM($E20:$G20) -> 0.47619048 | S20: =H20/SUM($H20:$J20) -> 0.6875 | T20: =I20/SUM($H20:$J20) -> 0.3125 | U20: =J20/SUM($H20:$J20) -> 0
A21: 79. Huancavelica | B21: 36207 | C21: Primaria | D21: 2 Primaria | E21: 1 | H21: 4 | I21: 4 | N21: =B21 -> 36207 | O21: =D21 -> 2 Primaria | P21: =E21/SUM($E21:$G21) -> 1 | Q21: =F21/SUM($E21:$G21) -> 0 | R21: =G21/SUM($E21:$G21) -> 0 | S21: =H21/SUM($H21:$J21) -> 0.5 | T21: =I21/SUM($H21:$J21) -> 0.5 | U21: =J21/SUM($H21:$J21) -> 0
D22: 4 Primaria | E22: 1 | G22: 1 | I22: 3 | J22: 1 | N22: =B22 -> 0 | O22: =D22 -> 4 Primaria | P22: =E22/SUM($E22:$G22) -> 0.5 | Q22: =F22/SUM($E22:$G22) -> 0 | R22: =G22/SUM($E22:$G22) -> 0.5 | S22: =H22/SUM($H22:$J22) -> 0 | T22: =I22/SUM($H22:$J22) -> 0.75 | U22: =J22/SUM($H22:$J22) -> 0.25
D23: 6 Primaria | F23: 5 | I23: 1 | J23: 3 | N23: =B23 -> 0 | O23: =D23 -> 6 Primaria | P23: =E23/SUM($E23:$G23) -> 0 | Q23: =F23/SUM($E23:$G23) -> 1 | R23: =G23/SUM($E23:$G23) -> 0 | S23: =H23/SUM($H23:$J23) -> 0 | T23: =I23/SUM($H23:$J23) -> 0.25 | U23: =J23/SUM($H23:$J23) -> 0.75
A24: Total 79. Huancavelica | E24: 2 | F24: 5 | G24: 1 | H24: 4 | I24: 8 | J24: 4 | N24: =B24 -> 0 | O24: =D24 -> 0 | P24: =E24/SUM($E24:$G24) -> 0.25 | Q24: =F24/SUM($E24:$G24) -> 0.625 | R24: =G24/SUM($E24:$G24) -> 0.125 | S24: =H24/SUM($H24:$J24) -> 0.25 | T24: =I24/SUM($H24:$J24) -> 0.5 | U24: =J24/SUM($H24:$J24) -> 0.25
N25: =B25 -> 0 | O25: =D25 -> 0 | P25: =E25/SUM($E25:$G25) -> #DIV/0! | Q25: =F25/SUM($E25:$G25) -> #DIV/0! | R25: =G25/SUM($E25:$G25) -> #DIV/0! | S25: =H25/SUM($H25:$J25) -> #DIV/0! | T25: =I25/SUM($H25:$J25) -> #DIV/0! | U25: =J25/SUM($H25:$J25) -> #DIV/0!
N26: =B26 -> 0 | O26: =D26 -> 0 | P26: =E26/SUM($E26:$G26) -> #DIV/0! | Q26: =F26/SUM($E26:$G26) -> #DIV/0! | R26: =G26/SUM($E26:$G26) -> #DIV/0! | S26: =H26/SUM($H26:$J26) -> #DIV/0! | T26: =I26/SUM($H26:$J26) -> #DIV/0! | U26: =J26/SUM($H26:$J26) -> #DIV/0!
N27: =B27 -> 0 | O27: =D27 -> 0 | P27: =E27/SUM($E27:$G27) -> #DIV/0! | Q27: =F27/SUM($E27:$G27) -> #DIV/0! | R27: =G27/SUM($E27:$G27) -> #DIV/0! | S27: =H27/SUM($H27:$J27) -> #DIV/0! | T27: =I27/SUM($H27:$J27) -> #DIV/0! | U27: =J27/SUM($H27:$J27) -> #DIV/0!
N28: =B28 -> 0 | O28: =D28 -> 0 | P28: =E28/SUM($E28:$G28) -> #DIV/0! | Q28: =F28/SUM($E28:$G28) -> #DIV/0! | R28: =G28/SUM($E28:$G28) -> #DIV/0! | S28: =H28/SUM($H28:$J28) -> #DIV/0! | T28: =I28/SUM($H28:$J28) -> #DIV/0! | U28: =J28/SUM($H28:$J28) -> #DIV/0!
O29: =D29 -> 0 | P29: =E29/SUM($E29:$G29) -> #DIV/0! | Q29: =F29/SUM($E29:$G29) -> #DIV/0! | R29: =G29/SUM($E29:$G29) -> #DIV/0! | S29: =H29/SUM($H29:$J29) -> #DIV/0! | T29: =I29/SUM($H29:$J29) -> #DIV/0! | U29: =J29/SUM($H29:$J29) -> #DIV/0!
O30: =D30 -> 0 | P30: =E30/SUM($E30:$G30) -> #DIV/0! | Q30: =F30/SUM($E30:$G30) -> #DIV/0! | R30: =G30/SUM($E30:$G30) -> #DIV/0! | S30: =H30/SUM($H30:$J30) -> #DIV/0! | T30: =I30/SUM($H30:$J30) -> #DIV/0! | U30: =J30/SUM($H30:$J30) -> #DIV/0!
N31: =B31 -> 0 | O31: =D31 -> 0 | P31: =E31/SUM($E31:$G31) -> #DIV/0! | Q31: =F31/SUM($E31:$G31) -> #DIV/0! | R31: =G31/SUM($E31:$G31) -> #DIV/0! | S31: =H31/SUM($H31:$J31) -> #DIV/0! | T31: =I31/SUM($H31:$J31) -> #DIV/0! | U31: =J31/SUM($H31:$J31) -> #DIV/0!
N32: =B32 -> 0 | O32: =D32 -> 0 | P32: =E32/SUM($E32:$G32) -> #DIV/0! | Q32: =F32/SUM($E32:$G32) -> #DIV/0! | R32: =G32/SUM($E32:$G32) -> #DIV/0! | S32: =H32/SUM($H32:$J32) -> #DIV/0! | T32: =I32/SUM($H32:$J32) -> #DIV/0! | U32: =J32/SUM($H32:$J32) -> #DIV/0!
N33: =B33 -> 0 | O33: =D33 -> 0 | P33: =E33/SUM($E33:$G33) -> #DIV/0! | Q33: =F33/SUM($E33:$G33) -> #DIV/0! | R33: =G33/SUM($E33:$G33) -> #DIV/0! | S33: =H33/SUM($H33:$J33) -> #DIV/0! | T33: =I33/SUM($H33:$J33) -> #DIV/0! | U33: =J33/SUM($H33:$J33) -> #DIV/0!
O34: =D34 -> 0 | P34: =E34/SUM($E34:$G34) -> #DIV/0! | Q34: =F34/SUM($E34:$G34) -> #DIV/0! | R34: =G34/SUM($E34:$G34) -> #DIV/0! | S34: =H34/SUM($H34:$J34) -> #DIV/0! | T34: =I34/SUM($H34:$J34) -> #DIV/0! | U34: =J34/SUM($H34:$J34) -> #DIV/0!
N35: =B35 -> 0 | O35: =D35 -> 0 | P35: =E35/SUM($E35:$G35) -> #DIV/0! | Q35: =F35/SUM($E35:$G35) -> #DIV/0! | R35: =G35/SUM($E35:$G35) -> #DIV/0! | S35: =H35/SUM($H35:$J35) -> #DIV/0! | T35: =I35/SUM($H35:$J35) -> #DIV/0! | U35: =J35/SUM($H35:$J35) -> #DIV/0!
O36: =D36 -> 0 | P36: =E36/SUM($E36:$G36) -> #DIV/0! | Q36: =F36/SUM($E36:$G36) -> #DIV/0! | R36: =G36/SUM($E36:$G36) -> #DIV/0! | S36: =H36/SUM($H36:$J36) -> #DIV/0! | T36: =I36/SUM($H36:$J36) -> #DIV/0! | U36: =J36/SUM($H36:$J36) -> #DIV/0!
O37: =D37 -> 0 | P37: =E37/SUM($E37:$G37) -> #DIV/0! | Q37: =F37/SUM($E37:$G37) -> #DIV/0! | R37: =G37/SUM($E37:$G37) -> #DIV/0! | S37: =H37/SUM($H37:$J37) -> #DIV/0! | T37: =I37/SUM($H37:$J37) -> #DIV/0! | U37: =J37/SUM($H37:$J37) -> #DIV/0!
N38: =B38 -> 0 | O38: =D38 -> 0 | P38: =E38/SUM($E38:$G38) -> #DIV/0! | Q38: =F38/SUM($E38:$G38) -> #DIV/0! | R38: =G38/SUM($E38:$G38) -> #DIV/0! | S38: =H38/SUM($H38:$J38) -> #DIV/0! | T38: =I38/SUM($H38:$J38) -> #DIV/0! | U38: =J38/SUM($H38:$J38) -> #DIV/0!
N39: =B39 -> 0 | O39: =D39 -> 0 | P39: =E39/SUM($E39:$G39) -> #DIV/0! | Q39: =F39/SUM($E39:$G39) -> #DIV/0! | R39: =G39/SUM($E39:$G39) -> #DIV/0! | S39: =H39/SUM($H39:$J39) -> #DIV/0! | T39: =I39/SUM($H39:$J39) -> #DIV/0! | U39: =J39/SUM($H39:$J39) -> #DIV/0!
O40: =D40 -> 0 | P40: =E40/SUM($E40:$G40) -> #DIV/0! | Q40: =F40/SUM($E40:$G40) -> #DIV/0! | R40: =G40/SUM($E40:$G40) -> #DIV/0! | S40: =H40/SUM($H40:$J40) -> #DIV/0! | T40: =I40/SUM($H40:$J40) -> #DIV/0! | U40: =J40/SUM($H40:$J40) -> #DIV/0!
N41: =B41 -> 0 | O41: =D41 -> 0 | P41: =E41/SUM($E41:$G41) -> #DIV/0! | Q41: =F41/SUM($E41:$G41) -> #DIV/0! | R41: =G41/SUM($E41:$G41) -> #DIV/0! | S41: =H41/SUM($H41:$J41) -> #DIV/0! | T41: =I41/SUM($H41:$J41) -> #DIV/0! | U41: =J41/SUM($H41:$J41) -> #DIV/0!
O42: =D42 -> 0 | P42: =E42/SUM($E42:$G42) -> #DIV/0! | Q42: =F42/SUM($E42:$G42) -> #DIV/0! | R42: =G42/SUM($E42:$G42) -> #DIV/0! | S42: =H42/SUM($H42:$J42) -> #DIV/0! | T42: =I42/SUM($H42:$J42) -> #DIV/0! | U42: =J42/SUM($H42:$J42) -> #DIV/0!
O43: =D43 -> 0 | P43: =E43/SUM($E43:$G43) -> #DIV/0! | Q43: =F43/SUM($E43:$G43) -> #DIV/0! | R43: =G43/SUM($E43:$G43) -> #DIV/0! | S43: =H43/SUM($H43:$J43) -> #DIV/0! | T43: =I43/SUM($H43:$J43) -> #DIV/0! | U43: =J43/SUM($H43:$J43) -> #DIV/0!
N44: =B44 -> 0 | O44: =D44 -> 0 | P44: =E44/SUM($E44:$G44) -> #DIV/0! | Q44: =F44/SUM($E44:$G44) -> #DIV/0! | R44: =G44/SUM($E44:$G44) -> #DIV/0! | S44: =H44/SUM($H44:$J44) -> #DIV/0! | T44: =I44/SUM($H44:$J44) -> #DIV/0! | U44: =J44/SUM($H44:$J44) -> #DIV/0!
N45: =B45 -> 0 | O45: =D45 -> 0 | P45: =E45/SUM($E45:$G45) -> #DIV/0! | Q45: =F45/SUM($E45:$G45) -> #DIV/0! | R45: =G45/SUM($E45:$G45) -> #DIV/0! | S45: =H45/SUM($H45:$J45) -> #DIV/0! | T45: =I45/SUM($H45:$J45) -> #DIV/0! | U45: =J45/SUM($H45:$J45) -> #DIV/0!
O46: =D46 -> 0 | P46: =E46/SUM($E46:$G46) -> #DIV/0! | Q46: =F46/SUM($E46:$G46) -> #DIV/0! | R46: =G46/SUM($E46:$G46) -> #DIV/0! | S46: =H46/SUM($H46:$J46) -> #DIV/0! | T46: =I46/SUM($H46:$J46) -> #DIV/0! | U46: =J46/SUM($H46:$J46) -> #DIV/0!
O47: =D47 -> 0 | P47: =E47/SUM($E47:$G47) -> #DIV/0! | Q47: =F47/SUM($E47:$G47) -> #DIV/0! | R47: =G47/SUM($E47:$G47) -> #DIV/0! | S47: =H47/SUM($H47:$J47) -> #DIV/0! | T47: =I47/SUM($H47:$J47) -> #DIV/0! | U47: =J47/SUM($H47:$J47) -> #DIV/0!
O48: =D48 -> 0 | P48: =E48/SUM($E48:$G48) -> #DIV/0! | Q48: =F48/SUM($E48:$G48) -> #DIV/0! | R48: =G48/SUM($E48:$G48) -> #DIV/0! | S48: =H48/SUM($H48:$J48) -> #DIV/0! | T48: =I48/SUM($H48:$J48) -> #DIV/0! | U48: =J48/SUM($H48:$J48) -> #DIV/0!
N49: =B49 -> 0 | O49: =D49 -> 0 | P49: =E49/SUM($E49:$G49) -> #DIV/0! | Q49: =F49/SUM($E49:$G49) -> #DIV/0! | R49: =G49/SUM($E49:$G49) -> #DIV/0! | S49: =H49/SUM($H49:$J49) -> #DIV/0! | T49: =I49/SUM($H49:$J49) -> #DIV/0! | U49: =J49/SUM($H49:$J49) -> #DIV/0!
N50: =B50 -> 0
N51: =B51 -> 0
N52: =B52 -> 0
N53: =B53 -> 0
N54: =B54 -> 0
N55: =B55 -> 0
N56: =B56 -> 0
N57: =B57 -> 0
N58: =B58 -> 0
N59: =B59 -> 0
N60: =B60 -> 0
N61: =B61 -> 0
... N72: =B72 -> 0

Sheet 2023,24
A1: ANALISIS | B1: 2023 Y 2024
N2: IE | O2: GRADO | P2: =E2 -> 0 | S2: =H2 -> 0
A3: COUNTA of R Producción de textos | E3: Año | F3: R Producción de textos | P3: Inicio | Q3: Proceso | R3: Satisfactorio | S3: Inicio | T3: Proceso | U3: Satisfactorio
E4: 2023 | H4: 2024 | N4: =IF(MID(A4,1,5)="Total",A4,B4) -> 0 | O4: =D4 -> 0 | P4: =E4/SUM($E4:$G4) -> #DIV/0! | Q4: =F4/SUM($E4:$G4) -> #DIV/0! | R4: =G4/SUM($E4:$G4) -> #DIV/0! | S4: =H4/SUM($H4:$J4) -> #DIV/0! | T4: =I4/SUM($H4:$J4) -> #DIV/0! | U4: =J4/SUM($H4:$J4) -> #DIV/0!
A5: Región | B5: Institución Educativa | C5: Nivel | D5: Grado | E5: Inicio | F5: Proceso | G5: Satisfactorio | H5: Inicio | I5: Proceso | J5: Satisfactorio | N5: =IF(MID(A5,1,5)="Total",A5,B5) -> Institución Educativa | O5: =D5 -> Grado | P5: =E5/SUM($E5:$G5) -> #VALUE! | Q5: =F5/SUM($E5:$G5) -> #VALUE! | R5: =G5/SUM($E5:$G5) -> #VALUE! | S5: =H5/SUM($H5:$J5) -> #VALUE! | T5: =I5/SUM($H5:$J5) -> #VALUE! | U5: =J5/SUM($H5:$J5) -> #VALUE!
