Workbook

Sheet DATA
A1: Estudiante | B1: Región | C1: Nivel | D1: Grado | E1: Institución Educativa | F1: Ambito | G1: Sexo | H1: R Matemática | I1: Año | J1: ANALISIS | K1: PADD-R | L1: ID. IE | M1: ID2
A2: 1 | B2: 47. Loreto | C2: Primaria | D2: 2 Primaria | E2: =IFERROR(__xludf.DUMMYFUNCTION("FILTER(colegios!$B$2:$B5618,colegios!$A$2:$A5618=L2)"),"60136") -> 60136 | F2: Rural | G2: Femenino | H2: Inicio | I2: 2024 | J2: =IFERROR(__xludf.DUMMYFUNCTION("FILTER('CLASFICACIÓN'!$F$3:$F5618,'CLASFICACIÓN'!$G$3:$G5618=M2)"),"SOLO 2024") -> SOLO 2024 | L2: 60136 MORALILLO | M2: =E2&D2 -> 601362 Primaria
A3: 2 | B3: 47. Loreto | C3: Primaria | D3: 4 Primaria | E3: =IFERROR(__xludf.DUMMYFUNCTION("FILTER(colegios!$B$2:$B5618,colegios!$A$2:$A5618=L3)"),"60136") -> 60136 | F3: Rural | G3: Masculino | H3: Inicio | I3: 2024 | J3: =IFERROR(__xludf.DUMMYFUNCTION("FILTER('CLASFICACIÓN'!$F$3:$F5618,'CLASFICACIÓN'!$G$3:$G5618=M3)"),"SOLO 2024") -> SOLO 2024 | L3: 60136 MORALILLO | M3: =E3&D3 -> 601364 Primaria
A4: 3 | B4: 47. Loreto | C4: Primaria | D4: 4 Primaria | E4: =IFERROR(__xludf.DUMMYFUNCTION("FILTER(colegios!$B$2:$B5618,colegios!$A$2:$A5618=L4)"),"60136") -> 60136 | F4: Rural | G4: Femenino | H4: Inicio | I4: 2024 | J4: =IFERROR(__xludf.DUMMYFUNCTION("FILTER('CLASFICACIÓN'!$F$3:$F5618,'CLASFICACIÓN'!$G$3:$G5618=M4)"),"SOLO 2024") -> SOLO 2024 | L4: 60136 MORALILLO | M4: =E4&D4 -> 601364 Primaria
A5: 4 | B5: 47. Loreto | C5: Primaria | D5: 6 Primaria | E5: =IFERROR(__xludf.DUMMYFUNCTION("FILTER(colegios!$B$2:$B5618,colegios!$A$2:$A5618=L5)"),"60136") -> 60136 | F5: Rural | G5: Masculino | H5: Inicio | I5: 2024 | J5: =IFERROR(__xludf.DUMMYFUNCTION("FILTER('CLASFICACIÓN'!$F$3:$F5618,'CLASFICACIÓN'!$G$3:$G5618=M5)"),"SOLO 2024") -> SOLO 2024 | L5: 60146 MORALILLO | M5: =E5&D5 -> 601366 Primaria
A6: 5 | B6: 47. Loreto | C6: Primaria | D6: 6 Primaria | E6: =IFERROR(__xludf.DUMMYFUNCTION("FILTER(colegios!$B$2:$B5618,colegios!$A$2:$A5618=L6)"),"60136") -> 60136 | F6: Rural | G6: Femenino | H6: Inicio | I6: 2024 | J6: =IFERROR(__xludf.DUMMYFUNCTION("FILTER('CLASFICACIÓN'!$F$3:$F5618,'CLASFICACIÓN'!$G$3:$G5618=M6)"),"SOLO 2024") -> SOLO 2024 | L6: 60136 MORALILLO | M6: =E6&D6 -> 601366 Primaria
A7: 6 | B7: 47. Loreto | C7: Primaria | D7: 2 Primaria | E7: =IFERROR(__xludf.DUMMYFUNCTION("FILTER(colegios!$B$2:$B5618,colegios!$A$2:$A5618=L7)"),"6010102") -> 6010102 | F7: Rural | G7: Masculino | H7: Proceso | I7: 2024 | J7: =IFERROR(__xludf.DUMMYFUNCTION("FILTER('CLASFICACIÓN'!$F$3:$F5618,'CLASFICACIÓN'!$G$3:$G5618=M7)"),"SOLO 2024") -> SOLO 2024 | L7: 6010102 VILLA BUEN PASTOR | M7: =E7&D7 -> 60101022 Primaria
A8: 7 | B8: 47. Loreto | C8: Primaria | D8: 2 Primaria | E8: =IFERROR(__xludf.DUMMYFUNCTION("FILTER(colegios!$B$2:$B5618,colegios!$A$2:$A5618=L8)"),"6010102") -> 6010102 | F8: Rural | G8: Masculino | H8: Inicio | I8: 2024 | J8: =IFERROR(__xludf.DUMMYFUNCTION("FILTER('CLASFICACIÓN'!$F$3:$F5618,'CLASFICACIÓN'!$G$3:$G5618=M8)"),"SOLO 2024") -> SOLO 2024 | L8: 6010102 VILLA BUEN PASTOR | M8: =E8&D8 -> 60101022 Primaria
A9: 8 | B9: 47. Loreto | C9: Primaria | D9: 2 Primaria | E9: =IFERROR(__xludf.DUMMYFUNCTION("FILTER(colegios!$B$2:$B5618,colegios!$A$2:$A5618=L9)"),"6010102") -> 6010102 | F9: Rural | G9: Masculino | H9: Inicio | I9: 2024 | J9: =IFERROR(__xludf.DUMMYFUNCTION("FILTER('CLASFICACIÓN'!$F$3:$F5618,'CLASFICACIÓN'!$G$3:$G5618=M9)"),"SOLO 2024") -> SOLO 2024 | L9: 6010102 VILLA BUEN PASTOR | M9: =E9&D9 -> 60101022 Primaria
A10: 9 | B10: 47. Loreto | C10: Primaria | D10: 4 Primaria | E10: =IFERROR(__xludf.DUMMYFUNCTION("FILTER(colegios!$B$2:$B5618,colegios!$A$2:$A5618=L10)"),"6010102") -> 6010102 | F10: Rural | G10: Masculino | H10: Proceso | I10: 2024 | J10: =IFERROR(__xludf.DUMMYFUNCTION("FILTER('CLASFICACIÓN'!$F$3:$F5618,'CLASFICACIÓN'!$G$3:$G5618=M10)"),"SOLO 2024") -> SOLO 2024 | L10: 6010102 VILLA BUEN PASTOR | M10: =E10&D10 -> 60101024 Primaria
A11: 10 | B11: 47. Loreto | C11: Primaria | D11: 4 Primaria | E11: =IFERROR(__xludf.DUMMYFUNCTION("FILTER(colegios!$B$2:$B5618,colegios!$A$2:$A5618=L11)"),"6010102") -> 6010102 | F11: Rural | G11: Femenino | H11: Proceso | I11: 2024 | J11: =IFERROR(__xludf.DUMMYFUNCTION("FILTER('CLASFICACIÓN'!$F$3:$F5618,'CLASFICACIÓN'!$G$3:$G5618=M11)"),"SOLO 2024") -> SOLO 2024 | L11: 6010102 VILLA BUEN PASTOR | M11: =E11&D11 -> 60101024 Primaria
A12: 11 | B12: 47. Loreto | C12: Primaria | D12: 4 Primaria | E12: =IFERROR(__xludf.DUMMYFUNCTION("FILTER(colegios!$B$2:$B5618,colegios!$A$2:$A5618=L12)"),"6010102") -> 6010102 | F12: Rural | G12: Femenino | H12: Proceso | I12: 2024 | J12: =IFERROR(__xludf.DUMMYFUNCTION("FILTER('CLASFICACIÓN'!$F$3:$F5618,'CLASFICACIÓN'!$G$3:$G5618=M12)"),"SOLO 2024") -> SOLO 2024 | L12: 6010102 VILLA BUEN PASTOR | M12: =E12&D12 -> 60101024 Primaria
A13: 12 | B13: 47. Loreto | C13: Primaria | D13: 4 Primaria | E13: =IFERROR(__xludf.DUMMYFUNCTION("FILTER(colegios!$B$2:$B5618,colegios!$A$2:$A5618=L13)"),"6010102") -> 6010102 | F13: Rural | G13: Masculino | H13: Proceso | I13: 2024 | J13: =IFERROR(__xludf.DUMMYFUNCTION("FILTER('CLASFICACIÓN'!$F$3:$F5618,'CLASFICACIÓN'!$G$3:$G5618=M13)"),"SOLO 2024") -> SOLO 2024 | L13: 6010102 VILLA BUEN PASTOR | M13: =E13&D13 -> 60101024 Primaria
A14: 13 | B14: 47. Loreto | C14: Primaria | D14: 4 Primaria | E14: =IFERROR(__xludf.DUMMYFUNCTION("FILTER(colegios!$B$2:$B5618,colegios!$A$2:$A5618=L14)"),"6010102") -> 6010102 | F14: Rural | G14: Masculino | H14: Proceso | I14: 2024 | J14: =IFERROR(__xludf.DUMMYFUNCTION("FILTER('CLASFICACIÓN'!$F$3:$F5618,'CLASFICACIÓN'!$G$3:$G5618=M14)"),"SOLO 2024") -> SOLO 2024 | L14: 6010102 VILLA BUEN PASTOR | M14: =E14&D14 -> 60101024 Primaria
A15: 14 | B15: 47. Loreto | C15: Primaria | D15: 6 Primaria | E15: =IFERROR(__xludf.DUMMYFUNCTION("FILTER(colegios!$B$2:$B5618,colegios!$A$2:$A5618=L15)"),"6010102") -> 6010102 | F15: Rural | G15: Masculino | H15: Inicio | I15: 2024 | J15: =IFERROR(__xludf.DUMMYFUNCTION("FILTER('CLASFICACIÓN'!$F$3:$F5618,'CLASFICACIÓN'!$G$3:$G5618=M15)"),"SOLO 2024") -> SOLO 2024 | L15: 6010102 VILLA BUEN PASTOR | M15: =E15&D15 -> 60101026 Primaria
A16: 15 | B16: 47. Loreto | C16: Primaria | D16: 6 Primaria | E16: =IFERROR(__xludf.DUMMYFUNCTION("FILTER(colegios!$B$2:$B5618,colegios!$A$2:$A5618=L16)"),"6010102") -> 6010102 | F16: Rural | G16: Femenino | H16: Proceso | I16: 2024 | J16: =IFERROR(__xludf.DUMMYFUNCTION("FILTER('CLASFICACIÓN'!$F$3:$F5618,'CLASFICACIÓN'!$G$3:$G5618=M16)"),"SOLO 2024") -> SOLO 2024 | L16: 6010102 VILLA BUEN PASTOR | M16: =E16&D16 -> 60101026 Primaria
A17: 16 | B17: 47. Loreto | C17: Primaria | D17: 2 Primaria | E17: =IFERROR(__xludf.DUMMYFUNCTION("FILTER(colegios!$B$2:$B5618,colegios!$A$2:$A5618=L17)"),"601448") -> 601448 | F17: Rural | G17: Femenino | H17: Proceso | I17: 2024 | J17: =IFERROR(__xludf.DUMMYFUNCTION("FILTER('CLASFICACIÓN'!$F$3:$F5618,'CLASFICACIÓN'!$G$3:$G5618=M17)"),"LOS 3 AÑOS") -> LOS 3 AÑOS | L17: 601448 NUEVO MILAGRO | M17: =E17&D17 -> 6014482 Primaria
A18: 17 | B18: 47. Loreto | C18: Primaria | D18: 2 Primaria | E18: =IFERROR(__xludf.DUMMYFUNCTION("FILTER(colegios!$B$2:$B5618,colegios!$A$2:$A5618=L18)"),"601448") -> 601448 | F18: Rural | G18: Masculino | H18: Inicio | I18: 2024 | J18: =IFERROR(__xludf.DUMMYFUNCTION("FILTER('CLASFICACIÓN'!$F$3:$F5618,'CLASFICACIÓN'!$G$3:$G5618=M18)"),"LOS 3 AÑOS") -> LOS 3 AÑOS | L18: 601448 NUEVO MILAGRO | M18: =E18&D18 -> 6014482 Primaria
A19: 18 | B19: 47. Loreto | C19: Primaria | D19: 2 Primaria | E19: =IFERROR(__xludf.DUMMYFUNCTION("FILTER(colegios!$B$2:$B5618,colegios!$A$2:$A5618=L19)"),"601448") -> 601448 | F19: Rural | G19: Masculino | H19: Proceso | I19: 2024 | J19: =IFERROR(__xludf.DUMMYFUNCTION("FILTER('CLASFICACIÓN'!$F$3:$F5618,'CLASFICACIÓN'!$G$3:$G5618=M19)"),"LOS 3 AÑOS") -> LOS 3 AÑOS | L19: 601448 NUEVO MILAGRO | M19: =E19&D19 -> 6014482 Primaria
A20: 19 | B20: 47. Loreto | C20: Primaria | D20: 4 Primaria | E20: =IFERROR(__xludf.DUMMYFUNCTION("FILTER(colegios!$B$2:$B5618,colegios!$A$2:$A5618=L20)"),"601448") -> 601448 | F20: Rural | G20: Masculino | H20: Inicio | I20: 2024 | J20: =IFERROR(__xludf.DUMMYFUNCTION("FILTER('CLASFICACIÓN'!$F$3:$F5618,'CLASFICACIÓN'!$G$3:$G5618=M20)"),"LOS 3 AÑOS") -> LOS 3 AÑOS | L20: 601448 NUEVO MILAGRO | M20: =E20&D20 -> 6014484 Primaria
A21: 20 | B21: 47. Loreto | C21: Primaria | D21: 4 Primaria | E21: =IFERROR(__xludf.DUMMYFUNCTION("FILTER(colegios!$B$2:$B5618,colegios!$A$2:$A5618=L21)"),"601448") -> 601448 | F21: Rural | G21: Femenino | H21: Proceso | I21: 2024 | J21: =IFERROR(__xludf.DUMMYFUNCTION("FILTER('CLASFICACIÓN'!$F$3:$F5618,'CLASFICACIÓN'!$G$3:$G5618=M21)"),"LOS 3 AÑOS") -> LOS 3 AÑOS | L21: 601448 NUEVO MILAGRO | M21: =E21&D21 -> 6014484 Primaria
A22: 21 | B22: 47. Loreto | C22: Primaria | D22: 6 Primaria | E22: =IFERROR(__xludf.DUMMYFUNCTION("FILTER(colegios!$B$2:$B5618,colegios!$A$2:$A5618=L22)"),"601448") -> 601448 | F22: Rural | G22: Masculino | H22: Proceso | I22: 2024 | J22: =IFERROR(__xludf.DUMMYFUNCTION("FILTER('CLASFICACIÓN'!$F$3:$F5618,'CLASFICACIÓN'!$G$3:$G5618=M22)"),"LOS 3 AÑOS") -> LOS 3 AÑOS | L22: 601448 NUEVO MILAGRO | M22: =E22&D22 -> 6014486 Primaria
A23: 22 | B23: 47. Loreto | C23: Primaria | D23: 6 Primaria | E23: =IFERROR(__xludf.DUMMYFUNCTION("FILTER(colegios!$B$2:$B5618,colegios!$A$2:$A5618=L23)"),"601448") -> 601448 | F23: Rural | G23: Femenino | H23: Proceso | I23: 2024 | J23: =IFERROR(__xludf.DUMMYFUNCTION("FILTER('CLASFICACIÓN'!$F$3:$F5618,'CLASFICACIÓN'!$G$3:$G5618=M23)"),"LOS 3 AÑOS") -> LOS 3 AÑOS | L23: 601448 NUEVO MILAGRO | M23: =E23&D23 -> 6014486 Primaria
A24: 23 | B24: 47. Loreto | C24: Secundaria | D24: 2 Secundaria | E24: =IFERROR(__xludf.DUMMYFUNCTION("FILTER(colegios!$B$2:$B5618,colegios!$A$2:$A5618=L24)"),"EL MILAGRO") -> EL MILAGRO | F24: Rural | G24: Masculino | H24: Inicio | I24: 2024 | J24: =IFERROR(__xludf.DUMMYFUNCTION("FILTER('CLASFICACIÓN'!$F$3:$F5618,'CLASFICACIÓN'!$G$3:$G5618=M24)"),"LOS 3 AÑOS") -> LOS 3 AÑOS | L24: EL MILAGRO | M24: =E24&D24 -> EL MILAGRO2 Secundaria
A25: 24 | B25: 47. Loreto | C25: Secundaria | D25: 2 Secundaria | E25: =IFERROR(__xludf.DUMMYFUNCTION("FILTER(colegios!$B$2:$B5618,colegios!$A$2:$A5618=L25)"),"EL MILAGRO") -> EL MILAGRO | F25: Rural | G25: Femenino | H25: Inicio | I25: 2024 | J25: =IFERROR(__xludf.DUMMYFUNCTION("FILTER('CLASFICACIÓN'!$F$3:$F5618,'CLASFICACIÓN'!$G$3:$G5618=M25)"),"LOS 3 AÑOS") -> LOS 3 AÑOS | L25: EL MILAGRO | M25: =E25&D25 -> EL MILAGRO2 Secundaria
A26: 25 | B26: 47. Loreto | C26: Secundaria | D26: 2 Secundaria | E26: =IFERROR(__xludf.DUMMYFUNCTION("FILTER(colegios!$B$2:$B5618,colegios!$A$2:$A5618=L26)"),"EL MILAGRO") -> EL MILAGRO | F26: Rural | G26: Femenino | H26: Inicio | I26: 2024 | J26: =IFERROR(__xludf.DUMMYFUNCTION("FILTER('CLASFICACIÓN'!$F$3:$F5618,'CLASFICACIÓN'!$G$3:$G5618=M26)"),"LOS 3 AÑOS") -> LOS 3 AÑOS | L26: EL MILAGRO | M26: =E26&D26 -> EL MILAGRO2 Secundaria
A27: 26 | B27: 47. Loreto | C27: Secundaria | D27: 2 Secundaria | E27: =IFERROR(__xludf.DUMMYFUNCTION("FILTER(colegios!$B$2:$B5618,colegios!$A$2:$A5618=L27)"),"EL MILAGRO") -> EL MILAGRO | F27: Rural | G27: Femenino | H27: Inicio | I27: 2024 | J27: =IFERROR(__xludf.DUMMYFUNCTION("FILTER('CLASFICACIÓN'!$F$3:$F5618,'CLASFICACIÓN'!$G$3:$G5618=M27)"),"LOS 3 AÑOS") -> LOS 3 AÑOS | L27: EL MILAGRO | M27: =E27&D27 -> EL MILAGRO2 Secundaria
A28: 27 | B28: 47. Loreto | C28: Secundaria | D28: 2 Secundaria | E28: =IFERROR(__xludf.DUMMYFUNCTION("FILTER(colegios!$B$2:$B5618,colegios!$A$2:$A5618=L28)"),"EL MILAGRO") -> EL MILAGRO | F28: Rural | G28: Masculino | H28: Proceso | I28: 2024 | J28: =IFERROR(__xludf.DUMMYFUNCTION("FILTER('CLASFICACIÓN'!$F$3:$F5618,'CLASFICACIÓN'!$G$3:$G5618=M28)"),"LOS 3 AÑOS") -> LOS 3 AÑOS | L28: EL MILAGRO | M28: =E28&D28 -> EL MILAGRO2 Secundaria
A29: 28 | B29: 47. Loreto | C29: Secundaria | D29: 2 Secundaria | E29: =IFERROR(__xludf.DUMMYFUNCTION("FILTER(colegios!$B$2:$B5618,colegios!$A$2:$A5618=L29)"),"EL MILAGRO") -> EL MILAGRO | F29: Rural | G29: Femenino | H29: Inicio | I29: 2024 | J29: =IFERROR(__xludf.DUMMYFUNCTION("FILTER('CLASFICACIÓN'!$F$3:$F5618,'CLASFICACIÓN'!$G$3:$G5618=M29)"),"LOS 3 AÑOS") -> LOS 3 AÑOS | L29: EL MILAGRO | M29: =E29&D29 -> EL MILAGRO2 Secundaria
A30: 29 | B30: 47. Loreto | C30: Secundaria | D30: 2 Secundaria | E30: =IFERROR(__xludf.DUMMYFUNCTION("FILTER(colegios!$B$2:$B5618,colegios!$A$2:$A5618=L30)"),"EL MILAGRO") -> EL MILAGRO | F30: Rural | G30: Masculino | H30: Proceso | I30: 2024 | J30: =IFERROR(__xludf.DUMMYFUNCTION("FILTER('CLASFICACIÓN'!$F$3:$F5618,'CLASFICACIÓN'!$G$3:$G5618=M30)"),"LOS 3 AÑOS") -> LOS 3 AÑOS | L30: EL MILAGRO | M30: =E30&D30 -> EL MILAGRO2 Secundaria
A31: 30 | B31: 47. Loreto | C31: Secundaria | D31: 2 Secundaria | E31: =IFERROR(__xludf.DUMMYFUNCTION("FILTER(colegios!$B$2:$B5618,colegios!$A$2:$A5618=L31)"),"EL MILAGRO") -> EL MILAGRO | F31: Rural | G31: Femenino | H31: Inicio | I31: 2024 | J31: =IFERROR(__xludf.DUMMYFUNCTION("FILTER('CLASFICACIÓN'!$F$3:$F5618,'CLASFICACIÓN'!$G$3:$G5618=M31)"),"LOS 3 AÑOS") -> LOS 3 AÑOS | L31: EL MILAGRO | M31: =E31&D31 -> EL MILAGRO2 Secundaria
A32: 31 | B32: 47. Loreto | C32: Secundaria | D32: 2 Secundaria | E32: =IFERROR(__xludf.DUMMYFUNCTION("FILTER(colegios!$B$2:$B5618,colegios!$A$2:$A5618=L32)"),"EL MILAGRO") -> EL MILAGRO | F32: Rural | G32: Femenino | H32: Inicio | I32: 2024 | J32: =IFERROR(__xludf.DUMMYFUNCTION("FILTER('CLASFICACIÓN'!$F$3:$F5618,'CLASFICACIÓN'!$G$3:$G5618=M32)"),"LOS 3 AÑOS") -> LOS 3 AÑOS | L32: EL MILAGRO | M32: =E32&D32 -> EL MILAGRO2 Secundaria
A33: 32 | B33: 47. Loreto | C33: Secundaria | D33: 2 Secundaria | E33: =IFERROR(__xludf.DUMMYFUNCTION("FILTER(colegios!$B$2:$B5618,colegios!$A$2:$A5618=L33)"),"EL MILAGRO") -> EL MILAGRO | F33: Rural | G33: Femenino | H33: Inicio | I33: 2024 | J33: =IFERROR(__xludf.DUMMYFUNCTION("FILTER('CLASFICACIÓN'!$F$3:$F5618,'CLASFICACIÓN'!$G$3:$G5618=M33)"),"LOS 3 AÑOS") -> LOS 3 AÑOS | L33: EL MILAGRO | M33: =E33&D33 -> EL MILAGRO2 Secundaria
A34: 33 | B34: 47. Loreto | C34: Secundaria | D34: 2 Secundaria | E34: =IFERROR(__xludf.DUMMYFUNCTION("FILTER(colegios!$B$2:$B5618,colegios!$A$2:$A5618=L34)"),"EL MILAGRO") -> EL MILAGRO | F34: Rural | G34: Femenino | H34: Inicio | I34: 2024 | J34: =IFERROR(__xludf.DUMMYFUNCTION("FILTER('CLASFICACIÓN'!$F$3:$F5618,'CLASFICACIÓN'!$G$3:$G5618=M34)"),"LOS 3 AÑOS") -> LOS 3 AÑOS | L34: EL MILAGRO | M34: =E34&D34 -> EL MILAGRO2 Secundaria
A35: 34 | B35: 47. Loreto | C35: Secundaria | D35: 2 Secundaria | E35: =IFERROR(__xludf.DUMMYFUNCTION("FILTER(colegios!$B$2:$B5618,colegios!$A$2:$A5618=L35)"),"EL MILAGRO") -> EL MILAGRO | F35: Rural | G35: Femenino | H35: Inicio | I35: 2024 | J35: =IFERROR(__xludf.DUMMYFUNCTION("FILTER('CLASFICACIÓN'!$F$3:$F5618,'CLASFICACIÓN'!$G$3:$G5618=M35)"),"LOS 3 AÑOS") -> LOS 3 AÑOS | L35: EL MILAGRO | M35: =E35&D35 -> EL MILAGRO2 Secundaria
A36: 35 | B36: 47. Loreto | C36: Secundaria | D36: 2 Secundaria | E36: =IFERROR(__xludf.DUMMYFUNCTION("FILTER(colegios!$B$2:$B5618,colegios!$A$2:$A5618=L36)"),"EL MILAGRO") -> EL MILAGRO | F36: Rural | G36: Femenino | H36: Inicio | I36: 2024 | J36: =IFERROR(__xludf.DUMMYFUNCTION("FILTER('CLASFICACIÓN'!$F$3:$F5618,'CLASFICACIÓN'!$G$3:$G5618=M36)"),"LOS 3 AÑOS") -> LOS 3 AÑOS | L36: EL MILAGRO | M36: =E36&D36 -> EL MILAGRO2 Secundaria
A37: 36 | B37: 47. Loreto | C37: Secundaria | D37: 2 Secundaria | E37: =IFERROR(__xludf.DUMMYFUNCTION("FILTER(colegios!$B$2:$B5618,colegios!$A$2:$A5618=L37)"),"EL MILAGRO") -> EL MILAGRO | F37: Rural | G37: Masculino | H37: Inicio | I37: 2024 | J37: =IFERROR(__xludf.DUMMYFUNCTION("FILTER('CLASFICACIÓN'!$F$3:$F5618,'CLASFICACIÓN'!$G$3:$G5618=M37)"),"LOS 3 AÑOS") -> LOS 3 AÑOS | L37: EL MILAGRO | M37: =E37&D37 -> EL MILAGRO2 Secundaria
A38: 37 | B38: 47. Loreto | C38: Secundaria | D38: 2 Secundaria | E38: =IFERROR(__xludf.DUMMYFUNCTION("FILTER(colegios!$B$2:$B5618,colegios!$A$2:$A5618=L38)"),"EL MILAGRO") -> EL MILAGRO | F38: Rural | G38: Femenino | H38: Inicio | I38: 2024 | J38: =IFERROR(__xludf.DUMMYFUNCTION("FILTER('CLASFICACIÓN'!$F$3:$F5618,'CLASFICACIÓN'!$G$3:$G5618=M38)"),"LOS 3 AÑOS") -> LOS 3 AÑOS | L38: EL MILAGRO | M38: =E38&D38 -> EL MILAGRO2 Secundaria
A39: 38 | B39: 47. Loreto | C39: Secundaria | D39: 2 Secundaria | E39: =IFERROR(__xludf.DUMMYFUNCTION("FILTER(colegios!$B$2:$B5618,colegios!$A$2:$A5618=L39)"),"EL MILAGRO") -> EL MILAGRO | F39: Rural | G39: Femenino | H39: Inicio | I39: 2024 | J39: =IFERROR(__xludf.DUMMYFUNCTION("FILTER('CLASFICACIÓN'!$F$3:$F5618,'CLASFICACIÓN'!$G$3:$G5618=M39)"),"LOS 3 AÑOS") -> LOS 3 AÑOS | L39: EL MILAGRO | M39: =E39&D39 -> EL MILAGRO2 Secundaria
A40: 39 | B40: 47. Loreto | C40: Secundaria | D40: 2 Secundaria | E40: =IFERROR(__xludf.DUMMYFUNCTION("FILTER(colegios!$B$2:$B5618,colegios!$A$2:$A5618=L40)"),"EL MILAGRO") -> EL MILAGRO | F40: Rural | G40: Masculino | H40: Inicio | I40: 2024 | J40: =IFERROR(__xludf.DUMMYFUNCTION("FILTER('CLASFICACIÓN'!$F$3:$F5618,'CLASFICACIÓN'!$G$3:$G5618=M40)"),"LOS 3 AÑOS") -> LOS 3 AÑOS | L40: EL MILAGRO | M40: =E40&D40 -> EL MILAGRO2 Secundaria
A41: 40 | B41: 47. Loreto | C41: Secundaria | D41: 2 Secundaria | E41: =IFERROR(__xludf.DUMMYFUNCTION("FILTER(colegios!$B$2:$B5618,colegios!$A$2:$A5618=L41)"),"EL MILAGRO") -> EL MILAGRO | F41: Rural | G41: Masculino | H41: Inicio | I41: 2024 | J41: =IFERROR(__xludf.DUMMYFUNCTION("FILTER('CLASFICACIÓN'!$F$3:$F5618,'CLASFICACIÓN'!$G$3:$G5618=M41)"),"LOS 3 AÑOS") -> LOS 3 AÑOS | L41: EL MILAGRO | M41: =E41&D41 -> EL MILAGRO2 Secundaria
A42: 41 | B42: 47. Loreto | C42: Secundaria | D42: 2 Secundaria | E42: =IFERROR(__xludf.DUMMYFUNCTION("FILTER(colegios!$B$2:$B5618,colegios!$A$2:$A5618=L42)"),"EL MILAGRO") -> EL MILAGRO | F42: Rural | G42: Femenino | H42: Proceso | I42: 2024 | J42: =IFERROR(__xludf.DUMMYFUNCTION("FILTER('CLASFICACIÓN'!$F$3:$F5618,'CLASFICACIÓN'!$G$3:$G5618=M42)"),"LOS 3 AÑOS") -> LOS 3 AÑOS | L42: EL MILAGRO | M42: =E42&D42 -> EL MILAGRO2 Secundaria
A43: 42 | B43: 47. Loreto | C43: Secundaria | D43: 2 Secundaria | E43: =IFERROR(__xludf.DUMMYFUNCTION("FILTER(colegios!$B$2:$B5618,colegios!$A$2:$A5618=L43)"),"EL MILAGRO") -> EL MILAGRO | F43: Rural | G43: Masculino | H43: Inicio | I43: 2024 | J43: =IFERROR(__xludf.DUMMYFUNCTION("FILTER('CLASFICACIÓN'!$F$3:$F5618,'CLASFICACIÓN'!$G$3:$G5618=M43)"),"LOS 3 AÑOS") -> LOS 3 AÑOS | L43: EL MILAGRO | M43: =E43&D43 -> EL MILAGRO2 Secundaria
A44: 43 | B44: 47. Loreto | C44: Secundaria | D44: 2 Secundaria | E44: =IFERROR(__xludf.DUMMYFUNCTION("FILTER(colegios!$B$2:$B5618,colegios!$A$2:$A5618=L44)"),"EL MILAGRO") -> EL MILAGRO | F44: Rural | G44: Femenino | H44: Inicio | I44: 2024 | J44: =IFERROR(__xludf.DUMMYFUNCTION("FILTER('CLASFICACIÓN'!$F$3:$F5618,'CLASFICACIÓN'!$G$3:$G5618=M44)"),"LOS 3 AÑOS") -> LOS 3 AÑOS | L44: EL MILAGRO | M44: =E44&D44 -> EL MILAGRO2 Secundaria
A45: 44 | B45: 47. Loreto | C45: Secundaria | D45: 2 Secundaria | E45: =IFERROR(__xludf.DUMMYFUNCTION("FILTER(colegios!$B$2:$B5618,colegios!$A$2:$A5618=L45)"),"EL MILAGRO") -> EL MILAGRO | F45: Rural | G45: Masculino | H45: Inicio | I45: 2024 | J45: =IFERROR(__xludf.DUMMYFUNCTION("FILTER('CLASFICACIÓN'!$F$3:$F5618,'CLASFICACIÓN'!$G$3:$G5618=M45)"),"LOS 3 AÑOS") -> LOS 3 AÑOS | L45: EL MILAGRO | M45: =E45&D45 -> EL MILAGRO2 Secundaria
A46: 45 | B46: 47. Loreto | C46: Secundaria | D46: 2 Secundaria | E46: =IFERROR(__xludf.DUMMYFUNCTION("FILTER(colegios!$B$2:$B5618,colegios!$A$2:$A5618=L46)"),"EL MILAGRO") -> EL MILAGRO | F46: Rural | G46: Femenino | H46: Proceso | I46: 2024 | J46: =IFERROR(__xludf.DUMMYFUNCTION("FILTER('CLASFICACIÓN'!$F$3:$F5618,'CLASFICACIÓN'!$G$3:$G5618=M46)"),"LOS 3 AÑOS") -> LOS 3 AÑOS | L46: EL MILAGRO | M46: =E46&D46 -> EL MILAGRO2 Secundaria
A47: 46 | B47: 47. Loreto | C47: Secundaria | D47: 2 Secundaria | E47: =IFERROR(__xludf.DUMMYFUNCTION("FILTER(colegios!$B$2:$B5618,colegios!$A$2:$A5618=L47)"),"EL MILAGRO") -> EL MILAGRO | F47: Rural | G47: Masculino | H47: Inicio | I47: 2024 | J47: =IFERROR(__xludf.DUMMYFUNCTION("FILTER('CLASFICACIÓN'!$F$3:$F5618,'CLASFICACIÓN'!$G$3:$G5618=M47)"),"LOS 3 AÑOS") -> LOS 3 AÑOS | L47: EL MILAGRO | M47: =E47&D47 -> EL MILAGRO2 Secundaria
A48: 47 | B48: 47. Loreto | C48: Secundaria | D48: 2 Secundaria | E48: =IFERROR(__xludf.DUMMYFUNCTION("FILTER(colegios!$B$2:$B5618,colegios!$A$2:$A5618=L48)"),"EL MILAGRO") -> EL MILAGRO | F48: Rural | G48: Masculino | H48: Proceso | I48: 2024 | J48: =IFERROR(__xludf.DUMMYFUNCTION("FILTER('CLASFICACIÓN'!$F$3:$F5618,'CLASFICACIÓN'!$G$3:$G5618=M48)"),"LOS 3 AÑOS") -> LOS 3 AÑOS | L48: EL MILAGRO | M48: =E48&D48 -> EL MILAGRO2 Secundaria
A49: 48 | B49: 47. Loreto | C49: Secundaria | D49: 2 Secundaria | E49: =IFERROR(__xludf.DUMMYFUNCTION("FILTER(colegios!$B$2:$B5618,colegios!$A$2:$A5618=L49)"),"EL MILAGRO") -> EL MILAGRO | F49: Rural | G49: Femenino | H49: Inicio | I49: 2024 | J49: =IFERROR(__xludf.DUMMYFUNCTION("FILTER('CLASFICACIÓN'!$F$3:$F5618,'CLASFICACIÓN'!$G$3:$G5618=M49)"),"LOS 3 AÑOS") -> LOS 3 AÑOS | L49: EL MILAGRO | M49: =E49&D49 -> EL MILAGRO2 Secundaria
A50: 49 | B50: 47. Loreto | C50: Secundaria | D50: 4 Secundaria | E50: =IFERROR(__xludf.DUMMYFUNCTION("FILTER(colegios!$B$2:$B5618,colegios!$A$2:$A5618=L50)"),"EL MILAGRO") -> EL MILAGRO | F50: Rural | G50: Masculino | H50: Inicio | I50: 2024 | J50: =IFERROR(__xludf.DUMMYFUNCTION("FILTER('CLASFICACIÓN'!$F$3:$F5618,'CLASFICACIÓN'!$G$3:$G5618=M50)"),"LOS 3 AÑOS") -> LOS 3 AÑOS | L50: EL MILAGRO | M50: =E50&D50 -> EL MILAGRO4 Secundaria
A51: 50 | B51: 47. Loreto | C51: Secundaria | D51: 4 Secundaria | E51: =IFERROR(__xludf.DUMMYFUNCTION("FILTER(colegios!$B$2:$B5618,colegios!$A$2:$A5618=L51)"),"EL MILAGRO") -> EL MILAGRO | F51: Rural | G51: Masculino | H51: Inicio | I51: 2024 | J51: =IFERROR(__xludf.DUMMYFUNCTION("FILTER('CLASFICACIÓN'!$F$3:$F5618,'CLASFICACIÓN'!$G$3:$G5618=M51)"),"LOS 3 AÑOS") -> LOS 3 AÑOS | L51: EL MILAGRO | M51: =E51&D51 -> EL MILAGRO4 Secundaria
A52: 51 | B52: 47. Loreto | C52: Secundaria | D52: 4 Secundaria | E52: =IFERROR(__xludf.DUMMYFUNCTION("FILTER(colegios!$B$2:$B5618,colegios!$A$2:$A5618=L52)"),"EL MILAGRO") -> EL MILAGRO | F52: Rural | G52: Femenino | H52: Inicio | I52: 2024 | J52: =IFERROR(__xludf.DUMMYFUNCTION("FILTER('CLASFICACIÓN'!$F$3:$F5618,'CLASFICACIÓN'!$G$3:$G5618=M52)"),"LOS 3 AÑOS") -> LOS 3 AÑOS | L52: EL MILAGRO | M52: =E52&D52 -> EL MILAGRO4 Secundaria
A53: 52 | B53: 47. Loreto | C53: Secundaria | D53: 4 Secundaria | E53: =IFERROR(__xludf.DUMMYFUNCTION("FILTER(colegios!$B$2:$B5618,colegios!$A$2:$A5618=L53)"),"EL MILAGRO") -> EL MILAGRO | F53: Rural | G53: Masculino | H53: Inicio | I53: 2024 | J53: =IFERROR(__xludf.DUMMYFUNCTION("FILTER('CLASFICACIÓN'!$F$3:$F5618,'CLASFICACIÓN'!$G$3:$G5618=M53)"),"LOS 3 AÑOS") -> LOS 3 AÑOS | L53: EL MILAGRO | M53: =E53&D53 -> EL MILAGRO4 Secundaria
A54: 53 | B54: 47. Loreto | C54: Secundaria | D54: 4 Secundaria | E54: =IFERROR(__xludf.DUMMYFUNCTION("FILTER(colegios!$B$2:$B5618,colegios!$A$2:$A5618=L54)"),"EL MILAGRO") -> EL MILAGRO | F54: Rural | G54: Masculino | H54: Proceso | I54: 2024 | J54: =IFERROR(__xludf.DUMMYFUNCTION("FILTER('CLASFICACIÓN'!$F$3:$F5618,'CLASFICACIÓN'!$G$3:$G5618=M54)"),"LOS 3 AÑOS") -> LOS 3 AÑOS | L54: EL MILAGRO | M54: =E54&D54 -> EL MILAGRO4 Secundaria
A55: 54 | B55: 47. Loreto | C55: Secundaria | D55: 4 Secundaria | E55: =IFERROR(__xludf.DUMMYFUNCTION("FILTER(colegios!$B$2:$B5618,colegios!$A$2:$A5618=L55)"),"EL MILAGRO") -> EL MILAGRO | F55: Rural | G55: Masculino | H55: Inicio | I55: 2024 | J55: =IFERROR(__xludf.DUMMYFUNCTION("FILTER('CLASFICACIÓN'!$F$3:$F5618,'CLASFICACIÓN'!$G$3:$G5618=M55)"),"LOS 3 AÑOS") -> LOS 3 AÑOS | L55: EL MILAGRO | M55: =E55&D55 -> EL MILAGRO4 Secundaria
A56: 55 | B56: 47. Loreto | C56: Secundaria | D56: 4 Secundaria | E56: =IFERROR(__xludf.DUMMYFUNCTION("FILTER(colegios!$B$2:$B5618,colegios!$A$2:$A5618=L56)"),"EL MILAGRO") -> EL MILAGRO | F56: Rural | G56: Masculino | H56: Inicio | I56: 2024 | J56: =IFERROR(__xludf.DUMMYFUNCTION("FILTER('CLASFICACIÓN'!$F$3:$F5618,'CLASFICACIÓN'!$G$3:$G5618=M56)"),"LOS 3 AÑOS") -> LOS 3 AÑOS | L56: EL MILAGRO | M56: =E56&D56 -> EL MILAGRO4 Secundaria
A57: 56 | B57: 47. Loreto | C57: Secundaria | D57: 4 Secundaria | E57: =IFERROR(__xludf.DUMMYFUNCTION("FILTER(colegios!$B$2:$B5618,colegios!$A$2:$A5618=L57)"),"EL MILAGRO") -> EL MILAGRO | F57: Rural | G57: Masculino | H57: Inicio | I57: 2024 | J57: =IFERROR(__xludf.DUMMYFUNCTION("FILTER('CLASFICACIÓN'!$F$3:$F5618,'CLASFICACIÓN'!$G$3:$G5618=M57)"),"LOS 3 AÑOS") -> LOS 3 AÑOS | L57: EL MILAGRO | M57: =E57&D57 -> EL MILAGRO4 Secundaria
A58: 57 | B58: 47. Loreto | C58: Secundaria | D58: 4 Secundaria | E58: =IFERROR(__xludf.DUMMYFUNCTION("FILTER(colegios!$B$2:$B5618,colegios!$A$2:$A5618=L58)"),"EL MILAGRO") -> EL MILAGRO | F58: Rural | G58: Masculino | H58: Inicio | I58: 2024 | J58: =IFERROR(__xludf.DUMMYFUNCTION("FILTER('CLASFICACIÓN'!$F$3:$F5618,'CLASFICACIÓN'!$G$3:$G5618=M58)"),"LOS 3 AÑOS") -> LOS 3 AÑOS | L58: EL MILAGRO | M58: =E58&D58 -> EL MILAGRO4 Secundaria
A59: 58 | B59: 47. Loreto | C59: Secundaria | D59: 4 Secundaria | E59: =IFERROR(__xludf.DUMMYFUNCTION("FILTER(colegios!$B$2:$B5618,colegios!$A$2:$A5618=L59)"),"EL MILAGRO") -> EL MILAGRO | F59: Rural | G59: Masculino | H59: Inicio | I59: 2024 | J59: =IFERROR(__xludf.DUMMYFUNCTION("FILTER('CLASFICACIÓN'!$F$3:$F5618,'CLASFICACIÓN'!$G$3:$G5618=M59)"),"LOS 3 AÑOS") -> LOS 3 AÑOS | L59: EL MILAGRO | M59: =E59&D59 -> EL MILAGRO4 Secundaria
A60: 59 | B60: 47. Loreto | C60: Secundaria | D60: 4 Secundaria | E60: =IFERROR(__xludf.DUMMYFUNCTION("FILTER(colegios!$B$2:$B5618,colegios!$A$2:$A5618=L60)"),"EL MILAGRO") -> EL MILAGRO | F60: Rural | G60: Masculino | H60: Inicio | I60: 2024 | J60: =IFERROR(__xludf.DUMMYFUNCTION("FILTER('CLASFICACIÓN'!$F$3:$F5618,'CLASFICACIÓN'!$G$3:$G5618=M60)"),"LOS 3 AÑOS") -> LOS 3 AÑOS | L60: EL MILAGRO | M60: =E60&D60 -> EL MILAGRO4 Secundaria
A61: 60 | B61: 47. Loreto | C61: Secundaria | D61: 4 Secundaria | E61: =IFERROR(__xludf.DUMMYFUNCTION("FILTER(colegios!$B$2:$B5618,colegios!$A$2:$A5618=L61)"),"EL MILAGRO") -> EL MILAGRO | F61: Rural | G61: Masculino | H61: Inicio | I61: 2024 | J61: =IFERROR(__xludf.DUMMYFUNCTION("FILTER('CLASFICACIÓN'!$F$3:$F5618,'CLASFICACIÓN'!$G$3:$G5618=M61)"),"LOS 3 AÑOS") -> LOS 3 AÑOS | L61: EL MILAGRO | M61: =E61&D61 -> EL MILAGRO4 Secundaria
A62: 61 | B62: 47. Loreto | C62: Secundaria | D62: 4 Secundaria | E62: =IFERROR(__xludf.DUMMYFUNCTION("FILTER(colegios!$B$2:$B5618,colegios!$A$2:$A5618=L62)"),"EL MILAGRO") -> EL MILAGRO | F62: Rural | G62: Masculino | H62: Inicio | I62: 2024 | J62: =IFERROR(__xludf.DUMMYFUNCTION("FILTER('CLASFICACIÓN'!$F$3:$F5618,'CLASFICACIÓN'!$G$3:$G5618=M62)"),"LOS 3 AÑOS") -> LOS 3 AÑOS | L62: EL MILAGRO | M62: =E62&D62 -> EL MILAGRO4 Secundaria
A63: 62 | B63: 47. Loreto | C63: Secundaria | D63: 4 Secundaria | E63: =IFERROR(__xludf.DUMMYFUNCTION("FILTER(colegios!$B$2:$B5618,colegios!$A$2:$A5618=L63)"),"EL MILAGRO") -> EL MILAGRO | F63: Rural | G63: Masculino | H63: Inicio | I63: 2024 | J63: =IFERROR(__xludf.DUMMYFUNCTION("FILTER('CLASFICACIÓN'!$F$3:$F5618,'CLASFICACIÓN'!$G$3:$G5618=M63)"),"LOS 3 AÑOS") -> LOS 3 AÑOS | L63: EL MILAGRO | M63: =E63&D63 -> EL MILAGRO4 Secundaria
A64: 63 | B64: 47. Loreto | C64: Secundaria | D64: 4 Secundaria | E64: =IFERROR(__xludf.DUMMYFUNCTION("FILTER(colegios!$B$2:$B5618,colegios!$A$2:$A5618=L64)"),"EL MILAGRO") -> EL MILAGRO | F64: Rural | G64: Masculino | H64: Inicio | I64: 2024 | J64: =IFERROR(__xludf.DUMMYFUNCTION("FILTER('CLASFICACIÓN'!$F$3:$F5618,'CLASFICACIÓN'!$G$3:$G5618=M64)"),"LOS 3 AÑOS") -> LOS 3 AÑOS | L64: EL MILAGRO | M64: =E64&D64 -> EL MILAGRO4 Secundaria
A65: 64 | B65: 47. Loreto | C65: Secundaria | D65: 4 Secundaria | E65: =IFERROR(__xludf.DUMMYFUNCTION("FILTER(colegios!$B$2:$B5618,colegios!$A$2:$A5618=L65)"),"EL MILAGRO") -> EL MILAGRO | F65: Rural | G65: Femenino | H65: Inicio | I65: 2024 | J65: =IFERROR(__xludf.DUMMYFUNCTION("FILTER('CLASFICACIÓN'!$F$3:$F5618,'CLASFICACIÓN'!$G$3:$G5618=M65)"),"LOS 3 AÑOS") -> LOS 3 AÑOS | L65: EL MILAGRO | M65: =E65&D65 -> EL MILAGRO4 Secundaria
A66: 65 | B66: 47. Loreto | C66: Secundaria | D66: 4 Secundaria | E66: =IFERROR(__xludf.DUMMYFUNCTION("FILTER(colegios!$B$2:$B5618,colegios!$A$2:$A5618=L66)"),"EL MILAGRO") -> EL MILAGRO | F66: Rural | G66: Femenino | H66: Inicio | I66: 2024 | J66: =IFERROR(__xludf.DUMMYFUNCTION("FILTER('CLASFICACIÓN'!$F$3:$F5618,'CLASFICACIÓN'!$G$3:$G5618=M66)"),"LOS 3 AÑOS") -> LOS 3 AÑOS | L66: EL MILAGRO | M66: =E66&D66 -> EL MILAGRO4 Secundaria
A67: 66 | B67: 47. Loreto | C67: Secundaria | D67: 4 Secundaria | E67: =IFERROR(__xludf.DUMMYFUNCTION("FILTER(colegios!$B$2:$B5618,colegios!$A$2:$A5618=L67)"),"EL MILAGRO") -> EL MILAGRO | F67: Rural | G67: Femenino | H67: Inicio | I67: 2024 | J67: =IFERROR(__xludf.DUMMYFUNCTION("FILTER('CLASFICACIÓN'!$F$3:$F5618,'CLASFICACIÓN'!$G$3:$G5618=M67)"),"LOS 3 AÑOS") -> LOS 3 AÑOS | L67: EL MILAGRO | M67: =E67&D67 -> EL MILAGRO4 Secundaria
A68: 67 | B68: 47. Loreto | C68: Secundaria | D68: 4 Secundaria | E68: =IFERROR(__xludf.DUMMYFUNCTION("FILTER(colegios!$B$2:$B5618,colegios!$A$2:$A5618=L68)"),"EL MILAGRO") -> EL MILAGRO | F68: Rural | G68: Masculino | H68: Inicio | I68: 2024 | J68: =IFERROR(__xludf.DUMMYFUNCTION("FILTER('CLASFICACIÓN'!$F$3:$F5618,'CLASFICACIÓN'!$G$3:$G5618=M68)"),"LOS 3 AÑOS") -> LOS 3 AÑOS | L68: EL MILAGRO | M68: =E68&D68 -> EL MILAGRO4 Secundaria
A69: 68 | B69: 47. Loreto | C69: Secundaria | D69: 4 Secundaria | E69: =IFERROR(__xludf.DUMMYFUNCTION("FILTER(colegios!$B$2:$B5618,colegios!$A$2:$A5618=L69)"),"EL MILAGRO") -> EL MILAGRO | F69: Rural | G69: Femenino | H69: Inicio | I69: 2024 | J69: =IFERROR(__xludf.DUMMYFUNCTION("FILTER('CLASFICACIÓN'!$F$3:$F5618,'CLASFICACIÓN'!$G$3:$G5618=M69)"),"LOS 3 AÑOS") -> LOS 3 AÑOS | L69: EL MILAGRO | M69: =E69&D69 -> EL MILAGRO4 Secundaria
A70: 69 | B70: 47. Loreto | C70: Secundaria | D70: 4 Secundaria | E70: =IFERROR(__xludf.DUMMYFUNCTION("FILTER(colegios!$B$2:$B5618,colegios!$A$2:$A5618=L70)"),"EL MILAGRO") -> EL MILAGRO | F70: Rural | G70: Femenino | H70: Inicio | I70: 2024 | J70: =IFERROR(__xludf.DUMMYFUNCTION("FILTER('CLASFICACIÓN'!$F$3:$F5618,'CLASFICACIÓN'!$G$3:$G5618=M70)"),"LOS 3 AÑOS") -> LOS 3 AÑOS | L70: EL MILAGRO | M70: =E70&D70 -> EL MILAGRO4 Secundaria
A71: 70 | B71: 47. Loreto | C71: Secundaria | D71: 4 Secundaria | E71: =IFERROR(__xludf.DUMMYFUNCTION("FILTER(colegios!$B$2:$B5618,colegios!$A$2:$A5618=L71)"),"EL MILAGRO") -> EL MILAGRO | F71: Rural | G71: Femenino | H71: Inicio | I71: 2024 | J71: =IFERROR(__xludf.DUMMYFUNCTION("FILTER('CLASFICACIÓN'!$F$3:$F5618,'CLASFICACIÓN'!$G$3:$G5618=M71)"),"LOS 3 AÑOS") -> LOS 3 AÑOS | L71: EL MILAGRO | M71: =E71&D71 -> EL MILAGRO4 Secundaria
A72: 71 | B72: 47. Loreto | C72: Secundaria | D72: 4 Secundaria | E72: =IFERROR(__xludf.DUMMYFUNCTION("FILTER(colegios!$B$2:$B5618,colegios!$A$2:$A5618=L72)"),"EL MILAGRO") -> EL MILAGRO | F72: Rural | G72: Masculino | H72: Inicio | I72: 2024 | J72: =IFERROR(__xludf.DUMMYFUNCTION("FILTER('CLASFICACIÓN'!$F$3:$F5618,'CLASFICACIÓN'!$G$3:$G5618=M72)"),"LOS 3 AÑOS") -> LOS 3 AÑOS | L72: EL MILAGRO | M72: =E72&D72 -> EL MILAGRO4 Secundaria
A73: 72 | B73: 47. Loreto | C73: Secundaria | D73: 4 Secundaria | E73: =IFERROR(__xludf.DUMMYFUNCTION("FILTER(colegios!$B$2:$B5618,colegios!$A$2:$A5618=L73)"),"EL MILAGRO") -> EL MILAGRO | F73: Rural | G73: Masculino | H73: Inicio | I73: 2024 | J73: =IFERROR(__xludf.DUMMYFUNCTION("FILTER('CLASFICACIÓN'!$F$3:$F5618,'CLASFICACIÓN'!$G$3:$G5618=M73)"),"LOS 3 AÑOS") -> LOS 3 AÑOS | L73: EL MILAGRO | M73: =E73&D73 -> EL MILAGRO4 Secundaria
A74: 73 | B74: 47. Loreto | C74: Primaria | D74: 2 Primaria | E74: =IFERROR(__xludf.DUMMYFUNCTION("FILTER(colegios!$B$2:$B5618,colegios!$A$2:$A5618=L74)"),"601614") -> 601614 | F74: Rural | G74: Masculino | H74: Proceso | I74: 2024 | J74: =IFERROR(__xludf.DUMMYFUNCTION("FILTER('CLASFICACIÓN'!$F$3:$F5618,'CLASFICACIÓN'!$G$3:$G5618=M74)"),"SOLO 2024") -> SOLO 2024 | L74: 601614 NUEVA ESPERANZA | M74: =E74&D74 -> 6016142 Primaria
A75: 74 | B75: 47. Loreto | C75: Primaria | D75: 4 Primaria | E75: =IFERROR(__xludf.DUMMYFUNCTION("FILTER(colegios!$B$2:$B5618,colegios!$A$2:$A5618=L75)"),"601614") -> 601614 | F75: Rural | G75: Femenino | H75: Proceso | I75: 2024 | J75: =IFERROR(__xludf.DUMMYFUNCTION("FILTER('CLASFICACIÓN'!$F$3:$F5618,'CLASFICACIÓN'!$G$3:$G5618=M75)"),"2023 Y 2024") -> 2023 Y 2024 | L75: 601614 NUEVA ESPERANZA | M75: =E75&D75 -> 6016144 Primaria
A76: 75 | B76: 47. Loreto | C76: Primaria | D76: 2 Primaria | E76: =IFERROR(__xludf.DUMMYFUNCTION("FILTER(colegios!$B$2:$B5618,colegios!$A$2:$A5618=L76)"),"6010178") -> 6010178 | F76: Rural | G76: Masculino | H76: Satisfactorio | I76: 2024 | J76: =IFERROR(__xludf.DUMMYFUNCTION("FILTER('CLASFICACIÓN'!$F$3:$F5618,'CLASFICACIÓN'!$G$3:$G5618=M76)"),"SOLO 2024") -> SOLO 2024 | L76: 6010178 BELEN DE JUDA | M76: =E76&D76 -> 60101782 Primaria
A77: 76 | B77: 47. Loreto | C77: Primaria | D77: 6 Primaria | E77: =IFERROR(__xludf.DUMMYFUNCTION("FILTER(colegios!$B$2:$B5618,colegios!$A$2:$A5618=L77)"),"6010178") -> 6010178 | F77: Rural | G77: Femenino | H77: Inicio | I77: 2024 | J77: =IFERROR(__xludf.DUMMYFUNCTION("FILTER('CLASFICACIÓN'!$F$3:$F5618,'CLASFICACIÓN'!$G$3:$G5618=M77)"),"SOLO 2024") -> SOLO 2024 | L77: 6010178 BELEN DE JUDA | M77: =E77&D77 -> 60101786 Primaria
A78: 77 | B78: 47. Loreto | C78: Primaria | D78: 2 Primaria | E78: =IFERROR(__xludf.DUMMYFUNCTION("FILTER(colegios!$B$2:$B5618,colegios!$A$2:$A5618=L78)"),"601514") -> 601514 | F78: Rural | G78: Femenino | H78: Proceso | I78: 2024 | J78: =IFERROR(__xludf.DUMMYFUNCTION("FILTER('CLASFICACIÓN'!$F$3:$F5618,'CLASFICACIÓN'!$G$3:$G5618=M78)"),"2023 Y 2024") -> 2023 Y 2024 | L78: 601514 EL DORADO | M78: =E78&D78 -> 6015142 Primaria
A79: 78 | B79: 47. Loreto | C79: Primaria | D79: 4 Primaria | E79: =IFERROR(__xludf.DUMMYFUNCTION("FILTER(colegios!$B$2:$B5618,colegios!$A$2:$A5618=L79)"),"601514") -> 601514 | F79: Rural | G79: Femenino | H79: Satisfactorio | I79: 2024 | J79: =IFERROR(__xludf.DUMMYFUNCTION("FILTER('CLASFICACIÓN'!$F$3:$F5618,'CLASFICACIÓN'!$G$3:$G5618=M79)"),"2023 Y 2024") -> 2023 Y 2024 | L79: 601514 EL DORADO | M79: =E79&D79 -> 6015144 Primaria
A80: 79 | B80: 47. Loreto | C80: Primaria | D80: 6 Primaria | E80: =IFERROR(__xludf.DUMMYFUNCTION("FILTER(colegios!$B$2:$B5618,colegios!$A$2:$A5618=L80)"),"601514") -> 601514 | F80: Rural | G80: Masculino | H80: Proceso | I80: 2024 | J80: =IFERROR(__xludf.DUMMYFUNCTION("FILTER('CLASFICACIÓN'!$F$3:$F5618,'CLASFICACIÓN'!$G$3:$G5618=M80)"),"2023 Y 2024") -> 2023 Y 2024 | L80: 601514 EL DORADO | M80: =E80&D80 -> 6015146 Primaria
A81: 80 | B81: 47. Loreto | C81: Primaria | D81: 6 Primaria | E81: =IFERROR(__xludf.DUMMYFUNCTION("FILTER(colegios!$B$2:$B5618,colegios!$A$2:$A5618=L81)"),"601514") -> 601514 | F81: Rural | G81: Femenino | H81: Proceso | I81: 2024 | J81: =IFERROR(__xludf.DUMMYFUNCTION("FILTER('CLASFICACIÓN'!$F$3:$F5618,'CLASFICACIÓN'!$G$3:$G5618=M81)"),"2023 Y 2024") -> 2023 Y 2024 | L81: 601514 EL DORADO | M81: =E81&D81 -> 6015146 Primaria
A82: 81 | B82: 47. Loreto | C82: Primaria | D82: 2 Primaria | E82: =IFERROR(__xludf.DUMMYFUNCTION("FILTER(colegios!$B$2:$B5618,colegios!$A$2:$A5618=L82)"),"601331") -> 601331 | F82: Rural | G82: Masculino | H82: Inicio | I82: 2024 | J82: =IFERROR(__xludf.DUMMYFUNCTION("FILTER('CLASFICACIÓN'!$F$3:$F5618,'CLASFICACIÓN'!$G$3:$G5618=M82)"),"LOS 3 AÑOS") -> LOS 3 AÑOS | L82: 601331 TRECE DE FEBRERO | M82: =E82&D82 -> 6013312 Primaria
A83: 82 | B83: 47. Loreto | C83: Primaria | D83: 2 Primaria | E83: =IFERROR(__xludf.DUMMYFUNCTION("FILTER(colegios!$B$2:$B5618,colegios!$A$2:$A5618=L83)"),"601331") -> 601331 | F83: Rural | G83: Masculino | H83: Inicio | I83: 2024 | J83: =IFERROR(__xludf.DUMMYFUNCTION("FILTER('CLASFICACIÓN'!$F$3:$F5618,'CLASFICACIÓN'!$G$3:$G5618=M83)"),"LOS 3 AÑOS") -> LOS 3 AÑOS | L83: 601331 TRECE DE FEBRERO | M83: =E83&D83 -> 6013312 Primaria
A84: 83 | B84: 47. Loreto | C84: Primaria | D84: 2 Primaria | E84: =IFERROR(__xludf.DUMMYFUNCTION("FILTER(colegios!$B$2:$B5618,colegios!$A$2:$A5618=L84)"),"601331") -> 601331 | F84: Rural | G84: Masculino | H84: Inicio | I84: 2024 | J84: =IFERROR(__xludf.DUMMYFUNCTION("FILTER('CLASFICACIÓN'!$F$3:$F5618,'CLASFICACIÓN'!$G$3:$G5618=M84)"),"LOS 3 AÑOS") -> LOS 3 AÑOS | L84: 601331 TRECE DE FEBRERO | M84: =E84&D84 -> 6013312 Primaria
A85: 84 | B85: 47. Loreto | C85: Primaria | D85: 2 Primaria | E85: =IFERROR(__xludf.DUMMYFUNCTION("FILTER(colegios!$B$2:$B5618,colegios!$A$2:$A5618=L85)"),"601331") -> 601331 | F85: Rural | G85: Femenino | H85: Proceso | I85: 2024 | J85: =IFERROR(__xludf.DUMMYFUNCTION("FILTER('CLASFICACIÓN'!$F$3:$F5618,'CLASFICACIÓN'!$G$3:$G5618=M85)"),"LOS 3 AÑOS") -> LOS 3 AÑOS | L85: 601331 TRECE DE FEBRERO | M85: =E85&D85 -> 6013312 Primaria
A86: 85 | B86: 47. Loreto | C86: Primaria | D86: 2 Primaria | E86: =IFERROR(__xludf.DUMMYFUNCTION("FILTER(colegios!$B$2:$B5618,colegios!$A$2:$A5618=L86)"),"601331") -> 601331 | F86: Rural | G86: Masculino | H86: Inicio | I86: 2024 | J86: =IFERROR(__xludf.DUMMYFUNCTION("FILTER('CLASFICACIÓN'!$F$3:$F5618,'CLASFICACIÓN'!$G$3:$G5618=M86)"),"LOS 3 AÑOS") -> LOS 3 AÑOS | L86: 601331 TRECE DE FEBRERO | M86: =E86&D86 -> 6013312 Primaria
A87: 86 | B87: 47. Loreto | C87: Primaria | D87: 2 Primaria | E87: =IFERROR(__xludf.DUMMYFUNCTION("FILTER(colegios!$B$2:$B5618,colegios!$A$2:$A5618=L87)"),"601331") -> 601331 | F87: Rural | G87: Femenino | H87: Inicio | I87: 2024 | J87: =IFERROR(__xludf.DUMMYFUNCTION("FILTER('CLASFICACIÓN'!$F$3:$F5618,'CLASFICACIÓN'!$G$3:$G5618=M87)"),"LOS 3 AÑOS") -> LOS 3 AÑOS | L87: 601331 TRECE DE FEBRERO | M87: =E87&D87 -> 6013312 Primaria
A88: 87 | B88: 47. Loreto | C88: Primaria | D88: 2 Primaria | E88: =IFERROR(__xludf.DUMMYFUNCTION("FILTER(colegios!$B$2:$B5618,colegios!$A$2:$A5618=L88)"),"601331") -> 601331 | F88: Rural | G88: Femenino | H88: Proceso | I88: 2024 | J88: =IFERROR(__xludf.DUMMYFUNCTION("FILTER('CLASFICACIÓN'!$F$3:$F5618,'CLASFICACIÓN'!$G$3:$G5618=M88)"),"LOS 3 AÑOS") -> LOS 3 AÑOS | L88: 601331 TRECE DE FEBRERO | M88: =E88&D88 -> 6013312 Primaria
A89: 88 | B89: 47. Loreto | C89: Primaria | D89: 2 Primaria | E89: =IFERROR(__xludf.DUMMYFUNCTION("FILTER(colegios!$B$2:$B5618,colegios!$A$2:$A5618=L89)"),"601331") -> 601331 | F89: Rural | G89: Masculino | H89: Inicio | I89: 2024 | J89: =IFERROR(__xludf.DUMMYFUNCTION("FILTER('CLASFICACIÓN'!$F$3:$F5618,'CLASFICACIÓN'!$G$3:$G5618=M89)"),"LOS 3 AÑOS") -> LOS 3 AÑOS | L89: 601331 TRECE DE FEBRERO | M89: =E89&D89 -> 6013312 Primaria
A90: 89 | B90: 47. Loreto | C90: Primaria | D90: 2 Primaria | E90: =IFERROR(__xludf.DUMMYFUNCTION("FILTER(colegios!$B$2:$B5618,colegios!$A$2:$A5618=L90)"),"601331") -> 601331 | F90: Rural | G90: Femenino | H90: Inicio | I90: 2024 | J90: =IFERROR(__xludf.DUMMYFUNCTION("FILTER('CLASFICACIÓN'!$F$3:$F5618,'CLASFICACIÓN'!$G$3:$G5618=M90)"),"LOS 3 AÑOS") -> LOS 3 AÑOS | L90: 601331 TRECE DE FEBRERO | M90: =E90&D90 -> 6013312 Primaria
A91: 90 | B91: 47. Loreto | C91: Primaria | D91: 4 Primaria | E91: =IFERROR(__xludf.DUMMYFUNCTION("FILTER(colegios!$B$2:$B5618,colegios!$A$2:$A5618=L91)"),"601331") -> 601331 | F91: Rural | G91: Masculino | H91: Inicio | I91: 2024 | J91: =IFERROR(__xludf.DUMMYFUNCTION("FILTER('CLASFICACIÓN'!$F$3:$F5618,'CLASFICACIÓN'!$G$3:$G5618=M91)"),"LOS 3 AÑOS") -> LOS 3 AÑOS | L91: 601331 TRECE DE FEBRERO | M91: =E91&D91 -> 6013314 Primaria
A92: 91 | B92: 47. Loreto | C92: Primaria | D92: 4 Primaria | E92: =IFERROR(__xludf.DUMMYFUNCTION("FILTER(colegios!$B$2:$B5618,colegios!$A$2:$A5618=L92)"),"601331") -> 601331 | F92: Rural | G92: Femenino | H92: Proceso | I92: 2024 | J92: =IFERROR(__xludf.DUMMYFUNCTION("FILTER('CLASFICACIÓN'!$F$3:$F5618,'CLASFICACIÓN'!$G$3:$G5618=M92)"),"LOS 3 AÑOS") -> LOS 3 AÑOS | L92: 601331 TRECE DE FEBRERO | M92: =E92&D92 -> 6013314 Primaria
A93: 92 | B93: 47. Loreto | C93: Primaria | D93: 4 Primaria | E93: =IFERROR(__xludf.DUMMYFUNCTION("FILTER(colegios!$B$2:$B5618,colegios!$A$2:$A5618=L93)"),"601331") -> 601331 | F93: Rural | G93: Femenino | H93: Proceso | I93: 2024 | J93: =IFERROR(__xludf.DUMMYFUNCTION("FILTER('CLASFICACIÓN'!$F$3:$F5618,'CLASFICACIÓN'!$G$3:$G5618=M93)"),"LOS 3 AÑOS") -> LOS 3 AÑOS | L93: 601331 TRECE DE FEBRERO | M93: =E93&D93 -> 6013314 Primaria
A94: 93 | B94: 47. Loreto | C94: Primaria | D94: 4 Primaria | E94: =IFERROR(__xludf.DUMMYFUNCTION("FILTER(colegios!$B$2:$B5618,colegios!$A$2:$A5618=L94)"),"601331") -> 601331 | F94: Rural | G94: Masculino | H94: Inicio | I94: 2024 | J94: =IFERROR(__xludf.DUMMYFUNCTION("FILTER('CLASFICACIÓN'!$F$3:$F5618,'CLASFICACIÓN'!$G$3:$G5618=M94)"),"LOS 3 AÑOS") -> LOS 3 AÑOS | L94: 601331 TRECE DE FEBRERO | M94: =E94&D94 -> 6013314 Primaria
A95: 94 | B95: 47. Loreto | C95: Primaria | D95: 4 Primaria | E95: =IFERROR(__xludf.DUMMYFUNCTION("FILTER(colegios!$B$2:$B5618,colegios!$A$2:$A5618=L95)"),"601331") -> 601331 | F95: Rural | G95: Masculino | H95: Proceso | I95: 2024 | J95: =IFERROR(__xludf.DUMMYFUNCTION("FILTER('CLASFICACIÓN'!$F$3:$F5618,'CLASFICACIÓN'!$G$3:$G5618=M95)"),"LOS 3 AÑOS") -> LOS 3 AÑOS | L95: 601331 TRECE DE FEBRERO | M95: =E95&D95 -> 6013314 Primaria
A96: 95 | B96: 47. Loreto | C96: Primaria | D96: 4 Primaria | E96: =IFERROR(__xludf.DUMMYFUNCTION("FILTER(colegios!$B$2:$B5618,colegios!$A$2:$A5618=L96)"),"601331") -> 601331 | F96: Rural | G96: Masculino | H96: Proceso | I96: 2024 | J96: =IFERROR(__xludf.DUMMYFUNCTION("FILTER('CLASFICACIÓN'!$F$3:$F5618,'CLASFICACIÓN'!$G$3:$G5618=M96)"),"LOS 3 AÑOS") -> LOS 3 AÑOS | L96: 601331 TRECE DE FEBRERO | M96: =E96&D96 -> 6013314 Primaria
A97: 96 | B97: 47. Loreto | C97: Primaria | D97: 4 Primaria | E97: =IFERROR(__xludf.DUMMYFUNCTION("FILTER(colegios!$B$2:$B5618,colegios!$A$2:$A5618=L97)"),"601331") -> 601331 | F97: Rural | G97: Femenino | H97: Proceso | I97: 2024 | J97: =IFERROR(__xludf.DUMMYFUNCTION("FILTER('CLASFICACIÓN'!$F$3:$F5618,'CLASFICACIÓN'!$G$3:$G5618=M97)"),"LOS 3 AÑOS") -> LOS 3 AÑOS | L97: 601331 TRECE DE FEBRERO | M97: =E97&D97 -> 6013314 Primaria
A98: 97 | B98: 47. Loreto | C98: Primaria | D98: 6 Primaria | E98: =IFERROR(__xludf.DUMMYFUNCTION("FILTER(colegios!$B$2:$B5618,colegios!$A$2:$A5618=L98)"),"601331") -> 601331 | F98: Rural | G98: Masculino | H98: Inicio | I98: 2024 | J98: =IFERROR(__xludf.DUMMYFUNCTION("FILTER('CLASFICACIÓN'!$F$3:$F5618,'CLASFICACIÓN'!$G$3:$G5618=M98)"),"LOS 3 AÑOS") -> LOS 3 AÑOS | L98: 601331 TRECE DE FEBRERO | M98: =E98&D98 -> 6013316 Primaria
A99: 98 | B99: 47. Loreto | C99: Primaria | D99: 6 Primaria | E99: =IFERROR(__xludf.DUMMYFUNCTION("FILTER(colegios!$B$2:$B5618,colegios!$A$2:$A5618=L99)"),"601331") -> 601331 | F99: Rural | G99: Femenino | H99: Proceso | I99: 2024 | J99: =IFERROR(__xludf.DUMMYFUNCTION("FILTER('CLASFICACIÓN'!$F$3:$F5618,'CLASFICACIÓN'!$G$3:$G5618=M99)"),"LOS 3 AÑOS") -> LOS 3 AÑOS | L99: 601331 TRECE DE FEBRERO | M99: =E99&D99 -> 6013316 Primaria
A100: 99 | B100: 47. Loreto | C100: Primaria | D100: 6 Primaria | E100: =IFERROR(__xludf.DUMMYFUNCTION("FILTER(colegios!$B$2:$B5618,colegios!$A$2:$A5618=L100)"),"601331") -> 601331 | F100: Rural | G100: Femenino | H100: Proceso | I100: 2024 | J100: =IFERROR(__xludf.DUMMYFUNCTION("FILTER('CLASFICACIÓN'!$F$3:$F5618,'CLASFICACIÓN'!$G$3:$G5618=M100)"),"LOS 3 AÑOS") -> LOS 3 AÑOS | L100: 601331 TRECE DE FEBRERO | M100: =E100&D100 -> 6013316 Primaria
...

Sheet colegios
A1: =IFERROR(__xludf.DUMMYFUNCTION("IMPORTRANGE(""https://docs.google.com/spreadsheets/d/1G0lKhjdDNZcuaaQlGltXi5PoiboQrtAFuEFhYlQNIWs/edit?gid=1917248718#gid=1917248718"",""Colegios!A1:D"")"),"Institución Educativa") -> Institución Educativa | B1: =IFERROR(__xludf.DUMMYFUNCTION("""COMPUTED_VALUE"""),"Nombre a reemplazar") -> Nombre a reemplazar | C1: =IFERROR(__xludf.DUMMYFUNCTION("""COMPUTED_VALUE"""),"Región") -> Región | D1: =IFERROR(__xludf.DUMMYFUNCTION("""COMPUTED_VALUE"""),"Año") -> Año
A2: =IFERROR(__xludf.DUMMYFUNCTION("""COMPUTED_VALUE"""),"Accocunca") -> Accocunca | B2: =IFERROR(__xludf.DUMMYFUNCTION("""COMPUTED_VALUE"""),"50547") -> 50547
A3: =IFERROR(__xludf.DUMMYFUNCTION("""COMPUTED_VALUE"""),"Andamayo") -> Andamayo | B3: =IFERROR(__xludf.DUMMYFUNCTION("""COMPUTED_VALUE"""),"50977") -> 50977
A4: =IFERROR(__xludf.DUMMYFUNCTION("""COMPUTED_VALUE"""),"Ccapana") -> Ccapana | B4: =IFERROR(__xludf.DUMMYFUNCTION("""COMPUTED_VALUE"""),"50495") -> 50495
A5: =IFERROR(__xludf.DUMMYFUNCTION("""COMPUTED_VALUE"""),"Cristo Rey") -> Cristo Rey | B5: =IFERROR(__xludf.DUMMYFUNCTION("""COMPUTED_VALUE"""),"501455 CRISTO REY TTIKARIY") -> 501455 CRISTO REY TTIKARIY
A6: =IFERROR(__xludf.DUMMYFUNCTION("""COMPUTED_VALUE"""),"Kumuncancha") -> Kumuncancha | B6: =IFERROR(__xludf.DUMMYFUNCTION("""COMPUTED_VALUE"""),"501432 PAPA FRANCISCO I") -> 501432 PAPA FRANCISCO I
A7: =IFERROR(__xludf.DUMMYFUNCTION("""COMPUTED_VALUE"""),"Llachi") -> Llachi | B7: =IFERROR(__xludf.DUMMYFUNCTION("""COMPUTED_VALUE"""),"50715") -> 50715
A8: =IFERROR(__xludf.DUMMYFUNCTION("""COMPUTED_VALUE"""),"Marampaqui") -> Marampaqui | B8: =IFERROR(__xludf.DUMMYFUNCTION("""COMPUTED_VALUE"""),"50553") -> 50553
A9: =IFERROR(__xludf.DUMMYFUNCTION("""COMPUTED_VALUE"""),"Ocongate") -> Ocongate | B9: =IFERROR(__xludf.DUMMYFUNCTION("""COMPUTED_VALUE"""),"50492 CORAZON DE JESUS") -> 50492 CORAZON DE JESUS
A10: =IFERROR(__xludf.DUMMYFUNCTION("""COMPUTED_VALUE"""),"Pampacancha") -> Pampacancha | B10: =IFERROR(__xludf.DUMMYFUNCTION("""COMPUTED_VALUE"""),"50550") -> 50550
A11: =IFERROR(__xludf.DUMMYFUNCTION("""COMPUTED_VALUE"""),"Sallicancha") -> Sallicancha | B11: =IFERROR(__xludf.DUMMYFUNCTION("""COMPUTED_VALUE"""),"50765") -> 50765
A12: =IFERROR(__xludf.DUMMYFUNCTION("""COMPUTED_VALUE"""),"Yanacancha") -> Yanacancha | B12: =IFERROR(__xludf.DUMMYFUNCTION("""COMPUTED_VALUE"""),"50696 YANACANCHA") -> 50696 YANACANCHA
A13: =IFERROR(__xludf.DUMMYFUNCTION("""COMPUTED_VALUE"""),"50492- CORAZON DE JESUS OCONGATE") -> 50492- CORAZON DE JESUS OCONGATE | B13: =IFERROR(__xludf.DUMMYFUNCTION("""COMPUTED_VALUE"""),"50492 CORAZON DE JESUS") -> 50492 CORAZON DE JESUS
A14: =IFERROR(__xludf.DUMMYFUNCTION("""COMPUTED_VALUE"""),"50495 CCAPANA") -> 50495 CCAPANA | B14: =IFERROR(__xludf.DUMMYFUNCTION("""COMPUTED_VALUE"""),"50495") -> 50495
A15: =IFERROR(__xludf.DUMMYFUNCTION("""COMPUTED_VALUE"""),"50547 Accocunca") -> 50547 Accocunca | B15: =IFERROR(__xludf.DUMMYFUNCTION("""COMPUTED_VALUE"""),"50547") -> 50547
A16: =IFERROR(__xludf.DUMMYFUNCTION("""COMPUTED_VALUE"""),"50550 PAMPACANCHA") -> 50550 PAMPACANCHA | B16: =IFERROR(__xludf.DUMMYFUNCTION("""COMPUTED_VALUE"""),"50550") -> 50550
A17: =IFERROR(__xludf.DUMMYFUNCTION("""COMPUTED_VALUE"""),"50552 ""TÚPAC AMARU II"" - HUACATINCO") -> 50552 "TÚPAC AMARU II" - HUACATINCO | B17: =IFERROR(__xludf.DUMMYFUNCTION("""COMPUTED_VALUE"""),"50552 TUPAC AMARU II") -> 50552 TUPAC AMARU II
A18: =IFERROR(__xludf.DUMMYFUNCTION("""COMPUTED_VALUE"""),"50553 MARAMPAQUI") -> 50553 MARAMPAQUI | B18: =IFERROR(__xludf.DUMMYFUNCTION("""COMPUTED_VALUE"""),"50553") -> 50553
A19: =IFERROR(__xludf.DUMMYFUNCTION("""COMPUTED_VALUE"""),"50558 PARCCOCALLA") -> 50558 PARCCOCALLA | B19: =IFERROR(__xludf.DUMMYFUNCTION("""COMPUTED_VALUE"""),"50558") -> 50558
A20: =IFERROR(__xludf.DUMMYFUNCTION("""COMPUTED_VALUE"""),"50715 - Llachi") -> 50715 - Llachi | B20: =IFERROR(__xludf.DUMMYFUNCTION("""COMPUTED_VALUE"""),"50715") -> 50715
A21: =IFERROR(__xludf.DUMMYFUNCTION("""COMPUTED_VALUE"""),"50719- VIRGEN DEL CARMEN TINKE") -> 50719- VIRGEN DEL CARMEN TINKE | B21: =IFERROR(__xludf.DUMMYFUNCTION("""COMPUTED_VALUE"""),"50719 VIRGEN DEL CARMEN") -> 50719 VIRGEN DEL CARMEN
A22: =IFERROR(__xludf.DUMMYFUNCTION("""COMPUTED_VALUE"""),"50765 - SALLICANCHA") -> 50765 - SALLICANCHA | B22: =IFERROR(__xludf.DUMMYFUNCTION("""COMPUTED_VALUE"""),"50765") -> 50765
A23: =IFERROR(__xludf.DUMMYFUNCTION("""COMPUTED_VALUE"""),"50696 YANACANCHA") -> 50696 YANACANCHA | B23: =IFERROR(__xludf.DUMMYFUNCTION("""COMPUTED_VALUE"""),"50696 YANACANCHA") -> 50696 YANACANCHA
A24: =IFERROR(__xludf.DUMMYFUNCTION("""COMPUTED_VALUE"""),"50854 de PATAPALLAPA ALTA") -> 50854 de PATAPALLAPA ALTA | B24: =IFERROR(__xludf.DUMMYFUNCTION("""COMPUTED_VALUE"""),"50854") -> 50854
A25: =IFERROR(__xludf.DUMMYFUNCTION("""COMPUTED_VALUE"""),"50977 Andamayo") -> 50977 Andamayo | B25: =IFERROR(__xludf.DUMMYFUNCTION("""COMPUTED_VALUE"""),"50977") -> 50977
A26: =IFERROR(__xludf.DUMMYFUNCTION("""COMPUTED_VALUE"""),"501344 - CCASAPATA") -> 501344 - CCASAPATA | B26: =IFERROR(__xludf.DUMMYFUNCTION("""COMPUTED_VALUE"""),"501344") -> 501344
A27: =IFERROR(__xludf.DUMMYFUNCTION("""COMPUTED_VALUE"""),"501344- CCASAPATA") -> 501344- CCASAPATA | B27: =IFERROR(__xludf.DUMMYFUNCTION("""COMPUTED_VALUE"""),"501344") -> 501344
A28: =IFERROR(__xludf.DUMMYFUNCTION("""COMPUTED_VALUE"""),"501432 - Kumuncancha") -> 501432 - Kumuncancha | B28: =IFERROR(__xludf.DUMMYFUNCTION("""COMPUTED_VALUE"""),"501432 PAPA FRANCISCO I") -> 501432 PAPA FRANCISCO I
A29: =IFERROR(__xludf.DUMMYFUNCTION("""COMPUTED_VALUE"""),"501455 - CRISTO REY TIKARIY") -> 501455 - CRISTO REY TIKARIY | B29: =IFERROR(__xludf.DUMMYFUNCTION("""COMPUTED_VALUE"""),"501455 CRISTO REY TTIKARIY") -> 501455 CRISTO REY TTIKARIY
A30: =IFERROR(__xludf.DUMMYFUNCTION("""COMPUTED_VALUE"""),"Papa Francisco I") -> Papa Francisco I | B30: =IFERROR(__xludf.DUMMYFUNCTION("""COMPUTED_VALUE"""),"501432 PAPA FRANCISCO I") -> 501432 PAPA FRANCISCO I
A31: =IFERROR(__xludf.DUMMYFUNCTION("""COMPUTED_VALUE"""),"601448") -> 601448 | B31: =IFERROR(__xludf.DUMMYFUNCTION("""COMPUTED_VALUE"""),"601448") -> 601448
A32: =IFERROR(__xludf.DUMMYFUNCTION("""COMPUTED_VALUE"""),"601148") -> 601148 | B32: =IFERROR(__xludf.DUMMYFUNCTION("""COMPUTED_VALUE"""),"601448") -> 601448
A33: =IFERROR(__xludf.DUMMYFUNCTION("""COMPUTED_VALUE"""),"601614") -> 601614 | B33: =IFERROR(__xludf.DUMMYFUNCTION("""COMPUTED_VALUE"""),"601614") -> 601614
A34: =IFERROR(__xludf.DUMMYFUNCTION("""COMPUTED_VALUE"""),"EL MILAGRO") -> EL MILAGRO | B34: =IFERROR(__xludf.DUMMYFUNCTION("""COMPUTED_VALUE"""),"EL MILAGRO") -> EL MILAGRO
A35: =IFERROR(__xludf.DUMMYFUNCTION("""COMPUTED_VALUE"""),"EL MILAGRO ") -> EL MILAGRO | B35: =IFERROR(__xludf.DUMMYFUNCTION("""COMPUTED_VALUE"""),"EL MILAGRO") -> EL MILAGRO
A36: =IFERROR(__xludf.DUMMYFUNCTION("""COMPUTED_VALUE"""),"601514") -> 601514 | B36: =IFERROR(__xludf.DUMMYFUNCTION("""COMPUTED_VALUE"""),"601514") -> 601514
A37: =IFERROR(__xludf.DUMMYFUNCTION("""COMPUTED_VALUE"""),"601331") -> 601331 | B37: =IFERROR(__xludf.DUMMYFUNCTION("""COMPUTED_VALUE"""),"601331") -> 601331
A38: =IFERROR(__xludf.DUMMYFUNCTION("""COMPUTED_VALUE"""),"6010230") -> 6010230 | B38: =IFERROR(__xludf.DUMMYFUNCTION("""COMPUTED_VALUE"""),"6010230 BARBARA D'ACHILLE") -> 6010230 BARBARA D'ACHILLE
A39: =IFERROR(__xludf.DUMMYFUNCTION("""COMPUTED_VALUE"""),"60133") -> 60133 | B39: =IFERROR(__xludf.DUMMYFUNCTION("""COMPUTED_VALUE"""),"60133") -> 60133
A40: =IFERROR(__xludf.DUMMYFUNCTION("""COMPUTED_VALUE"""),"60136 MORALILLO") -> 60136 MORALILLO | B40: =IFERROR(__xludf.DUMMYFUNCTION("""COMPUTED_VALUE"""),"60136") -> 60136
A41: =IFERROR(__xludf.DUMMYFUNCTION("""COMPUTED_VALUE"""),"6010102 VILLA BUEN PASTOR") -> 6010102 VILLA BUEN PASTOR | B41: =IFERROR(__xludf.DUMMYFUNCTION("""COMPUTED_VALUE"""),"6010102") -> 6010102
A42: =IFERROR(__xludf.DUMMYFUNCTION("""COMPUTED_VALUE"""),"601448 NUEVO MILAGRO") -> 601448 NUEVO MILAGRO | B42: =IFERROR(__xludf.DUMMYFUNCTION("""COMPUTED_VALUE"""),"601448") -> 601448
A43: =IFERROR(__xludf.DUMMYFUNCTION("""COMPUTED_VALUE"""),"601614 NUEVA ESPERANZA") -> 601614 NUEVA ESPERANZA | B43: =IFERROR(__xludf.DUMMYFUNCTION("""COMPUTED_VALUE"""),"601614") -> 601614
A44: =IFERROR(__xludf.DUMMYFUNCTION("""COMPUTED_VALUE"""),"6010178 BELEN DE JUDA") -> 6010178 BELEN DE JUDA | B44: =IFERROR(__xludf.DUMMYFUNCTION("""COMPUTED_VALUE"""),"6010178") -> 6010178
A45: =IFERROR(__xludf.DUMMYFUNCTION("""COMPUTED_VALUE"""),"601514 DORADO") -> 601514 DORADO | B45: =IFERROR(__xludf.DUMMYFUNCTION("""COMPUTED_VALUE"""),"601514") -> 601514
A46: =IFERROR(__xludf.DUMMYFUNCTION("""COMPUTED_VALUE"""),"601514 DORADO") -> 601514 DORADO | B46: =IFERROR(__xludf.DUMMYFUNCTION("""COMPUTED_VALUE"""),"601514") -> 601514
A47: =IFERROR(__xludf.DUMMYFUNCTION("""COMPUTED_VALUE"""),"601331 TRECE DE FEBRERO") -> 601331 TRECE DE FEBRERO | B47: =IFERROR(__xludf.DUMMYFUNCTION("""COMPUTED_VALUE"""),"601331") -> 601331
A48: =IFERROR(__xludf.DUMMYFUNCTION("""COMPUTED_VALUE"""),"601391 PAUJIL II ZONA") -> 601391 PAUJIL II ZONA | B48: =IFERROR(__xludf.DUMMYFUNCTION("""COMPUTED_VALUE"""),"601391") -> 601391
A49: =IFERROR(__xludf.DUMMYFUNCTION("""COMPUTED_VALUE"""),"601570 ANGEL CARDENAS I") -> 601570 ANGEL CARDENAS I | B49: =IFERROR(__xludf.DUMMYFUNCTION("""COMPUTED_VALUE"""),"601570") -> 601570
A50: =IFERROR(__xludf.DUMMYFUNCTION("""COMPUTED_VALUE"""),"601678 ANGEL CARDENAS II") -> 601678 ANGEL CARDENAS II | B50: =IFERROR(__xludf.DUMMYFUNCTION("""COMPUTED_VALUE"""),"601678") -> 601678
A51: =IFERROR(__xludf.DUMMYFUNCTION("""COMPUTED_VALUE"""),"6010230 NUEVO HORIZONTE") -> 6010230 NUEVO HORIZONTE | B51: =IFERROR(__xludf.DUMMYFUNCTION("""COMPUTED_VALUE"""),"6010230 BARBARA D'ACHILLE") -> 6010230 BARBARA D'ACHILLE
A52: =IFERROR(__xludf.DUMMYFUNCTION("""COMPUTED_VALUE"""),"60181 SAN PEDRO DE PINTUYACU") -> 60181 SAN PEDRO DE PINTUYACU | B52: =IFERROR(__xludf.DUMMYFUNCTION("""COMPUTED_VALUE"""),"60181") -> 60181
A53: =IFERROR(__xludf.DUMMYFUNCTION("""COMPUTED_VALUE"""),"6010231 EX PETROLEROS I") -> 6010231 EX PETROLEROS I | B53: =IFERROR(__xludf.DUMMYFUNCTION("""COMPUTED_VALUE"""),"6010231") -> 6010231
A54: =IFERROR(__xludf.DUMMYFUNCTION("""COMPUTED_VALUE"""),"601511 10 DE OCTUBRE I") -> 601511 10 DE OCTUBRE I | B54: =IFERROR(__xludf.DUMMYFUNCTION("""COMPUTED_VALUE"""),"601511") -> 601511
A55: =IFERROR(__xludf.DUMMYFUNCTION("""COMPUTED_VALUE"""),"601580 10 DE OCTUBRE II") -> 601580 10 DE OCTUBRE II | B55: =IFERROR(__xludf.DUMMYFUNCTION("""COMPUTED_VALUE"""),"601580") -> 601580
A56: =IFERROR(__xludf.DUMMYFUNCTION("""COMPUTED_VALUE"""),"601444 TRIUNFO") -> 601444 TRIUNFO | B56: =IFERROR(__xludf.DUMMYFUNCTION("""COMPUTED_VALUE"""),"601444") -> 601444
A57: =IFERROR(__xludf.DUMMYFUNCTION("""COMPUTED_VALUE"""),"601571 HUAMBE") -> 601571 HUAMBE | B57: =IFERROR(__xludf.DUMMYFUNCTION("""COMPUTED_VALUE"""),"601571") -> 601571
A58: =IFERROR(__xludf.DUMMYFUNCTION("""COMPUTED_VALUE"""),"601563 LA HABANA") -> 601563 LA HABANA | B58: =IFERROR(__xludf.DUMMYFUNCTION("""COMPUTED_VALUE"""),"601563") -> 601563
A59: =IFERROR(__xludf.DUMMYFUNCTION("""COMPUTED_VALUE"""),"60133 CAHUIDE") -> 60133 CAHUIDE | B59: =IFERROR(__xludf.DUMMYFUNCTION("""COMPUTED_VALUE"""),"60133") -> 60133
A60: =IFERROR(__xludf.DUMMYFUNCTION("""COMPUTED_VALUE"""),"6013") -> 6013 | B60: =IFERROR(__xludf.DUMMYFUNCTION("""COMPUTED_VALUE"""),"60133") -> 60133
A61: =IFERROR(__xludf.DUMMYFUNCTION("""COMPUTED_VALUE"""),"14975 El Carbon") -> 14975 El Carbon | B61: =IFERROR(__xludf.DUMMYFUNCTION("""COMPUTED_VALUE"""),"14975") -> 14975
A62: =IFERROR(__xludf.DUMMYFUNCTION("""COMPUTED_VALUE"""),"15219 Tinajones") -> 15219 Tinajones | B62: =IFERROR(__xludf.DUMMYFUNCTION("""COMPUTED_VALUE"""),"15219") -> 15219
A63: =IFERROR(__xludf.DUMMYFUNCTION("""COMPUTED_VALUE"""),"15478 Cerro de Leones") -> 15478 Cerro de Leones | B63: =IFERROR(__xludf.DUMMYFUNCTION("""COMPUTED_VALUE"""),"15478") -> 15478
A64: =IFERROR(__xludf.DUMMYFUNCTION("""COMPUTED_VALUE"""),"15383 Totoral Bajo") -> 15383 Totoral Bajo | B64: =IFERROR(__xludf.DUMMYFUNCTION("""COMPUTED_VALUE"""),"15383") -> 15383
A65: =IFERROR(__xludf.DUMMYFUNCTION("""COMPUTED_VALUE"""),"14045 Miraflores Bajo") -> 14045 Miraflores Bajo | B65: =IFERROR(__xludf.DUMMYFUNCTION("""COMPUTED_VALUE"""),"14045") -> 14045
A66: =IFERROR(__xludf.DUMMYFUNCTION("""COMPUTED_VALUE"""),"20104 CP-8") -> 20104 CP-8 | B66: =IFERROR(__xludf.DUMMYFUNCTION("""COMPUTED_VALUE"""),"20104") -> 20104
A67: =IFERROR(__xludf.DUMMYFUNCTION("""COMPUTED_VALUE"""),"15304 Guaraguaos.B") -> 15304 Guaraguaos.B | B67: =IFERROR(__xludf.DUMMYFUNCTION("""COMPUTED_VALUE"""),"15304") -> 15304
A68: =IFERROR(__xludf.DUMMYFUNCTION("""COMPUTED_VALUE"""),"20123 Cruce de Vega") -> 20123 Cruce de Vega | B68: =IFERROR(__xludf.DUMMYFUNCTION("""COMPUTED_VALUE"""),"20123") -> 20123
A69: =IFERROR(__xludf.DUMMYFUNCTION("""COMPUTED_VALUE"""),"14141 Pueblo Nuevo") -> 14141 Pueblo Nuevo | B69: =IFERROR(__xludf.DUMMYFUNCTION("""COMPUTED_VALUE"""),"14141") -> 14141
A70: =IFERROR(__xludf.DUMMYFUNCTION("""COMPUTED_VALUE"""),"15220 Miraflores Alto") -> 15220 Miraflores Alto | B70: =IFERROR(__xludf.DUMMYFUNCTION("""COMPUTED_VALUE"""),"15220") -> 15220
A71: =IFERROR(__xludf.DUMMYFUNCTION("""COMPUTED_VALUE"""),"14145 SJB") -> 14145 SJB | B71: =IFERROR(__xludf.DUMMYFUNCTION("""COMPUTED_VALUE"""),"14145 SANTA JULIA BILLIART") -> 14145 SANTA JULIA BILLIART
A72: =IFERROR(__xludf.DUMMYFUNCTION("""COMPUTED_VALUE"""),"SCJ PUEBLO LIBRE") -> SCJ PUEBLO LIBRE | B72: =IFERROR(__xludf.DUMMYFUNCTION("""COMPUTED_VALUE"""),"SAGRADO CORAZON DE JESUS") -> SAGRADO CORAZON DE JESUS
A73: =IFERROR(__xludf.DUMMYFUNCTION("""COMPUTED_VALUE"""),"14924 DAC") -> 14924 DAC | B73: =IFERROR(__xludf.DUMMYFUNCTION("""COMPUTED_VALUE"""),"14924 DANIEL ALCIDES CARRION") -> 14924 DANIEL ALCIDES CARRION
A74: =IFERROR(__xludf.DUMMYFUNCTION("""COMPUTED_VALUE"""),"SantaRosa-Palominos") -> SantaRosa-Palominos | B74: =IFERROR(__xludf.DUMMYFUNCTION("""COMPUTED_VALUE"""),"14144 SANTA ROSA") -> 14144 SANTA ROSA
A75: =IFERROR(__xludf.DUMMYFUNCTION("""COMPUTED_VALUE"""),"14924 DANIEL ALCIDES CARRION") -> 14924 DANIEL ALCIDES CARRION | B75: =IFERROR(__xludf.DUMMYFUNCTION("""COMPUTED_VALUE"""),"14924 DANIEL ALCIDES CARRION") -> 14924 DANIEL ALCIDES CARRION
A76: =IFERROR(__xludf.DUMMYFUNCTION("""COMPUTED_VALUE"""),"20104") -> 20104 | B76: =IFERROR(__xludf.DUMMYFUNCTION("""COMPUTED_VALUE"""),"20104") -> 20104
A77: =IFERROR(__xludf.DUMMYFUNCTION("""COMPUTED_VALUE"""),"14975") -> 14975 | B77: =IFERROR(__xludf.DUMMYFUNCTION("""COMPUTED_VALUE"""),"14975") -> 14975
A78: =IFERROR(__xludf.DUMMYFUNCTION("""COMPUTED_VALUE"""),"15304") -> 15304 | B78: =IFERROR(__xludf.DUMMYFUNCTION("""COMPUTED_VALUE"""),"15304") -> 15304
A79: =IFERROR(__xludf.DUMMYFUNCTION("""COMPUTED_VALUE"""),"SAGRADO CORAZON DE JESUS") -> SAGRADO CORAZON DE JESUS | B79: =IFERROR(__xludf.DUMMYFUNCTION("""COMPUTED_VALUE"""),"SAGRADO CORAZON DE JESUS") -> SAGRADO CORAZON DE JESUS
A80: =IFERROR(__xludf.DUMMYFUNCTION("""COMPUTED_VALUE"""),"14144 SANTA ROSA") -> 14144 SANTA ROSA | B80: =IFERROR(__xludf.DUMMYFUNCTION("""COMPUTED_VALUE"""),"14144 SANTA ROSA") -> 14144 SANTA ROSA
A81: =IFERROR(__xludf.DUMMYFUNCTION("""COMPUTED_VALUE"""),"14894") -> 14894 | B81: =IFERROR(__xludf.DUMMYFUNCTION("""COMPUTED_VALUE"""),"14894") -> 14894
A82: =IFERROR(__xludf.DUMMYFUNCTION("""COMPUTED_VALUE"""),"15383") -> 15383 | B82: =IFERROR(__xludf.DUMMYFUNCTION("""COMPUTED_VALUE"""),"15383") -> 15383
A83: =IFERROR(__xludf.DUMMYFUNCTION("""COMPUTED_VALUE"""),"14141") -> 14141 | B83: =IFERROR(__xludf.DUMMYFUNCTION("""COMPUTED_VALUE"""),"14141") -> 14141
A84: =IFERROR(__xludf.DUMMYFUNCTION("""COMPUTED_VALUE"""),"15478") -> 15478 | B84: =IFERROR(__xludf.DUMMYFUNCTION("""COMPUTED_VALUE"""),"15478") -> 15478
A85: =IFERROR(__xludf.DUMMYFUNCTION("""COMPUTED_VALUE"""),"14045") -> 14045 | B85: =IFERROR(__xludf.DUMMYFUNCTION("""COMPUTED_VALUE"""),"14045") -> 14045
A86: =IFERROR(__xludf.DUMMYFUNCTION("""COMPUTED_VALUE"""),"14145 SANTA JULIA BILLIART") -> 14145 SANTA JULIA BILLIART | B86: =IFERROR(__xludf.DUMMYFUNCTION("""COMPUTED_VALUE"""),"14145 SANTA JULIA BILLIART") -> 14145 SANTA JULIA BILLIART
A87: =IFERROR(__xludf.DUMMYFUNCTION("""COMPUTED_VALUE"""),"20123") -> 20123 | B87: =IFERROR(__xludf.DUMMYFUNCTION("""COMPUTED_VALUE"""),"20123") -> 20123
A88: =IFERROR(__xludf.DUMMYFUNCTION("""COMPUTED_VALUE"""),"15219") -> 15219 | B88: =IFERROR(__xludf.DUMMYFUNCTION("""COMPUTED_VALUE"""),"15219") -> 15219
A89: =IFERROR(__xludf.DUMMYFUNCTION("""COMPUTED_VALUE"""),"15220") -> 15220 | B89: =IFERROR(__xludf.DUMMYFUNCTION("""COMPUTED_VALUE"""),"15220") -> 15220
A90: =IFERROR(__xludf.DUMMYFUNCTION("""COMPUTED_VALUE"""),"IE Sagrado Corazón") -> IE Sagrado Corazón | B90: =IFERROR(__xludf.DUMMYFUNCTION("""COMPUTED_VALUE"""),"SAGRADO CORAZON DE JESUS") -> SAGRADO CORAZON DE JESUS
A91: =IFERROR(__xludf.DUMMYFUNCTION("""COMPUTED_VALUE"""),"IE Santa Rosa") -> IE Santa Rosa | B91: =IFERROR(__xludf.DUMMYFUNCTION("""COMPUTED_VALUE"""),"14144 SANTA ROSA") -> 14144 SANTA ROSA
A92: =IFERROR(__xludf.DUMMYFUNCTION("""COMPUTED_VALUE"""),"IE Totoral Alto") -> IE Totoral Alto | B92: =IFERROR(__xludf.DUMMYFUNCTION("""COMPUTED_VALUE"""),"14894") -> 14894
A93: =IFERROR(__xludf.DUMMYFUNCTION("""COMPUTED_VALUE"""),"IE Santa Julia") -> IE Santa Julia | B93: =IFERROR(__xludf.DUMMYFUNCTION("""COMPUTED_VALUE"""),"14145 SANTA JULIA BILLIART") -> 14145 SANTA JULIA BILLIART
A94: =IFERROR(__xludf.DUMMYFUNCTION("""COMPUTED_VALUE"""),"86809 Huarac-huarán") -> 86809 Huarac-huarán | B94: =IFERROR(__xludf.DUMMYFUNCTION("""COMPUTED_VALUE"""),"86809") -> 86809
A95: =IFERROR(__xludf.DUMMYFUNCTION("""COMPUTED_VALUE"""),"88247 - Capan") -> 88247 - Capan | B95: =IFERROR(__xludf.DUMMYFUNCTION("""COMPUTED_VALUE"""),"88247 SAN ENRIQUE") -> 88247 SAN ENRIQUE
A96: =IFERROR(__xludf.DUMMYFUNCTION("""COMPUTED_VALUE"""),"86548 - Pichiu") -> 86548 - Pichiu | B96: =IFERROR(__xludf.DUMMYFUNCTION("""COMPUTED_VALUE"""),"86548 JOSE MARIA VELAZ") -> 86548 JOSE MARIA VELAZ
A97: =IFERROR(__xludf.DUMMYFUNCTION("""COMPUTED_VALUE"""),"Huarachuran") -> Huarachuran | B97: =IFERROR(__xludf.DUMMYFUNCTION("""COMPUTED_VALUE"""),"86809") -> 86809
A98: =IFERROR(__xludf.DUMMYFUNCTION("""COMPUTED_VALUE"""),"Pichiu") -> Pichiu | B98: =IFERROR(__xludf.DUMMYFUNCTION("""COMPUTED_VALUE"""),"86548 JOSE MARIA VELAZ") -> 86548 JOSE MARIA VELAZ
A99: =IFERROR(__xludf.DUMMYFUNCTION("""COMPUTED_VALUE"""),"Carap") -> Carap | B99: =IFERROR(__xludf.DUMMYFUNCTION("""COMPUTED_VALUE"""),"88327") -> 88327
A100: =IFERROR(__xludf.DUMMYFUNCTION("""COMPUTED_VALUE"""),"Capan") -> Capan | B100: =IFERROR(__xludf.DUMMYFUNCTION("""COMPUTED_VALUE"""),"88247 SAN ENRIQUE") -> 88247 SAN ENRIQUE
...

Sheet PADD-R
A1: RER | B1: IIEE | C1: LÍNEA BASE 2022 | D1: LÍNEA BASE 2023 | E1: LÍNEA BASE 2022 | F1: LÍNEA BASE 2023 | G1: LÍNEA BASE 2022 | H1: LÍNEA BASE 2023 | I1: PADD 2023 | J1: PADD 2024 | K1: PADD | L1: ID IIEE
A2: CUSCO - 44 | B2: {=DGET(colegios!$A$1:$B965,colegios!$B$1,{colegios!$A$1;L2})} -> 501344 | J2: 1 | K2: =IF(AND(I2<>"",J2<>""),"PADD 2023 Y 2024",IF(I2<>"","SOLO 2023",IF(J2<>"","SOLO 2024","NO PARTICIPÓ"))) -> SOLO 2024 | L2: 501344 Ccasapata
A3: CUSCO - 44 | B3: {=DGET(colegios!$A$1:$B965,colegios!$B$1,{colegios!$A$1;L3})} -> 501455 CRISTO REY TTIKARIY | D3: 1 | F3: 1 | I3: 1 | J3: 1 | K3: =IF(AND(I3<>"",J3<>""),"PADD 2023 Y 2024",IF(I3<>"","SOLO 2023",IF(J3<>"","SOLO 2024","NO PARTICIPÓ"))) -> PADD 2023 Y 2024 | L3: 501455 Cristo Rey Ttikariy- Pacchanta Baja
A4: CUSCO - 44 | B4: {=DGET(colegios!$A$1:$B965,colegios!$B$1,{colegios!$A$1;L4})} -> 50492 CORAZON DE JESUS | C4: 1 | D4: 1 | E4: 1 | F4: 1 | I4: 1 | J4: 1 | K4: =IF(AND(I4<>"",J4<>""),"PADD 2023 Y 2024",IF(I4<>"","SOLO 2023",IF(J4<>"","SOLO 2024","NO PARTICIPÓ"))) -> PADD 2023 Y 2024 | L4: 50492 "Corazón de Jesús" Ocongate
A5: CUSCO - 44 | B5: {=DGET(colegios!$A$1:$B965,colegios!$B$1,{colegios!$A$1;L5})} -> 50550 | C5: 1 | D5: 1 | E5: 1 | F5: 1 | I5: 1 | J5: 1 | K5: =IF(AND(I5<>"",J5<>""),"PADD 2023 Y 2024",IF(I5<>"","SOLO 2023",IF(J5<>"","SOLO 2024","NO PARTICIPÓ"))) -> PADD 2023 Y 2024 | L5: 50550 Pampacancha
A6: CUSCO - 44 | B6: {=DGET(colegios!$A$1:$B965,colegios!$B$1,{colegios!$A$1;L6})} -> 50552 TUPAC AMARU II | J6: 1 | K6: =IF(AND(I6<>"",J6<>""),"PADD 2023 Y 2024",IF(I6<>"","SOLO 2023",IF(J6<>"","SOLO 2024","NO PARTICIPÓ"))) -> SOLO 2024 | L6: 50552 Tupac Amaru II - Huacatinco
A7: CUSCO - 44 | B7: {=DGET(colegios!$A$1:$B965,colegios!$B$1,{colegios!$A$1;L7})} -> 50558 | C7: 1 | E7: 1 | J7: 1 | K7: =IF(AND(I7<>"",J7<>""),"PADD 2023 Y 2024",IF(I7<>"","SOLO 2023",IF(J7<>"","SOLO 2024","NO PARTICIPÓ"))) -> SOLO 2024 | L7: 50558 Parccocalla
A8: CUSCO - 44 | B8: {=DGET(colegios!$A$1:$B965,colegios!$B$1,{colegios!$A$1;L8})} -> 50719 VIRGEN DEL CARMEN | C8: 1 | E8: 1 | J8: 1 | K8: =IF(AND(I8<>"",J8<>""),"PADD 2023 Y 2024",IF(I8<>"","SOLO 2023",IF(J8<>"","SOLO 2024","NO PARTICIPÓ"))) -> SOLO 2024 | L8: 50719 Virgen del Carmen de Tinke
A9: CUSCO - 44 | B9: {=DGET(colegios!$A$1:$B965,colegios!$B$1,{colegios!$A$1;L9})} -> 50854 | C9: 1 | E9: 1 | J9: 1 | K9: =IF(AND(I9<>"",J9<>""),"PADD 2023 Y 2024",IF(I9<>"","SOLO 2023",IF(J9<>"","SOLO 2024","NO PARTICIPÓ"))) -> SOLO 2024 | L9: 50854 Patapallpa Alta
A10: CUSCO - 44 | B10: {=DGET(colegios!$A$1:$B965,colegios!$B$1,{colegios!$A$1;L10})} -> 50715 | D10: 1 | F10: 1 | I10: 1 | K10: =IF(AND(I10<>"",J10<>""),"PADD 2023 Y 2024",IF(I10<>"","SOLO 2023",IF(J10<>"","SOLO 2024","NO PARTICIPÓ"))) -> SOLO 2023 | L10: 50715 Llachi
A11: CUSCO - 44 | B11: {=DGET(colegios!$A$1:$B965,colegios!$B$1,{colegios!$A$1;L11})} -> 50765 | D11: 1 | F11: 1 | I11: 1 | K11: =IF(AND(I11<>"",J11<>""),"PADD 2023 Y 2024",IF(I11<>"","SOLO 2023",IF(J11<>"","SOLO 2024","NO PARTICIPÓ"))) -> SOLO 2023 | L11: 50765 Sallicancha
A12: CUSCO - 44 | B12: {=DGET(colegios!$A$1:$B965,colegios!$B$1,{colegios!$A$1;L12})} -> 50796 | D12: 1 | F12: 1 | I12: 1 | K12: =IF(AND(I12<>"",J12<>""),"PADD 2023 Y 2024",IF(I12<>"","SOLO 2023",IF(J12<>"","SOLO 2024","NO PARTICIPÓ"))) -> SOLO 2023 | L12: 50796 Yanacancha
A13: CUSCO - 44 | B13: {=DGET(colegios!$A$1:$B965,colegios!$B$1,{colegios!$A$1;L13})} -> 50495 | D13: 1 | F13: 1 | I13: 1 | K13: =IF(AND(I13<>"",J13<>""),"PADD 2023 Y 2024",IF(I13<>"","SOLO 2023",IF(J13<>"","SOLO 2024","NO PARTICIPÓ"))) -> SOLO 2023 | L13: 50495 Ccapana
A14: CUSCO - 44 | B14: {=DGET(colegios!$A$1:$B965,colegios!$B$1,{colegios!$A$1;L14})} -> 50536 | C14: 1 | E14: 1 | K14: =IF(AND(I14<>"",J14<>""),"PADD 2023 Y 2024",IF(I14<>"","SOLO 2023",IF(J14<>"","SOLO 2024","NO PARTICIPÓ"))) -> NO PARTICIPÓ | L14: 50536 Ccoñamuro
A15: CUSCO - 44 | B15: {=DGET(colegios!$A$1:$B965,colegios!$B$1,{colegios!$A$1;L15})} -> 50547 | D15: 1 | F15: 1 | I15: 1 | K15: =IF(AND(I15<>"",J15<>""),"PADD 2023 Y 2024",IF(I15<>"","SOLO 2023",IF(J15<>"","SOLO 2024","NO PARTICIPÓ"))) -> SOLO 2023 | L15: 50547 Accocunca
A16: CUSCO - 44 | B16: {=DGET(colegios!$A$1:$B965,colegios!$B$1,{colegios!$A$1;L16})} -> 50553 | D16: 1 | F16: 1 | I16: 1 | K16: =IF(AND(I16<>"",J16<>""),"PADD 2023 Y 2024",IF(I16<>"","SOLO 2023",IF(J16<>"","SOLO 2024","NO PARTICIPÓ"))) -> SOLO 2023 | L16: 50553 Marampaqui
A17: CUSCO - 44 | B17: {=DGET(colegios!$A$1:$B965,colegios!$B$1,{colegios!$A$1;L17})} -> 50912 | C17: 1 | E17: 1 | K17: =IF(AND(I17<>"",J17<>""),"PADD 2023 Y 2024",IF(I17<>"","SOLO 2023",IF(J17<>"","SOLO 2024","NO PARTICIPÓ"))) -> NO PARTICIPÓ | L17: 50912 Cuyuni
A18: CUSCO - 44 | B18: {=DGET(colegios!$A$1:$B965,colegios!$B$1,{colegios!$A$1;L18})} -> 50977 | D18: 1 | F18: 1 | I18: 1 | K18: =IF(AND(I18<>"",J18<>""),"PADD 2023 Y 2024",IF(I18<>"","SOLO 2023",IF(J18<>"","SOLO 2024","NO PARTICIPÓ"))) -> SOLO 2023 | L18: 50977 Andamayo
A19: CUSCO - 44 | B19: {=DGET(colegios!$A$1:$B965,colegios!$B$1,{colegios!$A$1;L19})} -> 501432 PAPA FRANCISCO I | C19: 1 | D19: 1 | E19: 1 | F19: 1 | I19: 1 | J19: 1 | K19: =IF(AND(I19<>"",J19<>""),"PADD 2023 Y 2024",IF(I19<>"","SOLO 2023",IF(J19<>"","SOLO 2024","NO PARTICIPÓ"))) -> PADD 2023 Y 2024 | L19: 501432 PAPA FRANCISCO I - Kumuncancha
A20: CUSCO - 44 | B20: {=DGET(colegios!$A$1:$B965,colegios!$B$1,{colegios!$A$1;L20})} -> ALMIRANTE MIGUEL GRAU SEMINARIO | C20: 1 | E20: 1 | K20: =IF(AND(I20<>"",J20<>""),"PADD 2023 Y 2024",IF(I20<>"","SOLO 2023",IF(J20<>"","SOLO 2024","NO PARTICIPÓ"))) -> NO PARTICIPÓ | L20: ALMIRANTE MIGUEL GRAU SEMINARIO
A21: IQUITOS - 47 | B21: {=DGET(colegios!$A$1:$B965,colegios!$B$1,{colegios!$A$1;L21})} -> #NUM! | C21: 1 | D21: 1 | E21: 1 | F21: 1 | G21: 1 | H21: 1 | I21: 1 | J21: 1 | K21: =IF(AND(I21<>"",J21<>""),"PADD 2023 Y 2024",IF(I21<>"","SOLO 2023",IF(J21<>"","SOLO 2024","NO PARTICIPÓ"))) -> PADD 2023 Y 2024 | L21: El Milagro
A22: IQUITOS - 47 | B22: {=DGET(colegios!$A$1:$B965,colegios!$B$1,{colegios!$A$1;L22})} -> 601448 | C22: 1 | D22: 1 | E22: 1 | F22: 1 | G22: 1 | H22: 1 | I22: 1 | J22: 1 | K22: =IF(AND(I22<>"",J22<>""),"PADD 2023 Y 2024",IF(I22<>"","SOLO 2023",IF(J22<>"","SOLO 2024","NO PARTICIPÓ"))) -> PADD 2023 Y 2024 | L22: 601448
A23: IQUITOS - 47 | B23: {=DGET(colegios!$A$1:$B965,colegios!$B$1,{colegios!$A$1;L23})} -> 601614 | D23: 1 | F23: 1 | H23: 1 | I23: 1 | J23: 1 | K23: =IF(AND(I23<>"",J23<>""),"PADD 2023 Y 2024",IF(I23<>"","SOLO 2023",IF(J23<>"","SOLO 2024","NO PARTICIPÓ"))) -> PADD 2023 Y 2024 | L23: 601614
A24: IQUITOS - 47 | B24: {=DGET(colegios!$A$1:$B965,colegios!$B$1,{colegios!$A$1;L24})} -> 601514 | D24: 1 | F24: 1 | H24: 1 | I24: 1 | K24: =IF(AND(I24<>"",J24<>""),"PADD 2023 Y 2024",IF(I24<>"","SOLO 2023",IF(J24<>"","SOLO 2024","NO PARTICIPÓ"))) -> SOLO 2023 | L24: 601514
A25: IQUITOS - 47 | B25: {=DGET(colegios!$A$1:$B965,colegios!$B$1,{colegios!$A$1;L25})} -> 601331 | C25: 1 | D25: 1 | E25: 1 | F25: 1 | G25: 1 | H25: 1 | I25: 1 | K25: =IF(AND(I25<>"",J25<>""),"PADD 2023 Y 2024",IF(I25<>"","SOLO 2023",IF(J25<>"","SOLO 2024","NO PARTICIPÓ"))) -> SOLO 2023 | L25: 601331
A26: IQUITOS - 47 | B26: {=DGET(colegios!$A$1:$B965,colegios!$B$1,{colegios!$A$1;L26})} -> 6010230 BARBARA D'ACHILLE | C26: 1 | D26: 1 | E26: 1 | F26: 1 | G26: 1 | H26: 1 | I26: 1 | J26: 1 | K26: =IF(AND(I26<>"",J26<>""),"PADD 2023 Y 2024",IF(I26<>"","SOLO 2023",IF(J26<>"","SOLO 2024","NO PARTICIPÓ"))) -> PADD 2023 Y 2024 | L26: 6010230 BARBARA D'ACHILLE
A27: IQUITOS - 47 | B27: {=DGET(colegios!$A$1:$B965,colegios!$B$1,{colegios!$A$1;L27})} -> 60133 | C27: 1 | D27: 1 | E27: 1 | F27: 1 | G27: 1 | H27: 1 | I27: 1 | J27: 1 | K27: =IF(AND(I27<>"",J27<>""),"PADD 2023 Y 2024",IF(I27<>"","SOLO 2023",IF(J27<>"","SOLO 2024","NO PARTICIPÓ"))) -> PADD 2023 Y 2024 | L27: 60133
A28: IQUITOS - 47 | B28: {=DGET(colegios!$A$1:$B965,colegios!$B$1,{colegios!$A$1;L28})} -> 60136 | J28: 1 | K28: =IF(AND(I28<>"",J28<>""),"PADD 2023 Y 2024",IF(I28<>"","SOLO 2023",IF(J28<>"","SOLO 2024","NO PARTICIPÓ"))) -> SOLO 2024 | L28: 60136
A29: IQUITOS - 47 | B29: {=DGET(colegios!$A$1:$B965,colegios!$B$1,{colegios!$A$1;L29})} -> 60181 | J29: 1 | K29: =IF(AND(I29<>"",J29<>""),"PADD 2023 Y 2024",IF(I29<>"","SOLO 2023",IF(J29<>"","SOLO 2024","NO PARTICIPÓ"))) -> SOLO 2024 | L29: 60181
A30: IQUITOS - 47 | B30: {=DGET(colegios!$A$1:$B965,colegios!$B$1,{colegios!$A$1;L30})} -> 601330 | J30: 1 | K30: =IF(AND(I30<>"",J30<>""),"PADD 2023 Y 2024",IF(I30<>"","SOLO 2023",IF(J30<>"","SOLO 2024","NO PARTICIPÓ"))) -> SOLO 2024 | L30: 601330
A31: IQUITOS - 47 | B31: {=DGET(colegios!$A$1:$B965,colegios!$B$1,{colegios!$A$1;L31})} -> 601391 | J31: 1 | K31: =IF(AND(I31<>"",J31<>""),"PADD 2023 Y 2024",IF(I31<>"","SOLO 2023",IF(J31<>"","SOLO 2024","NO PARTICIPÓ"))) -> SOLO 2024 | L31: 601391
A32: IQUITOS - 47 | B32: {=DGET(colegios!$A$1:$B965,colegios!$B$1,{colegios!$A$1;L32})} -> 601444 | J32: 1 | K32: =IF(AND(I32<>"",J32<>""),"PADD 2023 Y 2024",IF(I32<>"","SOLO 2023",IF(J32<>"","SOLO 2024","NO PARTICIPÓ"))) -> SOLO 2024 | L32: 601444
A33: IQUITOS - 47 | B33: {=DGET(colegios!$A$1:$B965,colegios!$B$1,{colegios!$A$1;L33})} -> 601511 | J33: 1 | K33: =IF(AND(I33<>"",J33<>""),"PADD 2023 Y 2024",IF(I33<>"","SOLO 2023",IF(J33<>"","SOLO 2024","NO PARTICIPÓ"))) -> SOLO 2024 | L33: 601511
A34: IQUITOS - 47 | B34: {=DGET(colegios!$A$1:$B965,colegios!$B$1,{colegios!$A$1;L34})} -> 601563 | J34: 1 | K34: =IF(AND(I34<>"",J34<>""),"PADD 2023 Y 2024",IF(I34<>"","SOLO 2023",IF(J34<>"","SOLO 2024","NO PARTICIPÓ"))) -> SOLO 2024 | L34: 601563
A35: IQUITOS - 47 | B35: {=DGET(colegios!$A$1:$B965,colegios!$B$1,{colegios!$A$1;L35})} -> 601570 | J35: 1 | K35: =IF(AND(I35<>"",J35<>""),"PADD 2023 Y 2024",IF(I35<>"","SOLO 2023",IF(J35<>"","SOLO 2024","NO PARTICIPÓ"))) -> SOLO 2024 | L35: 601570
A36: IQUITOS - 47 | B36: {=DGET(colegios!$A$1:$B965,colegios!$B$1,{colegios!$A$1;L36})} -> 601571 | J36: 1 | K36: =IF(AND(I36<>"",J36<>""),"PADD 2023 Y 2024",IF(I36<>"","SOLO 2023",IF(J36<>"","SOLO 2024","NO PARTICIPÓ"))) -> SOLO 2024 | L36: 601571
A37: IQUITOS - 47 | B37: {=DGET(colegios!$A$1:$B965,colegios!$B$1,{colegios!$A$1;L37})} -> 601580 | J37: 1 | K37: =IF(AND(I37<>"",J37<>""),"PADD 2023 Y 2024",IF(I37<>"","SOLO 2023",IF(J37<>"","SOLO 2024","NO PARTICIPÓ"))) -> SOLO 2024 | L37: 601580
A38: IQUITOS - 47 | B38: {=DGET(colegios!$A$1:$B965,colegios!$B$1,{colegios!$A$1;L38})} -> 601678 | J38: 1 | K38: =IF(AND(I38<>"",J38<>""),"PADD 2023 Y 2024",IF(I38<>"","SOLO 2023",IF(J38<>"","SOLO 2024","NO PARTICIPÓ"))) -> SOLO 2024 | L38: 601678
A39: IQUITOS - 47 | B39: {=DGET(colegios!$A$1:$B965,colegios!$B$1,{colegios!$A$1;L39})} -> 6010102 | J39: 1 | K39: =IF(AND(I39<>"",J39<>""),"PADD 2023 Y 2024",IF(I39<>"","SOLO 2023",IF(J39<>"","SOLO 2024","NO PARTICIPÓ"))) -> SOLO 2024 | L39: 6010102
A40: IQUITOS - 47 | B40: {=DGET(colegios!$A$1:$B965,colegios!$B$1,{colegios!$A$1;L40})} -> 6010178 | J40: 1 | K40: =IF(AND(I40<>"",J40<>""),"PADD 2023 Y 2024",IF(I40<>"","SOLO 2023",IF(J40<>"","SOLO 2024","NO PARTICIPÓ"))) -> SOLO 2024 | L40: 6010178
A41: IQUITOS - 47 | B41: {=DGET(colegios!$A$1:$B965,colegios!$B$1,{colegios!$A$1;L41})} -> 6010231 | J41: 1 | K41: =IF(AND(I41<>"",J41<>""),"PADD 2023 Y 2024",IF(I41<>"","SOLO 2023",IF(J41<>"","SOLO 2024","NO PARTICIPÓ"))) -> SOLO 2024 | L41: 6010231
A42: IQUITOS - 47 | B42: {=DGET(colegios!$A$1:$B965,colegios!$B$1,{colegios!$A$1;L42})} -> 405 | I42: 1 | K42: =IF(AND(I42<>"",J42<>""),"PADD 2023 Y 2024",IF(I42<>"","SOLO 2023",IF(J42<>"","SOLO 2024","NO PARTICIPÓ"))) -> SOLO 2023 | L42: 405
A43: IQUITOS - 47 | B43: {=DGET(colegios!$A$1:$B965,colegios!$B$1,{colegios!$A$1;L43})} -> 536 | I43: 1 | K43: =IF(AND(I43<>"",J43<>""),"PADD 2023 Y 2024",IF(I43<>"","SOLO 2023",IF(J43<>"","SOLO 2024","NO PARTICIPÓ"))) -> SOLO 2023 | L43: 536 MI CASITA DEL SABER
A44: IQUITOS - 47 | B44: {=DGET(colegios!$A$1:$B965,colegios!$B$1,{colegios!$A$1;L44})} -> 604 | I44: 1 | K44: =IF(AND(I44<>"",J44<>""),"PADD 2023 Y 2024",IF(I44<>"","SOLO 2023",IF(J44<>"","SOLO 2024","NO PARTICIPÓ"))) -> SOLO 2023 | L44: 604
A45: IQUITOS - 47 | B45: {=DGET(colegios!$A$1:$B965,colegios!$B$1,{colegios!$A$1;L45})} -> 678 | I45: 1 | K45: =IF(AND(I45<>"",J45<>""),"PADD 2023 Y 2024",IF(I45<>"","SOLO 2023",IF(J45<>"","SOLO 2024","NO PARTICIPÓ"))) -> SOLO 2023 | L45: 678
A46: IQUITOS - 47 | B46: {=DGET(colegios!$A$1:$B965,colegios!$B$1,{colegios!$A$1;L46})} -> 811 | I46: 1 | K46: =IF(AND(I46<>"",J46<>""),"PADD 2023 Y 2024",IF(I46<>"","SOLO 2023",IF(J46<>"","SOLO 2024","NO PARTICIPÓ"))) -> SOLO 2023 | L46: 811
A47: PIURA - 48 | B47: {=DGET(colegios!$A$1:$B965,colegios!$B$1,{colegios!$A$1;L47})} -> 15374 | C47: 1 | D47: 1 | E47: 1 | F47: 1 | I47: 1 | K47: =IF(AND(I47<>"",J47<>""),"PADD 2023 Y 2024",IF(I47<>"","SOLO 2023",IF(J47<>"","SOLO 2024","NO PARTICIPÓ"))) -> SOLO 2023 | L47: IE 15374 Sagrado Corazón de Jesús - Pueblo libre
A48: PIURA - 48 | B48: {=DGET(colegios!$A$1:$B965,colegios!$B$1,{colegios!$A$1;L48})} -> 14145 SANTA JULIA BILLIART | C48: 1 | D48: 1 | E48: 1 | F48: 1 | H48: 1 | I48: 1 | K48: =IF(AND(I48<>"",J48<>""),"PADD 2023 Y 2024",IF(I48<>"","SOLO 2023",IF(J48<>"","SOLO 2024","NO PARTICIPÓ"))) -> SOLO 2023 | L48: IE 14145 Santa Julia Billiart
A49: PIURA - 48 | B49: {=DGET(colegios!$A$1:$B965,colegios!$B$1,{colegios!$A$1;L49})} -> 14144 SANTA ROSA | C49: 1 | D49: 1 | E49: 1 | F49: 1 | H49: 1 | I49: 1 | K49: =IF(AND(I49<>"",J49<>""),"PADD 2023 Y 2024",IF(I49<>"","SOLO 2023",IF(J49<>"","SOLO 2024","NO PARTICIPÓ"))) -> SOLO 2023 | L49: IE 14144 Santa Rosa
A50: PIURA - 48 | B50: {=DGET(colegios!$A$1:$B965,colegios!$B$1,{colegios!$A$1;L50})} -> 14894 | C50: 1 | E50: 1 | J50: 1 | K50: =IF(AND(I50<>"",J50<>""),"PADD 2023 Y 2024",IF(I50<>"","SOLO 2023",IF(J50<>"","SOLO 2024","NO PARTICIPÓ"))) -> SOLO 2024 | L50: I.E.N° 14894 - TOTORAL ALTO
A51: PIURA - 48 | B51: {=DGET(colegios!$A$1:$B965,colegios!$B$1,{colegios!$A$1;L51})} -> 14975 | D51: 1 | F51: 1 | H51: 1 | I51: 1 | J51: 1 | K51: =IF(AND(I51<>"",J51<>""),"PADD 2023 Y 2024",IF(I51<>"","SOLO 2023",IF(J51<>"","SOLO 2024","NO PARTICIPÓ"))) -> PADD 2023 Y 2024 | L51: 14975 - EL CARBÓN
A52: PIURA - 48 | B52: {=DGET(colegios!$A$1:$B965,colegios!$B$1,{colegios!$A$1;L52})} -> 15219 | D52: 1 | F52: 1 | H52: 1 | I52: 1 | K52: =IF(AND(I52<>"",J52<>""),"PADD 2023 Y 2024",IF(I52<>"","SOLO 2023",IF(J52<>"","SOLO 2024","NO PARTICIPÓ"))) -> SOLO 2023 | L52: 15219 Tinajones
A53: PIURA - 48 | B53: {=DGET(colegios!$A$1:$B965,colegios!$B$1,{colegios!$A$1;L53})} -> 15478 | D53: 1 | F53: 1 | H53: 1 | I53: 1 | J53: 1 | K53: =IF(AND(I53<>"",J53<>""),"PADD 2023 Y 2024",IF(I53<>"","SOLO 2023",IF(J53<>"","SOLO 2024","NO PARTICIPÓ"))) -> PADD 2023 Y 2024 | L53: 15478 CERRO DE LEONES
A54: PIURA - 48 | B54: {=DGET(colegios!$A$1:$B965,colegios!$B$1,{colegios!$A$1;L54})} -> 15383 | D54: 1 | F54: 1 | H54: 1 | I54: 1 | J54: 1 | K54: =IF(AND(I54<>"",J54<>""),"PADD 2023 Y 2024",IF(I54<>"","SOLO 2023",IF(J54<>"","SOLO 2024","NO PARTICIPÓ"))) -> PADD 2023 Y 2024 | L54: 15383 TOTORAL BAJO
A55: PIURA - 48 | B55: {=DGET(colegios!$A$1:$B965,colegios!$B$1,{colegios!$A$1;L55})} -> 14045 | D55: 1 | F55: 1 | H55: 1 | I55: 1 | K55: =IF(AND(I55<>"",J55<>""),"PADD 2023 Y 2024",IF(I55<>"","SOLO 2023",IF(J55<>"","SOLO 2024","NO PARTICIPÓ"))) -> SOLO 2023 | L55: 14045 Miraflores Bajo
A56: PIURA - 48 | B56: {=DGET(colegios!$A$1:$B965,colegios!$B$1,{colegios!$A$1;L56})} -> 20104 | D56: 1 | F56: 1 | H56: 1 | I56: 1 | J56: 1 | K56: =IF(AND(I56<>"",J56<>""),"PADD 2023 Y 2024",IF(I56<>"","SOLO 2023",IF(J56<>"","SOLO 2024","NO PARTICIPÓ"))) -> PADD 2023 Y 2024 | L56: 20104 CP-8 "Esperanza de Mi Cautivo"
A57: PIURA - 48 | B57: {=DGET(colegios!$A$1:$B965,colegios!$B$1,{colegios!$A$1;L57})} -> 15304 | D57: 1 | F57: 1 | H57: 1 | I57: 1 | K57: =IF(AND(I57<>"",J57<>""),"PADD 2023 Y 2024",IF(I57<>"","SOLO 2023",IF(J57<>"","SOLO 2024","NO PARTICIPÓ"))) -> SOLO 2023 | L57: 15304 Guaraguaos B
A58: PIURA - 48 | B58: {=DGET(colegios!$A$1:$B965,colegios!$B$1,{colegios!$A$1;L58})} -> 20123 | D58: 1 | F58: 1 | H58: 1 | I58: 1 | K58: =IF(AND(I58<>"",J58<>""),"PADD 2023 Y 2024",IF(I58<>"","SOLO 2023",IF(J58<>"","SOLO 2024","NO PARTICIPÓ"))) -> SOLO 2023 | L58: 20123 Cruce de Vega
A59: PIURA - 48 | B59: {=DGET(colegios!$A$1:$B965,colegios!$B$1,{colegios!$A$1;L59})} -> 14141 | D59: 1 | F59: 1 | H59: 1 | I59: 1 | J59: 1 | K59: =IF(AND(I59<>"",J59<>""),"PADD 2023 Y 2024",IF(I59<>"","SOLO 2023",IF(J59<>"","SOLO 2024","NO PARTICIPÓ"))) -> PADD 2023 Y 2024 | L59: 14141 PUEBLO NUEVO
A60: PIURA - 48 | B60: {=DGET(colegios!$A$1:$B965,colegios!$B$1,{colegios!$A$1;L60})} -> 15220 | D60: 1 | F60: 1 | H60: 1 | I60: 1 | K60: =IF(AND(I60<>"",J60<>""),"PADD 2023 Y 2024",IF(I60<>"","SOLO 2023",IF(J60<>"","SOLO 2024","NO PARTICIPÓ"))) -> SOLO 2023 | L60: 15220 Miraflores Alto
A61: PIURA - 48 | B61: {=DGET(colegios!$A$1:$B965,colegios!$B$1,{colegios!$A$1;L61})} -> 14924 DANIEL ALCIDES CARRION | D61: 1 | F61: 1 | H61: 1 | I61: 1 | J61: 1 | K61: =IF(AND(I61<>"",J61<>""),"PADD 2023 Y 2024",IF(I61<>"","SOLO 2023",IF(J61<>"","SOLO 2024","NO PARTICIPÓ"))) -> PADD 2023 Y 2024 | L61: 14924 - DANIEL ALCIDES CARRIÓN
A62: PIURA - 48 | B62: {=DGET(colegios!$A$1:$B965,colegios!$B$1,{colegios!$A$1;L62})} -> 910 | J62: 1 | K62: =IF(AND(I62<>"",J62<>""),"PADD 2023 Y 2024",IF(I62<>"","SOLO 2023",IF(J62<>"","SOLO 2024","NO PARTICIPÓ"))) -> SOLO 2024 | L62: I.E. 910 LOS ZAPATAS
A63: PIURA - 48 | B63: {=DGET(colegios!$A$1:$B965,colegios!$B$1,{colegios!$A$1;L63})} -> 058 | J63: 1 | K63: =IF(AND(I63<>"",J63<>""),"PADD 2023 Y 2024",IF(I63<>"","SOLO 2023",IF(J63<>"","SOLO 2024","NO PARTICIPÓ"))) -> SOLO 2024 | L63: I.E. N° 058 - PUEBLO LIBRE
A64: PIURA - 48 | B64: {=DGET(colegios!$A$1:$B965,colegios!$B$1,{colegios!$A$1;L64})} -> 1419 | J64: 1 | K64: =IF(AND(I64<>"",J64<>""),"PADD 2023 Y 2024",IF(I64<>"","SOLO 2023",IF(J64<>"","SOLO 2024","NO PARTICIPÓ"))) -> SOLO 2024 | L64: I.E. N° 1419 - CRUCE DE VEGA
A65: PIURA - 48 | B65: {=DGET(colegios!$A$1:$B965,colegios!$B$1,{colegios!$A$1;L65})} -> 1559 | J65: 1 | K65: =IF(AND(I65<>"",J65<>""),"PADD 2023 Y 2024",IF(I65<>"","SOLO 2023",IF(J65<>"","SOLO 2024","NO PARTICIPÓ"))) -> SOLO 2024 | L65: I.E. N° 1559 - MANCO CÁPAC
A66: PIURA - 48 | B66: {=DGET(colegios!$A$1:$B965,colegios!$B$1,{colegios!$A$1;L66})} -> 489 | J66: 1 | K66: =IF(AND(I66<>"",J66<>""),"PADD 2023 Y 2024",IF(I66<>"","SOLO 2023",IF(J66<>"","SOLO 2024","NO PARTICIPÓ"))) -> SOLO 2024 | L66: I.E. N° 489 - JOSÉ MARÍA VELAZ - GUARAGUAOS BAJO
A67: PIURA - 48 | B67: {=DGET(colegios!$A$1:$B965,colegios!$B$1,{colegios!$A$1;L67})} -> 732 | J67: 1 | K67: =IF(AND(I67<>"",J67<>""),"PADD 2023 Y 2024",IF(I67<>"","SOLO 2023",IF(J67<>"","SOLO 2024","NO PARTICIPÓ"))) -> SOLO 2024 | L67: I.E. N° 732 VIRGEN DE MONSERRAT - PALOMINOS
A68: PIURA - 48 | B68: {=DGET(colegios!$A$1:$B965,colegios!$B$1,{colegios!$A$1;L68})} -> 1341 | J68: 1 | K68: =IF(AND(I68<>"",J68<>""),"PADD 2023 Y 2024",IF(I68<>"","SOLO 2023",IF(J68<>"","SOLO 2024","NO PARTICIPÓ"))) -> SOLO 2024 | L68: I.E. N°1341 - CP-8
A69: PIURA - 48 | B69: {=DGET(colegios!$A$1:$B965,colegios!$B$1,{colegios!$A$1;L69})} -> 469 | J69: 1 | K69: =IF(AND(I69<>"",J69<>""),"PADD 2023 Y 2024",IF(I69<>"","SOLO 2023",IF(J69<>"","SOLO 2024","NO PARTICIPÓ"))) -> SOLO 2024 | L69: I.E.N° 469 - TEJEDORES BAJO
A70: PIURA - 48 | B70: {=DGET(colegios!$A$1:$B965,colegios!$B$1,{colegios!$A$1;L70})} -> 909 - BELLO HORIZONTE | J70: 1 | K70: =IF(AND(I70<>"",J70<>""),"PADD 2023 Y 2024",IF(I70<>"","SOLO 2023",IF(J70<>"","SOLO 2024","NO PARTICIPÓ"))) -> SOLO 2024 | L70: I.E.N° 909 - BELLO HORIZONTE
A71: PIURA - 48 | B71: {=DGET(colegios!$A$1:$B965,colegios!$B$1,{colegios!$A$1;L71})} -> 1558 - MONTEVERDE ALTO | J71: 1 | K71: =IF(AND(I71<>"",J71<>""),"PADD 2023 Y 2024",IF(I71<>"","SOLO 2023",IF(J71<>"","SOLO 2024","NO PARTICIPÓ"))) -> SOLO 2024 | L71: I.E.N°1558 - MONTEVERDE ALTO
A72: ANCASH - 54 | B72: {=DGET(colegios!$A$1:$B965,colegios!$B$1,{colegios!$A$1;L72})} -> 692 - Cajay | J72: 1 | K72: =IF(AND(I72<>"",J72<>""),"PADD 2023 Y 2024",IF(I72<>"","SOLO 2023",IF(J72<>"","SOLO 2024","NO PARTICIPÓ"))) -> SOLO 2024 | L72: 692 - Cajay
A73: ANCASH - 54 | B73: {=DGET(colegios!$A$1:$B965,colegios!$B$1,{colegios!$A$1;L73})} -> 86548 JOSE MARIA VELAZ | C73: 1 | D73: 1 | E73: 1 | F73: 1 | G73: 1 | H73: 1 | I73: 1 | J73: 1 | K73: =IF(AND(I73<>"",J73<>""),"PADD 2023 Y 2024",IF(I73<>"","SOLO 2023",IF(J73<>"","SOLO 2024","NO PARTICIPÓ"))) -> PADD 2023 Y 2024 | L73: 86548 "José María Velaz" Pichiu
A74: ANCASH - 54 | B74: {=DGET(colegios!$A$1:$B965,colegios!$B$1,{colegios!$A$1;L74})} -> 86769 ABRAHAM VALDELOMAR | C74: 1 | E74: 1 | G74: 1 | J74: 1 | K74: =IF(AND(I74<>"",J74<>""),"PADD 2023 Y 2024",IF(I74<>"","SOLO 2023",IF(J74<>"","SOLO 2024","NO PARTICIPÓ"))) -> SOLO 2024 | L74: 86769 "Abraham Valdelomar" Huáscar
A75: ANCASH - 54 | B75: {=DGET(colegios!$A$1:$B965,colegios!$B$1,{colegios!$A$1;L75})} -> 87009-01 | J75: 1 | K75: =IF(AND(I75<>"",J75<>""),"PADD 2023 Y 2024",IF(I75<>"","SOLO 2023",IF(J75<>"","SOLO 2024","NO PARTICIPÓ"))) -> SOLO 2024 | L75: 87009-01 Huanchuy
A76: ANCASH - 54 | B76: {=DGET(colegios!$A$1:$B965,colegios!$B$1,{colegios!$A$1;L76})} -> 88247 SAN ENRIQUE | D76: 1 | F76: 1 | H76: 1 | I76: 1 | J76: 1 | K76: =IF(AND(I76<>"",J76<>""),"PADD 2023 Y 2024",IF(I76<>"","SOLO 2023",IF(J76<>"","SOLO 2024","NO PARTICIPÓ"))) -> PADD 2023 Y 2024 | L76: 88247 San Enrique de Capan
A77: ANCASH - 54 | B77: {=DGET(colegios!$A$1:$B965,colegios!$B$1,{colegios!$A$1;L77})} -> 88327 | C77: 1 | E77: 1 | G77: 1 | I77: 1 | J77: 1 | K77: =IF(AND(I77<>"",J77<>""),"PADD 2023 Y 2024",IF(I77<>"","SOLO 2023",IF(J77<>"","SOLO 2024","NO PARTICIPÓ"))) -> PADD 2023 Y 2024 | L77: 88327 Carap
A78: ANCASH - 54 | B78: {=DGET(colegios!$A$1:$B965,colegios!$B$1,{colegios!$A$1;L78})} -> 86809 | C78: 1 | D78: 1 | E78: 1 | F78: 1 | G78: 1 | H78: 1 | I78: 1 | K78: =IF(AND(I78<>"",J78<>""),"PADD 2023 Y 2024",IF(I78<>"","SOLO 2023",IF(J78<>"","SOLO 2024","NO PARTICIPÓ"))) -> SOLO 2023 | L78: 86809 Huarac- huarán
A79: ANCASH - 54 | B79: {=DGET(colegios!$A$1:$B965,colegios!$B$1,{colegios!$A$1;L79})} -> 88225 CAPTUY | C79: 1 | E79: 1 | G79: 1 | K79: =IF(AND(I79<>"",J79<>""),"PADD 2023 Y 2024",IF(I79<>"","SOLO 2023",IF(J79<>"","SOLO 2024","NO PARTICIPÓ"))) -> NO PARTICIPÓ | L79: Captuy
A80: UCAYALI - 72 | B80: {=DGET(colegios!$A$1:$B965,colegios!$B$1,{colegios!$A$1;L80})} -> 64028 | C80: 1 | D80: 1 | E80: 1 | F80: 1 | G80: 1 | H80: 1 | I80: 1 | J80: 1 | K80: =IF(AND(I80<>"",J80<>""),"PADD 2023 Y 2024",IF(I80<>"","SOLO 2023",IF(J80<>"","SOLO 2024","NO PARTICIPÓ"))) -> PADD 2023 Y 2024 | L80: 64028 Mazaray
A81: UCAYALI - 72 | B81: {=DGET(colegios!$A$1:$B965,colegios!$B$1,{colegios!$A$1;L81})} -> 64048 | C81: 1 | E81: 1 | G81: 1 | J81: 1 | K81: =IF(AND(I81<>"",J81<>""),"PADD 2023 Y 2024",IF(I81<>"","SOLO 2023",IF(J81<>"","SOLO 2024","NO PARTICIPÓ"))) -> SOLO 2024 | L81: 64048 Nueva Barranca
A82: UCAYALI - 72 | B82: {=DGET(colegios!$A$1:$B965,colegios!$B$1,{colegios!$A$1;L82})} -> 64508-B | I82: 1 | J82: 1 | K82: =IF(AND(I82<>"",J82<>""),"PADD 2023 Y 2024",IF(I82<>"","SOLO 2023",IF(J82<>"","SOLO 2024","NO PARTICIPÓ"))) -> PADD 2023 Y 2024 | L82: 64508-B Santa Isabel de Bahuanisho
A83: UCAYALI - 72 | B83: {=DGET(colegios!$A$1:$B965,colegios!$B$1,{colegios!$A$1;L83})} -> 64545-B | J83: 1 | K83: =IF(AND(I83<>"",J83<>""),"PADD 2023 Y 2024",IF(I83<>"","SOLO 2023",IF(J83<>"","SOLO 2024","NO PARTICIPÓ"))) -> SOLO 2024 | L83: 64545-B Puerto Consuelo
A84: UCAYALI - 72 | B84: {=DGET(colegios!$A$1:$B965,colegios!$B$1,{colegios!$A$1;L84})} -> 64829 | C84: 1 | E84: 1 | G84: 1 | I84: 1 | J84: 1 | K84: =IF(AND(I84<>"",J84<>""),"PADD 2023 Y 2024",IF(I84<>"","SOLO 2023",IF(J84<>"","SOLO 2024","NO PARTICIPÓ"))) -> PADD 2023 Y 2024 | L84: 64829 Villa Esther
A85: UCAYALI - 72 | B85: {=DGET(colegios!$A$1:$B965,colegios!$B$1,{colegios!$A$1;L85})} -> 64871-B | D85: 1 | F85: 1 | H85: 1 | I85: 1 | J85: 1 | K85: =IF(AND(I85<>"",J85<>""),"PADD 2023 Y 2024",IF(I85<>"","SOLO 2023",IF(J85<>"","SOLO 2024","NO PARTICIPÓ"))) -> PADD 2023 Y 2024 | L85: 64871-B Santa Martha
A86: UCAYALI - 72 | B86: {=DGET(colegios!$A$1:$B965,colegios!$B$1,{colegios!$A$1;L86})} -> 64873-B | I86: 1 | J86: 1 | K86: =IF(AND(I86<>"",J86<>""),"PADD 2023 Y 2024",IF(I86<>"","SOLO 2023",IF(J86<>"","SOLO 2024","NO PARTICIPÓ"))) -> PADD 2023 Y 2024 | L86: 64873-B Santa Elisa
A87: UCAYALI - 72 | B87: {=DGET(colegios!$A$1:$B965,colegios!$B$1,{colegios!$A$1;L87})} -> 64949 | J87: 1 | K87: =IF(AND(I87<>"",J87<>""),"PADD 2023 Y 2024",IF(I87<>"","SOLO 2023",IF(J87<>"","SOLO 2024","NO PARTICIPÓ"))) -> SOLO 2024 | L87: 64949 Isla Primavera
A88: UCAYALI - 72 | B88: {=DGET(colegios!$A$1:$B965,colegios!$B$1,{colegios!$A$1;L88})} -> 65199 | C88: 1 | E88: 1 | G88: 1 | J88: 1 | K88: =IF(AND(I88<>"",J88<>""),"PADD 2023 Y 2024",IF(I88<>"","SOLO 2023",IF(J88<>"","SOLO 2024","NO PARTICIPÓ"))) -> SOLO 2024 | L88: 65199 3 de Mayo
A89: UCAYALI - 72 | B89: {=DGET(colegios!$A$1:$B965,colegios!$B$1,{colegios!$A$1;L89})} -> 64996 | D89: 1 | F89: 1 | H89: 1 | I89: 1 | K89: =IF(AND(I89<>"",J89<>""),"PADD 2023 Y 2024",IF(I89<>"","SOLO 2023",IF(J89<>"","SOLO 2024","NO PARTICIPÓ"))) -> SOLO 2023 | L89: 64996 Libertad
A90: UCAYALI - 72 | B90: {=DGET(colegios!$A$1:$B965,colegios!$B$1,{colegios!$A$1;L90})} -> 64641 | D90: 1 | F90: 1 | H90: 1 | I90: 1 | K90: =IF(AND(I90<>"",J90<>""),"PADD 2023 Y 2024",IF(I90<>"","SOLO 2023",IF(J90<>"","SOLO 2024","NO PARTICIPÓ"))) -> SOLO 2023 | L90: 64641 Nueva Alianza
A91: UCAYALI - 72 | B91: {=DGET(colegios!$A$1:$B965,colegios!$B$1,{colegios!$A$1;L91})} -> 64346 | C91: 1 | D91: 1 | E91: 1 | F91: 1 | G91: 1 | H91: 1 | I91: 1 | K91: =IF(AND(I91<>"",J91<>""),"PADD 2023 Y 2024",IF(I91<>"","SOLO 2023",IF(J91<>"","SOLO 2024","NO PARTICIPÓ"))) -> SOLO 2023 | L91: 64346 Miraflores
A92: UCAYALI - 72 | B92: {=DGET(colegios!$A$1:$B965,colegios!$B$1,{colegios!$A$1;L92})} -> 64155 | C92: 1 | D92: 1 | E92: 1 | F92: 1 | G92: 1 | H92: 1 | K92: =IF(AND(I92<>"",J92<>""),"PADD 2023 Y 2024",IF(I92<>"","SOLO 2023",IF(J92<>"","SOLO 2024","NO PARTICIPÓ"))) -> NO PARTICIPÓ | L92: 64155 Bagazan
A93: UCAYALI - 72 | B93: {=DGET(colegios!$A$1:$B965,colegios!$B$1,{colegios!$A$1;L93})} -> 525-B Santa Elisa | I93: 1 | K93: =IF(AND(I93<>"",J93<>""),"PADD 2023 Y 2024",IF(I93<>"","SOLO 2023",IF(J93<>"","SOLO 2024","NO PARTICIPÓ"))) -> SOLO 2023 | L93: 525-B Santa Elisa
A94: UCAYALI - 72 | B94: {=DGET(colegios!$A$1:$B965,colegios!$B$1,{colegios!$A$1;L94})} -> 555-B | I94: 1 | K94: =IF(AND(I94<>"",J94<>""),"PADD 2023 Y 2024",IF(I94<>"","SOLO 2023",IF(J94<>"","SOLO 2024","NO PARTICIPÓ"))) -> SOLO 2023 | L94: 555-B Santa Martha
A95: UCAYALI - 72 | B95: {=DGET(colegios!$A$1:$B965,colegios!$B$1,{colegios!$A$1;L95})} -> 564 Nueva Barranca | I95: 1 | K95: =IF(AND(I95<>"",J95<>""),"PADD 2023 Y 2024",IF(I95<>"","SOLO 2023",IF(J95<>"","SOLO 2024","NO PARTICIPÓ"))) -> SOLO 2023 | L95: 564 Nueva Barranca
A96: UCAYALI - 72 | B96: {=DGET(colegios!$A$1:$B965,colegios!$B$1,{colegios!$A$1;L96})} -> 566 | I96: 1 | K96: =IF(AND(I96<>"",J96<>""),"PADD 2023 Y 2024",IF(I96<>"","SOLO 2023",IF(J96<>"","SOLO 2024","NO PARTICIPÓ"))) -> SOLO 2023 | L96: 566 Isla Primavera
A97: UCAYALI - 72 | B97: {=DGET(colegios!$A$1:$B965,colegios!$B$1,{colegios!$A$1;L97})} -> 333-B | I97: 1 | K97: =IF(AND(I97<>"",J97<>""),"PADD 2023 Y 2024",IF(I97<>"","SOLO 2023",IF(J97<>"","SOLO 2024","NO PARTICIPÓ"))) -> SOLO 2023 | L97: 333-B Santa Isabel de Bahuanisho
A98: UCAYALI - 72 | B98: {=DGET(colegios!$A$1:$B965,colegios!$B$1,{colegios!$A$1;L98})} -> 294 Mazaray | I98: 1 | K98: =IF(AND(I98<>"",J98<>""),"PADD 2023 Y 2024",IF(I98<>"","SOLO 2023",IF(J98<>"","SOLO 2024","NO PARTICIPÓ"))) -> SOLO 2023 | L98: 294 Mazaray
A99: UCAYALI - 72 | B99: {=DGET(colegios!$A$1:$B965,colegios!$B$1,{colegios!$A$1;L99})} -> 64115 | C99: 1 | E99: 1 | G99: 1 | I99: 1 | K99: =IF(AND(I99<>"",J99<>""),"PADD 2023 Y 2024",IF(I99<>"","SOLO 2023",IF(J99<>"","SOLO 2024","NO PARTICIPÓ"))) -> SOLO 2023 | L99: 64115 Nuevo Bagazan
A100: HUANCAVELICA - 79 | B100: {=DGET(colegios!$A$1:$B965,colegios!$B$1,{colegios!$A$1;L100})} -> NUESTRA SEÑORA DE LA CANDELARIA | D100: 1 | F100: 1 | H100: 1 | I100: 1 | J100: 1 | K100: =IF(AND(I100<>"",J100<>""),"PADD 2023 Y 2024",IF(I100<>"","SOLO 2023",IF(J100<>"","SOLO 2024","NO PARTICIPÓ"))) -> PADD 2023 Y 2024 | L100: Nuestra Señora de la Candelaria
...

Sheet CLASFICACIÓN
F1: AS | G1: A1 | H1: B
F2: CLASIFICACION | G2: ID | H2: PADD
F3: =IF(AND(C3<>"",D3<>"",E3<>""),"LOS 3 AÑOS", IF(AND(C3<>"",IF(AND(C3<>"",D3<>"",E3<>""),"SI","NO")<>"SI",E3<>""),"SOLO 2022 Y 2024",IF(AND(AND(C3="",D3=""),E3<>""),"SOLO 2024",IF(AND(AND(D3<>"",E3<>""),C3=""),"2023 Y 2024", IF(AND(AND(D3="",E3=""),C3<>""),"SOLO LINEA BASE", IF(AND(AND(C3="",E3=""),D3<>""),"SOLO 2023","OTROS ESCENARIOS")))))) -> 2023 Y 2024 | G3: =A3&B3 -> 140452 Primaria | H3: {=IFERROR(DGET('PADD-R'!$B$1:$K953,'PADD-R'!$K$1,{'PADD-R'!$B$1;A3}),"NO PARTICIPÓ")} -> SOLO 2023
F4: =IF(AND(C4<>"",D4<>"",E4<>""),"LOS 3 AÑOS", IF(AND(C4<>"",IF(AND(C4<>"",D4<>"",E4<>""),"SI","NO")<>"SI",E4<>""),"SOLO 2022 Y 2024",IF(AND(AND(C4="",D4=""),E4<>""),"SOLO 2024",IF(AND(AND(D4<>"",E4<>""),C4=""),"2023 Y 2024", IF(AND(AND(D4="",E4=""),C4<>""),"SOLO LINEA BASE", IF(AND(AND(C4="",E4=""),D4<>""),"SOLO 2023","OTROS ESCENARIOS")))))) -> 2023 Y 2024 | G4: =A4&B4 -> 140454 Primaria | H4: {=IFERROR(DGET('PADD-R'!$B$1:$K953,'PADD-R'!$K$1,{'PADD-R'!$B$1;A4}),"NO PARTICIPÓ")} -> SOLO 2023
F5: =IF(AND(C5<>"",D5<>"",E5<>""),"LOS 3 AÑOS", IF(AND(C5<>"",IF(AND(C5<>"",D5<>"",E5<>""),"SI","NO")<>"SI",E5<>""),"SOLO 2022 Y 2024",IF(AND(AND(C5="",D5=""),E5<>""),"SOLO 2024",IF(AND(AND(D5<>"",E5<>""),C5=""),"2023 Y 2024", IF(AND(AND(D5="",E5=""),C5<>""),"SOLO LINEA BASE", IF(AND(AND(C5="",E5=""),D5<>""),"SOLO 2023","OTROS ESCENARIOS")))))) -> 2023 Y 2024 | G5: =A5&B5 -> 140456 Primaria | H5: {=IFERROR(DGET('PADD-R'!$B$1:$K953,'PADD-R'!$K$1,{'PADD-R'!$B$1;A5}),"NO PARTICIPÓ")} -> SOLO 2023
F6: =IF(AND(C6<>"",D6<>"",E6<>""),"LOS 3 AÑOS", IF(AND(C6<>"",IF(AND(C6<>"",D6<>"",E6<>""),"SI","NO")<>"SI",E6<>""),"SOLO 2022 Y 2024",IF(AND(AND(C6="",D6=""),E6<>""),"SOLO 2024",IF(AND(AND(D6<>"",E6<>""),C6=""),"2023 Y 2024", IF(AND(AND(D6="",E6=""),C6<>""),"SOLO LINEA BASE", IF(AND(AND(C6="",E6=""),D6<>""),"SOLO 2023","OTROS ESCENARIOS")))))) -> SOLO 2024 | G6: =A6&B6 -> 141412 Primaria | H6: {=IFERROR(DGET('PADD-R'!$B$1:$K953,'PADD-R'!$K$1,{'PADD-R'!$B$1;A6}),"NO PARTICIPÓ")} -> PADD 2023 Y 2024
F7: =IF(AND(C7<>"",D7<>"",E7<>""),"LOS 3 AÑOS", IF(AND(C7<>"",IF(AND(C7<>"",D7<>"",E7<>""),"SI","NO")<>"SI",E7<>""),"SOLO 2022 Y 2024",IF(AND(AND(C7="",D7=""),E7<>""),"SOLO 2024",IF(AND(AND(D7<>"",E7<>""),C7=""),"2023 Y 2024", IF(AND(AND(D7="",E7=""),C7<>""),"SOLO LINEA BASE", IF(AND(AND(C7="",E7=""),D7<>""),"SOLO 2023","OTROS ESCENARIOS")))))) -> 2023 Y 2024 | G7: =A7&B7 -> 141414 Primaria | H7: {=IFERROR(DGET('PADD-R'!$B$1:$K953,'PADD-R'!$K$1,{'PADD-R'!$B$1;A7}),"NO PARTICIPÓ")} -> PADD 2023 Y 2024
F8: =IF(AND(C8<>"",D8<>"",E8<>""),"LOS 3 AÑOS", IF(AND(C8<>"",IF(AND(C8<>"",D8<>"",E8<>""),"SI","NO")<>"SI",E8<>""),"SOLO 2022 Y 2024",IF(AND(AND(C8="",D8=""),E8<>""),"SOLO 2024",IF(AND(AND(D8<>"",E8<>""),C8=""),"2023 Y 2024", IF(AND(AND(D8="",E8=""),C8<>""),"SOLO LINEA BASE", IF(AND(AND(C8="",E8=""),D8<>""),"SOLO 2023","OTROS ESCENARIOS")))))) -> 2023 Y 2024 | G8: =A8&B8 -> 141416 Primaria | H8: {=IFERROR(DGET('PADD-R'!$B$1:$K953,'PADD-R'!$K$1,{'PADD-R'!$B$1;A8}),"NO PARTICIPÓ")} -> PADD 2023 Y 2024
F9: =IF(AND(C9<>"",D9<>"",E9<>""),"LOS 3 AÑOS", IF(AND(C9<>"",IF(AND(C9<>"",D9<>"",E9<>""),"SI","NO")<>"SI",E9<>""),"SOLO 2022 Y 2024",IF(AND(AND(C9="",D9=""),E9<>""),"SOLO 2024",IF(AND(AND(D9<>"",E9<>""),C9=""),"2023 Y 2024", IF(AND(AND(D9="",E9=""),C9<>""),"SOLO LINEA BASE", IF(AND(AND(C9="",E9=""),D9<>""),"SOLO 2023","OTROS ESCENARIOS")))))) -> SOLO LINEA BASE | G9: =A9&B9 -> 14144 SANTA ROSA1 Primaria | H9: {=IFERROR(DGET('PADD-R'!$B$1:$K953,'PADD-R'!$K$1,{'PADD-R'!$B$1;A9}),"NO PARTICIPÓ")} -> SOLO 2023
F10: =IF(AND(C10<>"",D10<>"",E10<>""),"LOS 3 AÑOS", IF(AND(C10<>"",IF(AND(C10<>"",D10<>"",E10<>""),"SI","NO")<>"SI",E10<>""),"SOLO 2022 Y 2024",IF(AND(AND(C10="",D10=""),E10<>""),"SOLO 2024",IF(AND(AND(D10<>"",E10<>""),C10=""),"2023 Y 2024", IF(AND(AND(D10="",E10=""),C10<>""),"SOLO LINEA BASE", IF(AND(AND(C10="",E10=""),D10<>""),"SOLO 2023","OTROS ESCENARIOS")))))) -> LOS 3 AÑOS | G10: =A10&B10 -> 14144 SANTA ROSA2 Primaria | H10: {=IFERROR(DGET('PADD-R'!$B$1:$K953,'PADD-R'!$K$1,{'PADD-R'!$B$1;A10}),"NO PARTICIPÓ")} -> SOLO 2023
F11: =IF(AND(C11<>"",D11<>"",E11<>""),"LOS 3 AÑOS", IF(AND(C11<>"",IF(AND(C11<>"",D11<>"",E11<>""),"SI","NO")<>"SI",E11<>""),"SOLO 2022 Y 2024",IF(AND(AND(C11="",D11=""),E11<>""),"SOLO 2024",IF(AND(AND(D11<>"",E11<>""),C11=""),"2023 Y 2024", IF(AND(AND(D11="",E11=""),C11<>""),"SOLO LINEA BASE", IF(AND(AND(C11="",E11=""),D11<>""),"SOLO 2023","OTROS ESCENARIOS")))))) -> SOLO LINEA BASE | G11: =A11&B11 -> 14144 SANTA ROSA2 Secundaria | H11: {=IFERROR(DGET('PADD-R'!$B$1:$K953,'PADD-R'!$K$1,{'PADD-R'!$B$1;A11}),"NO PARTICIPÓ")} -> SOLO 2023
F12: =IF(AND(C12<>"",D12<>"",E12<>""),"LOS 3 AÑOS", IF(AND(C12<>"",IF(AND(C12<>"",D12<>"",E12<>""),"SI","NO")<>"SI",E12<>""),"SOLO 2022 Y 2024",IF(AND(AND(C12="",D12=""),E12<>""),"SOLO 2024",IF(AND(AND(D12<>"",E12<>""),C12=""),"2023 Y 2024", IF(AND(AND(D12="",E12=""),C12<>""),"SOLO LINEA BASE", IF(AND(AND(C12="",E12=""),D12<>""),"SOLO 2023","OTROS ESCENARIOS")))))) -> LOS 3 AÑOS | G12: =A12&B12 -> 14144 SANTA ROSA4 Primaria | H12: {=IFERROR(DGET('PADD-R'!$B$1:$K953,'PADD-R'!$K$1,{'PADD-R'!$B$1;A12}),"NO PARTICIPÓ")} -> SOLO 2023
F13: =IF(AND(C13<>"",D13<>"",E13<>""),"LOS 3 AÑOS", IF(AND(C13<>"",IF(AND(C13<>"",D13<>"",E13<>""),"SI","NO")<>"SI",E13<>""),"SOLO 2022 Y 2024",IF(AND(AND(C13="",D13=""),E13<>""),"SOLO 2024",IF(AND(AND(D13<>"",E13<>""),C13=""),"2023 Y 2024", IF(AND(AND(D13="",E13=""),C13<>""),"SOLO LINEA BASE", IF(AND(AND(C13="",E13=""),D13<>""),"SOLO 2023","OTROS ESCENARIOS")))))) -> SOLO LINEA BASE | G13: =A13&B13 -> 14144 SANTA ROSA4 Secundaria | H13: {=IFERROR(DGET('PADD-R'!$B$1:$K953,'PADD-R'!$K$1,{'PADD-R'!$B$1;A13}),"NO PARTICIPÓ")} -> SOLO 2023
F14: =IF(AND(C14<>"",D14<>"",E14<>""),"LOS 3 AÑOS", IF(AND(C14<>"",IF(AND(C14<>"",D14<>"",E14<>""),"SI","NO")<>"SI",E14<>""),"SOLO 2022 Y 2024",IF(AND(AND(C14="",D14=""),E14<>""),"SOLO 2024",IF(AND(AND(D14<>"",E14<>""),C14=""),"2023 Y 2024", IF(AND(AND(D14="",E14=""),C14<>""),"SOLO LINEA BASE", IF(AND(AND(C14="",E14=""),D14<>""),"SOLO 2023","OTROS ESCENARIOS")))))) -> LOS 3 AÑOS | G14: =A14&B14 -> 14144 SANTA ROSA6 Primaria | H14: {=IFERROR(DGET('PADD-R'!$B$1:$K953,'PADD-R'!$K$1,{'PADD-R'!$B$1;A14}),"NO PARTICIPÓ")} -> SOLO 2023
F15: =IF(AND(C15<>"",D15<>"",E15<>""),"LOS 3 AÑOS", IF(AND(C15<>"",IF(AND(C15<>"",D15<>"",E15<>""),"SI","NO")<>"SI",E15<>""),"SOLO 2022 Y 2024",IF(AND(AND(C15="",D15=""),E15<>""),"SOLO 2024",IF(AND(AND(D15<>"",E15<>""),C15=""),"2023 Y 2024", IF(AND(AND(D15="",E15=""),C15<>""),"SOLO LINEA BASE", IF(AND(AND(C15="",E15=""),D15<>""),"SOLO 2023","OTROS ESCENARIOS")))))) -> SOLO LINEA BASE | G15: =A15&B15 -> 14145 SANTA JULIA BILLIART1 Primaria | H15: {=IFERROR(DGET('PADD-R'!$B$1:$K953,'PADD-R'!$K$1,{'PADD-R'!$B$1;A15}),"NO PARTICIPÓ")} -> SOLO 2023
F16: =IF(AND(C16<>"",D16<>"",E16<>""),"LOS 3 AÑOS", IF(AND(C16<>"",IF(AND(C16<>"",D16<>"",E16<>""),"SI","NO")<>"SI",E16<>""),"SOLO 2022 Y 2024",IF(AND(AND(C16="",D16=""),E16<>""),"SOLO 2024",IF(AND(AND(D16<>"",E16<>""),C16=""),"2023 Y 2024", IF(AND(AND(D16="",E16=""),C16<>""),"SOLO LINEA BASE", IF(AND(AND(C16="",E16=""),D16<>""),"SOLO 2023","OTROS ESCENARIOS")))))) -> LOS 3 AÑOS | G16: =A16&B16 -> 14145 SANTA JULIA BILLIART2 Primaria | H16: {=IFERROR(DGET('PADD-R'!$B$1:$K953,'PADD-R'!$K$1,{'PADD-R'!$B$1;A16}),"NO PARTICIPÓ")} -> SOLO 2023
F17: =IF(AND(C17<>"",D17<>"",E17<>""),"LOS 3 AÑOS", IF(AND(C17<>"",IF(AND(C17<>"",D17<>"",E17<>""),"SI","NO")<>"SI",E17<>""),"SOLO 2022 Y 2024",IF(AND(AND(C17="",D17=""),E17<>""),"SOLO 2024",IF(AND(AND(D17<>"",E17<>""),C17=""),"2023 Y 2024", IF(AND(AND(D17="",E17=""),C17<>""),"SOLO LINEA BASE", IF(AND(AND(C17="",E17=""),D17<>""),"SOLO 2023","OTROS ESCENARIOS")))))) -> LOS 3 AÑOS | G17: =A17&B17 -> 14145 SANTA JULIA BILLIART4 Primaria | H17: {=IFERROR(DGET('PADD-R'!$B$1:$K953,'PADD-R'!$K$1,{'PADD-R'!$B$1;A17}),"NO PARTICIPÓ")} -> SOLO 2023
F18: =IF(AND(C18<>"",D18<>"",E18<>""),"LOS 3 AÑOS", IF(AND(C18<>"",IF(AND(C18<>"",D18<>"",E18<>""),"SI","NO")<>"SI",E18<>""),"SOLO 2022 Y 2024",IF(AND(AND(C18="",D18=""),E18<>""),"SOLO 2024",IF(AND(AND(D18<>"",E18<>""),C18=""),"2023 Y 2024", IF(AND(AND(D18="",E18=""),C18<>""),"SOLO LINEA BASE", IF(AND(AND(C18="",E18=""),D18<>""),"SOLO 2023","OTROS ESCENARIOS")))))) -> LOS 3 AÑOS | G18: =A18&B18 -> 14145 SANTA JULIA BILLIART6 Primaria | H18: {=IFERROR(DGET('PADD-R'!$B$1:$K953,'PADD-R'!$K$1,{'PADD-R'!$B$1;A18}),"NO PARTICIPÓ")} -> SOLO 2023
F19: =IF(AND(C19<>"",D19<>"",E19<>""),"LOS 3 AÑOS", IF(AND(C19<>"",IF(AND(C19<>"",D19<>"",E19<>""),"SI","NO")<>"SI",E19<>""),"SOLO 2022 Y 2024",IF(AND(AND(C19="",D19=""),E19<>""),"SOLO 2024",IF(AND(AND(D19<>"",E19<>""),C19=""),"2023 Y 2024", IF(AND(AND(D19="",E19=""),C19<>""),"SOLO LINEA BASE", IF(AND(AND(C19="",E19=""),D19<>""),"SOLO 2023","OTROS ESCENARIOS")))))) -> SOLO LINEA BASE | G19: =A19&B19 -> 1457365 LOS RIT'S DEL ALTO ANDINO2 Secundaria | H19: {=IFERROR(DGET('PADD-R'!$B$1:$K953,'PADD-R'!$K$1,{'PADD-R'!$B$1;A19}),"NO PARTICIPÓ")} -> NO PARTICIPÓ
F20: =IF(AND(C20<>"",D20<>"",E20<>""),"LOS 3 AÑOS", IF(AND(C20<>"",IF(AND(C20<>"",D20<>"",E20<>""),"SI","NO")<>"SI",E20<>""),"SOLO 2022 Y 2024",IF(AND(AND(C20="",D20=""),E20<>""),"SOLO 2024",IF(AND(AND(D20<>"",E20<>""),C20=""),"2023 Y 2024", IF(AND(AND(D20="",E20=""),C20<>""),"SOLO LINEA BASE", IF(AND(AND(C20="",E20=""),D20<>""),"SOLO 2023","OTROS ESCENARIOS")))))) -> SOLO LINEA BASE | G20: =A20&B20 -> 1457365 LOS RIT'S DEL ALTO ANDINO5 Secundaria | H20: {=IFERROR(DGET('PADD-R'!$B$1:$K953,'PADD-R'!$K$1,{'PADD-R'!$B$1;A20}),"NO PARTICIPÓ")} -> NO PARTICIPÓ
F21: =IF(AND(C21<>"",D21<>"",E21<>""),"LOS 3 AÑOS", IF(AND(C21<>"",IF(AND(C21<>"",D21<>"",E21<>""),"SI","NO")<>"SI",E21<>""),"SOLO 2022 Y 2024",IF(AND(AND(C21="",D21=""),E21<>""),"SOLO 2024",IF(AND(AND(D21<>"",E21<>""),C21=""),"2023 Y 2024", IF(AND(AND(D21="",E21=""),C21<>""),"SOLO LINEA BASE", IF(AND(AND(C21="",E21=""),D21<>""),"SOLO 2023","OTROS ESCENARIOS")))))) -> SOLO LINEA BASE | G21: =A21&B21 -> 148941 Primaria | H21: {=IFERROR(DGET('PADD-R'!$B$1:$K953,'PADD-R'!$K$1,{'PADD-R'!$B$1;A21}),"NO PARTICIPÓ")} -> SOLO 2024
F22: =IF(AND(C22<>"",D22<>"",E22<>""),"LOS 3 AÑOS", IF(AND(C22<>"",IF(AND(C22<>"",D22<>"",E22<>""),"SI","NO")<>"SI",E22<>""),"SOLO 2022 Y 2024",IF(AND(AND(C22="",D22=""),E22<>""),"SOLO 2024",IF(AND(AND(D22<>"",E22<>""),C22=""),"2023 Y 2024", IF(AND(AND(D22="",E22=""),C22<>""),"SOLO LINEA BASE", IF(AND(AND(C22="",E22=""),D22<>""),"SOLO 2023","OTROS ESCENARIOS")))))) -> SOLO 2022 Y 2024 | G22: =A22&B22 -> 148942 Primaria | H22: {=IFERROR(DGET('PADD-R'!$B$1:$K953,'PADD-R'!$K$1,{'PADD-R'!$B$1;A22}),"NO PARTICIPÓ")} -> SOLO 2024
F23: =IF(AND(C23<>"",D23<>"",E23<>""),"LOS 3 AÑOS", IF(AND(C23<>"",IF(AND(C23<>"",D23<>"",E23<>""),"SI","NO")<>"SI",E23<>""),"SOLO 2022 Y 2024",IF(AND(AND(C23="",D23=""),E23<>""),"SOLO 2024",IF(AND(AND(D23<>"",E23<>""),C23=""),"2023 Y 2024", IF(AND(AND(D23="",E23=""),C23<>""),"SOLO LINEA BASE", IF(AND(AND(C23="",E23=""),D23<>""),"SOLO 2023","OTROS ESCENARIOS")))))) -> SOLO 2022 Y 2024 | G23: =A23&B23 -> 148944 Primaria | H23: {=IFERROR(DGET('PADD-R'!$B$1:$K953,'PADD-R'!$K$1,{'PADD-R'!$B$1;A23}),"NO PARTICIPÓ")} -> SOLO 2024
F24: =IF(AND(C24<>"",D24<>"",E24<>""),"LOS 3 AÑOS", IF(AND(C24<>"",IF(AND(C24<>"",D24<>"",E24<>""),"SI","NO")<>"SI",E24<>""),"SOLO 2022 Y 2024",IF(AND(AND(C24="",D24=""),E24<>""),"SOLO 2024",IF(AND(AND(D24<>"",E24<>""),C24=""),"2023 Y 2024", IF(AND(AND(D24="",E24=""),C24<>""),"SOLO LINEA BASE", IF(AND(AND(C24="",E24=""),D24<>""),"SOLO 2023","OTROS ESCENARIOS")))))) -> SOLO LINEA BASE | G24: =A24&B24 -> 148946 Primaria | H24: {=IFERROR(DGET('PADD-R'!$B$1:$K953,'PADD-R'!$K$1,{'PADD-R'!$B$1;A24}),"NO PARTICIPÓ")} -> SOLO 2024
F25: =IF(AND(C25<>"",D25<>"",E25<>""),"LOS 3 AÑOS", IF(AND(C25<>"",IF(AND(C25<>"",D25<>"",E25<>""),"SI","NO")<>"SI",E25<>""),"SOLO 2022 Y 2024",IF(AND(AND(C25="",D25=""),E25<>""),"SOLO 2024",IF(AND(AND(D25<>"",E25<>""),C25=""),"2023 Y 2024", IF(AND(AND(D25="",E25=""),C25<>""),"SOLO LINEA BASE", IF(AND(AND(C25="",E25=""),D25<>""),"SOLO 2023","OTROS ESCENARIOS")))))) -> 2023 Y 2024 | G25: =A25&B25 -> 14924 DANIEL ALCIDES CARRION2 Primaria | H25: {=IFERROR(DGET('PADD-R'!$B$1:$K953,'PADD-R'!$K$1,{'PADD-R'!$B$1;A25}),"NO PARTICIPÓ")} -> PADD 2023 Y 2024
F26: =IF(AND(C26<>"",D26<>"",E26<>""),"LOS 3 AÑOS", IF(AND(C26<>"",IF(AND(C26<>"",D26<>"",E26<>""),"SI","NO")<>"SI",E26<>""),"SOLO 2022 Y 2024",IF(AND(AND(C26="",D26=""),E26<>""),"SOLO 2024",IF(AND(AND(D26<>"",E26<>""),C26=""),"2023 Y 2024", IF(AND(AND(D26="",E26=""),C26<>""),"SOLO LINEA BASE", IF(AND(AND(C26="",E26=""),D26<>""),"SOLO 2023","OTROS ESCENARIOS")))))) -> SOLO 2024 | G26: =A26&B26 -> 14924 DANIEL ALCIDES CARRION4 Primaria | H26: {=IFERROR(DGET('PADD-R'!$B$1:$K953,'PADD-R'!$K$1,{'PADD-R'!$B$1;A26}),"NO PARTICIPÓ")} -> PADD 2023 Y 2024
F27: =IF(AND(C27<>"",D27<>"",E27<>""),"LOS 3 AÑOS", IF(AND(C27<>"",IF(AND(C27<>"",D27<>"",E27<>""),"SI","NO")<>"SI",E27<>""),"SOLO 2022 Y 2024",IF(AND(AND(C27="",D27=""),E27<>""),"SOLO 2024",IF(AND(AND(D27<>"",E27<>""),C27=""),"2023 Y 2024", IF(AND(AND(D27="",E27=""),C27<>""),"SOLO LINEA BASE", IF(AND(AND(C27="",E27=""),D27<>""),"SOLO 2023","OTROS ESCENARIOS")))))) -> SOLO 2024 | G27: =A27&B27 -> 14924 DANIEL ALCIDES CARRION6 Primaria | H27: {=IFERROR(DGET('PADD-R'!$B$1:$K953,'PADD-R'!$K$1,{'PADD-R'!$B$1;A27}),"NO PARTICIPÓ")} -> PADD 2023 Y 2024
F28: =IF(AND(C28<>"",D28<>"",E28<>""),"LOS 3 AÑOS", IF(AND(C28<>"",IF(AND(C28<>"",D28<>"",E28<>""),"SI","NO")<>"SI",E28<>""),"SOLO 2022 Y 2024",IF(AND(AND(C28="",D28=""),E28<>""),"SOLO 2024",IF(AND(AND(D28<>"",E28<>""),C28=""),"2023 Y 2024", IF(AND(AND(D28="",E28=""),C28<>""),"SOLO LINEA BASE", IF(AND(AND(C28="",E28=""),D28<>""),"SOLO 2023","OTROS ESCENARIOS")))))) -> 2023 Y 2024 | G28: =A28&B28 -> 149752 Primaria | H28: {=IFERROR(DGET('PADD-R'!$B$1:$K953,'PADD-R'!$K$1,{'PADD-R'!$B$1;A28}),"NO PARTICIPÓ")} -> PADD 2023 Y 2024
F29: =IF(AND(C29<>"",D29<>"",E29<>""),"LOS 3 AÑOS", IF(AND(C29<>"",IF(AND(C29<>"",D29<>"",E29<>""),"SI","NO")<>"SI",E29<>""),"SOLO 2022 Y 2024",IF(AND(AND(C29="",D29=""),E29<>""),"SOLO 2024",IF(AND(AND(D29<>"",E29<>""),C29=""),"2023 Y 2024", IF(AND(AND(D29="",E29=""),C29<>""),"SOLO LINEA BASE", IF(AND(AND(C29="",E29=""),D29<>""),"SOLO 2023","OTROS ESCENARIOS")))))) -> SOLO 2024 | G29: =A29&B29 -> 149754 Primaria | H29: {=IFERROR(DGET('PADD-R'!$B$1:$K953,'PADD-R'!$K$1,{'PADD-R'!$B$1;A29}),"NO PARTICIPÓ")} -> PADD 2023 Y 2024
F30: =IF(AND(C30<>"",D30<>"",E30<>""),"LOS 3 AÑOS", IF(AND(C30<>"",IF(AND(C30<>"",D30<>"",E30<>""),"SI","NO")<>"SI",E30<>""),"SOLO 2022 Y 2024",IF(AND(AND(C30="",D30=""),E30<>""),"SOLO 2024",IF(AND(AND(D30<>"",E30<>""),C30=""),"2023 Y 2024", IF(AND(AND(D30="",E30=""),C30<>""),"SOLO LINEA BASE", IF(AND(AND(C30="",E30=""),D30<>""),"SOLO 2023","OTROS ESCENARIOS")))))) -> 2023 Y 2024 | G30: =A30&B30 -> 149756 Primaria | H30: {=IFERROR(DGET('PADD-R'!$B$1:$K953,'PADD-R'!$K$1,{'PADD-R'!$B$1;A30}),"NO PARTICIPÓ")} -> PADD 2023 Y 2024
F31: =IF(AND(C31<>"",D31<>"",E31<>""),"LOS 3 AÑOS", IF(AND(C31<>"",IF(AND(C31<>"",D31<>"",E31<>""),"SI","NO")<>"SI",E31<>""),"SOLO 2022 Y 2024",IF(AND(AND(C31="",D31=""),E31<>""),"SOLO 2024",IF(AND(AND(D31<>"",E31<>""),C31=""),"2023 Y 2024", IF(AND(AND(D31="",E31=""),C31<>""),"SOLO LINEA BASE", IF(AND(AND(C31="",E31=""),D31<>""),"SOLO 2023","OTROS ESCENARIOS")))))) -> 2023 Y 2024 | G31: =A31&B31 -> 152192 Primaria | H31: {=IFERROR(DGET('PADD-R'!$B$1:$K953,'PADD-R'!$K$1,{'PADD-R'!$B$1;A31}),"NO PARTICIPÓ")} -> SOLO 2023
F32: =IF(AND(C32<>"",D32<>"",E32<>""),"LOS 3 AÑOS", IF(AND(C32<>"",IF(AND(C32<>"",D32<>"",E32<>""),"SI","NO")<>"SI",E32<>""),"SOLO 2022 Y 2024",IF(AND(AND(C32="",D32=""),E32<>""),"SOLO 2024",IF(AND(AND(D32<>"",E32<>""),C32=""),"2023 Y 2024", IF(AND(AND(D32="",E32=""),C32<>""),"SOLO LINEA BASE", IF(AND(AND(C32="",E32=""),D32<>""),"SOLO 2023","OTROS ESCENARIOS")))))) -> SOLO 2023 | G32: =A32&B32 -> 152194 Primaria | H32: {=IFERROR(DGET('PADD-R'!$B$1:$K953,'PADD-R'!$K$1,{'PADD-R'!$B$1;A32}),"NO PARTICIPÓ")} -> SOLO 2023
F33: =IF(AND(C33<>"",D33<>"",E33<>""),"LOS 3 AÑOS", IF(AND(C33<>"",IF(AND(C33<>"",D33<>"",E33<>""),"SI","NO")<>"SI",E33<>""),"SOLO 2022 Y 2024",IF(AND(AND(C33="",D33=""),E33<>""),"SOLO 2024",IF(AND(AND(D33<>"",E33<>""),C33=""),"2023 Y 2024", IF(AND(AND(D33="",E33=""),C33<>""),"SOLO LINEA BASE", IF(AND(AND(C33="",E33=""),D33<>""),"SOLO 2023","OTROS ESCENARIOS")))))) -> 2023 Y 2024 | G33: =A33&B33 -> 152196 Primaria | H33: {=IFERROR(DGET('PADD-R'!$B$1:$K953,'PADD-R'!$K$1,{'PADD-R'!$B$1;A33}),"NO PARTICIPÓ")} -> SOLO 2023
F34: =IF(AND(C34<>"",D34<>"",E34<>""),"LOS 3 AÑOS", IF(AND(C34<>"",IF(AND(C34<>"",D34<>"",E34<>""),"SI","NO")<>"SI",E34<>""),"SOLO 2022 Y 2024",IF(AND(AND(C34="",D34=""),E34<>""),"SOLO 2024",IF(AND(AND(D34<>"",E34<>""),C34=""),"2023 Y 2024", IF(AND(AND(D34="",E34=""),C34<>""),"SOLO LINEA BASE", IF(AND(AND(C34="",E34=""),D34<>""),"SOLO 2023","OTROS ESCENARIOS")))))) -> SOLO 2023 | G34: =A34&B34 -> 152202 Primaria | H34: {=IFERROR(DGET('PADD-R'!$B$1:$K953,'PADD-R'!$K$1,{'PADD-R'!$B$1;A34}),"NO PARTICIPÓ")} -> SOLO 2023
F35: =IF(AND(C35<>"",D35<>"",E35<>""),"LOS 3 AÑOS", IF(AND(C35<>"",IF(AND(C35<>"",D35<>"",E35<>""),"SI","NO")<>"SI",E35<>""),"SOLO 2022 Y 2024",IF(AND(AND(C35="",D35=""),E35<>""),"SOLO 2024",IF(AND(AND(D35<>"",E35<>""),C35=""),"2023 Y 2024", IF(AND(AND(D35="",E35=""),C35<>""),"SOLO LINEA BASE", IF(AND(AND(C35="",E35=""),D35<>""),"SOLO 2023","OTROS ESCENARIOS")))))) -> SOLO 2023 | G35: =A35&B35 -> 152204 Primaria | H35: {=IFERROR(DGET('PADD-R'!$B$1:$K953,'PADD-R'!$K$1,{'PADD-R'!$B$1;A35}),"NO PARTICIPÓ")} -> SOLO 2023
F36: =IF(AND(C36<>"",D36<>"",E36<>""),"LOS 3 AÑOS", IF(AND(C36<>"",IF(AND(C36<>"",D36<>"",E36<>""),"SI","NO")<>"SI",E36<>""),"SOLO 2022 Y 2024",IF(AND(AND(C36="",D36=""),E36<>""),"SOLO 2024",IF(AND(AND(D36<>"",E36<>""),C36=""),"2023 Y 2024", IF(AND(AND(D36="",E36=""),C36<>""),"SOLO LINEA BASE", IF(AND(AND(C36="",E36=""),D36<>""),"SOLO 2023","OTROS ESCENARIOS")))))) -> 2023 Y 2024 | G36: =A36&B36 -> 152206 Primaria | H36: {=IFERROR(DGET('PADD-R'!$B$1:$K953,'PADD-R'!$K$1,{'PADD-R'!$B$1;A36}),"NO PARTICIPÓ")} -> SOLO 2023
F37: =IF(AND(C37<>"",D37<>"",E37<>""),"LOS 3 AÑOS", IF(AND(C37<>"",IF(AND(C37<>"",D37<>"",E37<>""),"SI","NO")<>"SI",E37<>""),"SOLO 2022 Y 2024",IF(AND(AND(C37="",D37=""),E37<>""),"SOLO 2024",IF(AND(AND(D37<>"",E37<>""),C37=""),"2023 Y 2024", IF(AND(AND(D37="",E37=""),C37<>""),"SOLO LINEA BASE", IF(AND(AND(C37="",E37=""),D37<>""),"SOLO 2023","OTROS ESCENARIOS")))))) -> 2023 Y 2024 | G37: =A37&B37 -> 153042 Primaria | H37: {=IFERROR(DGET('PADD-R'!$B$1:$K953,'PADD-R'!$K$1,{'PADD-R'!$B$1;A37}),"NO PARTICIPÓ")} -> SOLO 2023
F38: =IF(AND(C38<>"",D38<>"",E38<>""),"LOS 3 AÑOS", IF(AND(C38<>"",IF(AND(C38<>"",D38<>"",E38<>""),"SI","NO")<>"SI",E38<>""),"SOLO 2022 Y 2024",IF(AND(AND(C38="",D38=""),E38<>""),"SOLO 2024",IF(AND(AND(D38<>"",E38<>""),C38=""),"2023 Y 2024", IF(AND(AND(D38="",E38=""),C38<>""),"SOLO LINEA BASE", IF(AND(AND(C38="",E38=""),D38<>""),"SOLO 2023","OTROS ESCENARIOS")))))) -> 2023 Y 2024 | G38: =A38&B38 -> 153044 Primaria | H38: {=IFERROR(DGET('PADD-R'!$B$1:$K953,'PADD-R'!$K$1,{'PADD-R'!$B$1;A38}),"NO PARTICIPÓ")} -> SOLO 2023
F39: =IF(AND(C39<>"",D39<>"",E39<>""),"LOS 3 AÑOS", IF(AND(C39<>"",IF(AND(C39<>"",D39<>"",E39<>""),"SI","NO")<>"SI",E39<>""),"SOLO 2022 Y 2024",IF(AND(AND(C39="",D39=""),E39<>""),"SOLO 2024",IF(AND(AND(D39<>"",E39<>""),C39=""),"2023 Y 2024", IF(AND(AND(D39="",E39=""),C39<>""),"SOLO LINEA BASE", IF(AND(AND(C39="",E39=""),D39<>""),"SOLO 2023","OTROS ESCENARIOS")))))) -> 2023 Y 2024 | G39: =A39&B39 -> 153046 Primaria | H39: {=IFERROR(DGET('PADD-R'!$B$1:$K953,'PADD-R'!$K$1,{'PADD-R'!$B$1;A39}),"NO PARTICIPÓ")} -> SOLO 2023
F40: =IF(AND(C40<>"",D40<>"",E40<>""),"LOS 3 AÑOS", IF(AND(C40<>"",IF(AND(C40<>"",D40<>"",E40<>""),"SI","NO")<>"SI",E40<>""),"SOLO 2022 Y 2024",IF(AND(AND(C40="",D40=""),E40<>""),"SOLO 2024",IF(AND(AND(D40<>"",E40<>""),C40=""),"2023 Y 2024", IF(AND(AND(D40="",E40=""),C40<>""),"SOLO LINEA BASE", IF(AND(AND(C40="",E40=""),D40<>""),"SOLO 2023","OTROS ESCENARIOS")))))) -> SOLO 2023 | G40: =A40&B40 -> 153832 Primaria | H40: {=IFERROR(DGET('PADD-R'!$B$1:$K953,'PADD-R'!$K$1,{'PADD-R'!$B$1;A40}),"NO PARTICIPÓ")} -> PADD 2023 Y 2024
F41: =IF(AND(C41<>"",D41<>"",E41<>""),"LOS 3 AÑOS", IF(AND(C41<>"",IF(AND(C41<>"",D41<>"",E41<>""),"SI","NO")<>"SI",E41<>""),"SOLO 2022 Y 2024",IF(AND(AND(C41="",D41=""),E41<>""),"SOLO 2024",IF(AND(AND(D41<>"",E41<>""),C41=""),"2023 Y 2024", IF(AND(AND(D41="",E41=""),C41<>""),"SOLO LINEA BASE", IF(AND(AND(C41="",E41=""),D41<>""),"SOLO 2023","OTROS ESCENARIOS")))))) -> 2023 Y 2024 | G41: =A41&B41 -> 153834 Primaria | H41: {=IFERROR(DGET('PADD-R'!$B$1:$K953,'PADD-R'!$K$1,{'PADD-R'!$B$1;A41}),"NO PARTICIPÓ")} -> PADD 2023 Y 2024
F42: =IF(AND(C42<>"",D42<>"",E42<>""),"LOS 3 AÑOS", IF(AND(C42<>"",IF(AND(C42<>"",D42<>"",E42<>""),"SI","NO")<>"SI",E42<>""),"SOLO 2022 Y 2024",IF(AND(AND(C42="",D42=""),E42<>""),"SOLO 2024",IF(AND(AND(D42<>"",E42<>""),C42=""),"2023 Y 2024", IF(AND(AND(D42="",E42=""),C42<>""),"SOLO LINEA BASE", IF(AND(AND(C42="",E42=""),D42<>""),"SOLO 2023","OTROS ESCENARIOS")))))) -> SOLO 2023 | G42: =A42&B42 -> 153836 Primaria | H42: {=IFERROR(DGET('PADD-R'!$B$1:$K953,'PADD-R'!$K$1,{'PADD-R'!$B$1;A42}),"NO PARTICIPÓ")} -> PADD 2023 Y 2024
F43: =IF(AND(C43<>"",D43<>"",E43<>""),"LOS 3 AÑOS", IF(AND(C43<>"",IF(AND(C43<>"",D43<>"",E43<>""),"SI","NO")<>"SI",E43<>""),"SOLO 2022 Y 2024",IF(AND(AND(C43="",D43=""),E43<>""),"SOLO 2024",IF(AND(AND(D43<>"",E43<>""),C43=""),"2023 Y 2024", IF(AND(AND(D43="",E43=""),C43<>""),"SOLO LINEA BASE", IF(AND(AND(C43="",E43=""),D43<>""),"SOLO 2023","OTROS ESCENARIOS")))))) -> 2023 Y 2024 | G43: =A43&B43 -> 154782 Primaria | H43: {=IFERROR(DGET('PADD-R'!$B$1:$K953,'PADD-R'!$K$1,{'PADD-R'!$B$1;A43}),"NO PARTICIPÓ")} -> PADD 2023 Y 2024
F44: =IF(AND(C44<>"",D44<>"",E44<>""),"LOS 3 AÑOS", IF(AND(C44<>"",IF(AND(C44<>"",D44<>"",E44<>""),"SI","NO")<>"SI",E44<>""),"SOLO 2022 Y 2024",IF(AND(AND(C44="",D44=""),E44<>""),"SOLO 2024",IF(AND(AND(D44<>"",E44<>""),C44=""),"2023 Y 2024", IF(AND(AND(D44="",E44=""),C44<>""),"SOLO LINEA BASE", IF(AND(AND(C44="",E44=""),D44<>""),"SOLO 2023","OTROS ESCENARIOS")))))) -> 2023 Y 2024 | G44: =A44&B44 -> 154784 Primaria | H44: {=IFERROR(DGET('PADD-R'!$B$1:$K953,'PADD-R'!$K$1,{'PADD-R'!$B$1;A44}),"NO PARTICIPÓ")} -> PADD 2023 Y 2024
F45: =IF(AND(C45<>"",D45<>"",E45<>""),"LOS 3 AÑOS", IF(AND(C45<>"",IF(AND(C45<>"",D45<>"",E45<>""),"SI","NO")<>"SI",E45<>""),"SOLO 2022 Y 2024",IF(AND(AND(C45="",D45=""),E45<>""),"SOLO 2024",IF(AND(AND(D45<>"",E45<>""),C45=""),"2023 Y 2024", IF(AND(AND(D45="",E45=""),C45<>""),"SOLO LINEA BASE", IF(AND(AND(C45="",E45=""),D45<>""),"SOLO 2023","OTROS ESCENARIOS")))))) -> 2023 Y 2024 | G45: =A45&B45 -> 154786 Primaria | H45: {=IFERROR(DGET('PADD-R'!$B$1:$K953,'PADD-R'!$K$1,{'PADD-R'!$B$1;A45}),"NO PARTICIPÓ")} -> PADD 2023 Y 2024
F46: =IF(AND(C46<>"",D46<>"",E46<>""),"LOS 3 AÑOS", IF(AND(C46<>"",IF(AND(C46<>"",D46<>"",E46<>""),"SI","NO")<>"SI",E46<>""),"SOLO 2022 Y 2024",IF(AND(AND(C46="",D46=""),E46<>""),"SOLO 2024",IF(AND(AND(D46<>"",E46<>""),C46=""),"2023 Y 2024", IF(AND(AND(D46="",E46=""),C46<>""),"SOLO LINEA BASE", IF(AND(AND(C46="",E46=""),D46<>""),"SOLO 2023","OTROS ESCENARIOS")))))) -> 2023 Y 2024 | G46: =A46&B46 -> 201042 Primaria | H46: {=IFERROR(DGET('PADD-R'!$B$1:$K953,'PADD-R'!$K$1,{'PADD-R'!$B$1;A46}),"NO PARTICIPÓ")} -> PADD 2023 Y 2024
F47: =IF(AND(C47<>"",D47<>"",E47<>""),"LOS 3 AÑOS", IF(AND(C47<>"",IF(AND(C47<>"",D47<>"",E47<>""),"SI","NO")<>"SI",E47<>""),"SOLO 2022 Y 2024",IF(AND(AND(C47="",D47=""),E47<>""),"SOLO 2024",IF(AND(AND(D47<>"",E47<>""),C47=""),"2023 Y 2024", IF(AND(AND(D47="",E47=""),C47<>""),"SOLO LINEA BASE", IF(AND(AND(C47="",E47=""),D47<>""),"SOLO 2023","OTROS ESCENARIOS")))))) -> 2023 Y 2024 | G47: =A47&B47 -> 201044 Primaria | H47: {=IFERROR(DGET('PADD-R'!$B$1:$K953,'PADD-R'!$K$1,{'PADD-R'!$B$1;A47}),"NO PARTICIPÓ")} -> PADD 2023 Y 2024
F48: =IF(AND(C48<>"",D48<>"",E48<>""),"LOS 3 AÑOS", IF(AND(C48<>"",IF(AND(C48<>"",D48<>"",E48<>""),"SI","NO")<>"SI",E48<>""),"SOLO 2022 Y 2024",IF(AND(AND(C48="",D48=""),E48<>""),"SOLO 2024",IF(AND(AND(D48<>"",E48<>""),C48=""),"2023 Y 2024", IF(AND(AND(D48="",E48=""),C48<>""),"SOLO LINEA BASE", IF(AND(AND(C48="",E48=""),D48<>""),"SOLO 2023","OTROS ESCENARIOS")))))) -> 2023 Y 2024 | G48: =A48&B48 -> 201046 Primaria | H48: {=IFERROR(DGET('PADD-R'!$B$1:$K953,'PADD-R'!$K$1,{'PADD-R'!$B$1;A48}),"NO PARTICIPÓ")} -> PADD 2023 Y 2024
F49: =IF(AND(C49<>"",D49<>"",E49<>""),"LOS 3 AÑOS", IF(AND(C49<>"",IF(AND(C49<>"",D49<>"",E49<>""),"SI","NO")<>"SI",E49<>""),"SOLO 2022 Y 2024",IF(AND(AND(C49="",D49=""),E49<>""),"SOLO 2024",IF(AND(AND(D49<>"",E49<>""),C49=""),"2023 Y 2024", IF(AND(AND(D49="",E49=""),C49<>""),"SOLO LINEA BASE", IF(AND(AND(C49="",E49=""),D49<>""),"SOLO 2023","OTROS ESCENARIOS")))))) -> 2023 Y 2024 | G49: =A49&B49 -> 201232 Primaria | H49: {=IFERROR(DGET('PADD-R'!$B$1:$K953,'PADD-R'!$K$1,{'PADD-R'!$B$1;A49}),"NO PARTICIPÓ")} -> SOLO 2023
F50: =IF(AND(C50<>"",D50<>"",E50<>""),"LOS 3 AÑOS", IF(AND(C50<>"",IF(AND(C50<>"",D50<>"",E50<>""),"SI","NO")<>"SI",E50<>""),"SOLO 2022 Y 2024",IF(AND(AND(C50="",D50=""),E50<>""),"SOLO 2024",IF(AND(AND(D50<>"",E50<>""),C50=""),"2023 Y 2024", IF(AND(AND(D50="",E50=""),C50<>""),"SOLO LINEA BASE", IF(AND(AND(C50="",E50=""),D50<>""),"SOLO 2023","OTROS ESCENARIOS")))))) -> SOLO 2024 | G50: =A50&B50 -> 201236 Primaria | H50: {=IFERROR(DGET('PADD-R'!$B$1:$K953,'PADD-R'!$K$1,{'PADD-R'!$B$1;A50}),"NO PARTICIPÓ")} -> SOLO 2023
F51: =IF(AND(C51<>"",D51<>"",E51<>""),"LOS 3 AÑOS", IF(AND(C51<>"",IF(AND(C51<>"",D51<>"",E51<>""),"SI","NO")<>"SI",E51<>""),"SOLO 2022 Y 2024",IF(AND(AND(C51="",D51=""),E51<>""),"SOLO 2024",IF(AND(AND(D51<>"",E51<>""),C51=""),"2023 Y 2024", IF(AND(AND(D51="",E51=""),C51<>""),"SOLO LINEA BASE", IF(AND(AND(C51="",E51=""),D51<>""),"SOLO 2023","OTROS ESCENARIOS")))))) -> SOLO LINEA BASE | G51: =A51&B51 -> 36161 SAN VICENTE DE PAUL1 Primaria | H51: {=IFERROR(DGET('PADD-R'!$B$1:$K953,'PADD-R'!$K$1,{'PADD-R'!$B$1;A51}),"NO PARTICIPÓ")} -> NO PARTICIPÓ
F52: =IF(AND(C52<>"",D52<>"",E52<>""),"LOS 3 AÑOS", IF(AND(C52<>"",IF(AND(C52<>"",D52<>"",E52<>""),"SI","NO")<>"SI",E52<>""),"SOLO 2022 Y 2024",IF(AND(AND(C52="",D52=""),E52<>""),"SOLO 2024",IF(AND(AND(D52<>"",E52<>""),C52=""),"2023 Y 2024", IF(AND(AND(D52="",E52=""),C52<>""),"SOLO LINEA BASE", IF(AND(AND(C52="",E52=""),D52<>""),"SOLO 2023","OTROS ESCENARIOS")))))) -> SOLO LINEA BASE | G52: =A52&B52 -> 36161 SAN VICENTE DE PAUL2 Primaria | H52: {=IFERROR(DGET('PADD-R'!$B$1:$K953,'PADD-R'!$K$1,{'PADD-R'!$B$1;A52}),"NO PARTICIPÓ")} -> NO PARTICIPÓ
F53: =IF(AND(C53<>"",D53<>"",E53<>""),"LOS 3 AÑOS", IF(AND(C53<>"",IF(AND(C53<>"",D53<>"",E53<>""),"SI","NO")<>"SI",E53<>""),"SOLO 2022 Y 2024",IF(AND(AND(C53="",D53=""),E53<>""),"SOLO 2024",IF(AND(AND(D53<>"",E53<>""),C53=""),"2023 Y 2024", IF(AND(AND(D53="",E53=""),C53<>""),"SOLO LINEA BASE", IF(AND(AND(C53="",E53=""),D53<>""),"SOLO 2023","OTROS ESCENARIOS")))))) -> SOLO LINEA BASE | G53: =A53&B53 -> 36161 SAN VICENTE DE PAUL4 Primaria | H53: {=IFERROR(DGET('PADD-R'!$B$1:$K953,'PADD-R'!$K$1,{'PADD-R'!$B$1;A53}),"NO PARTICIPÓ")} -> NO PARTICIPÓ
F54: =IF(AND(C54<>"",D54<>"",E54<>""),"LOS 3 AÑOS", IF(AND(C54<>"",IF(AND(C54<>"",D54<>"",E54<>""),"SI","NO")<>"SI",E54<>""),"SOLO 2022 Y 2024",IF(AND(AND(C54="",D54=""),E54<>""),"SOLO 2024",IF(AND(AND(D54<>"",E54<>""),C54=""),"2023 Y 2024", IF(AND(AND(D54="",E54=""),C54<>""),"SOLO LINEA BASE", IF(AND(AND(C54="",E54=""),D54<>""),"SOLO 2023","OTROS ESCENARIOS")))))) -> SOLO LINEA BASE | G54: =A54&B54 -> 36161 SAN VICENTE DE PAUL6 Primaria | H54: {=IFERROR(DGET('PADD-R'!$B$1:$K953,'PADD-R'!$K$1,{'PADD-R'!$B$1;A54}),"NO PARTICIPÓ")} -> NO PARTICIPÓ
F55: =IF(AND(C55<>"",D55<>"",E55<>""),"LOS 3 AÑOS", IF(AND(C55<>"",IF(AND(C55<>"",D55<>"",E55<>""),"SI","NO")<>"SI",E55<>""),"SOLO 2022 Y 2024",IF(AND(AND(C55="",D55=""),E55<>""),"SOLO 2024",IF(AND(AND(D55<>"",E55<>""),C55=""),"2023 Y 2024", IF(AND(AND(D55="",E55=""),C55<>""),"SOLO LINEA BASE", IF(AND(AND(C55="",E55=""),D55<>""),"SOLO 2023","OTROS ESCENARIOS")))))) -> SOLO 2023 | G55: =A55&B55 -> 36163 JAVIER HERAUD PEREZ2 Primaria | H55: {=IFERROR(DGET('PADD-R'!$B$1:$K953,'PADD-R'!$K$1,{'PADD-R'!$B$1;A55}),"NO PARTICIPÓ")} -> SOLO 2023
F56: =IF(AND(C56<>"",D56<>"",E56<>""),"LOS 3 AÑOS", IF(AND(C56<>"",IF(AND(C56<>"",D56<>"",E56<>""),"SI","NO")<>"SI",E56<>""),"SOLO 2022 Y 2024",IF(AND(AND(C56="",D56=""),E56<>""),"SOLO 2024",IF(AND(AND(D56<>"",E56<>""),C56=""),"2023 Y 2024", IF(AND(AND(D56="",E56=""),C56<>""),"SOLO LINEA BASE", IF(AND(AND(C56="",E56=""),D56<>""),"SOLO 2023","OTROS ESCENARIOS")))))) -> SOLO 2023 | G56: =A56&B56 -> 36163 JAVIER HERAUD PEREZ4 Primaria | H56: {=IFERROR(DGET('PADD-R'!$B$1:$K953,'PADD-R'!$K$1,{'PADD-R'!$B$1;A56}),"NO PARTICIPÓ")} -> SOLO 2023
F57: =IF(AND(C57<>"",D57<>"",E57<>""),"LOS 3 AÑOS", IF(AND(C57<>"",IF(AND(C57<>"",D57<>"",E57<>""),"SI","NO")<>"SI",E57<>""),"SOLO 2022 Y 2024",IF(AND(AND(C57="",D57=""),E57<>""),"SOLO 2024",IF(AND(AND(D57<>"",E57<>""),C57=""),"2023 Y 2024", IF(AND(AND(D57="",E57=""),C57<>""),"SOLO LINEA BASE", IF(AND(AND(C57="",E57=""),D57<>""),"SOLO 2023","OTROS ESCENARIOS")))))) -> SOLO 2023 | G57: =A57&B57 -> 36163 JAVIER HERAUD PEREZ6 Primaria | H57: {=IFERROR(DGET('PADD-R'!$B$1:$K953,'PADD-R'!$K$1,{'PADD-R'!$B$1;A57}),"NO PARTICIPÓ")} -> SOLO 2023
F58: =IF(AND(C58<>"",D58<>"",E58<>""),"LOS 3 AÑOS", IF(AND(C58<>"",IF(AND(C58<>"",D58<>"",E58<>""),"SI","NO")<>"SI",E58<>""),"SOLO 2022 Y 2024",IF(AND(AND(C58="",D58=""),E58<>""),"SOLO 2024",IF(AND(AND(D58<>"",E58<>""),C58=""),"2023 Y 2024", IF(AND(AND(D58="",E58=""),C58<>""),"SOLO LINEA BASE", IF(AND(AND(C58="",E58=""),D58<>""),"SOLO 2023","OTROS ESCENARIOS")))))) -> SOLO LINEA BASE | G58: =A58&B58 -> 36166 HEROES 29 DE AGOSTO1 Primaria | H58: {=IFERROR(DGET('PADD-R'!$B$1:$K953,'PADD-R'!$K$1,{'PADD-R'!$B$1;A58}),"NO PARTICIPÓ")} -> NO PARTICIPÓ
F59: =IF(AND(C59<>"",D59<>"",E59<>""),"LOS 3 AÑOS", IF(AND(C59<>"",IF(AND(C59<>"",D59<>"",E59<>""),"SI","NO")<>"SI",E59<>""),"SOLO 2022 Y 2024",IF(AND(AND(C59="",D59=""),E59<>""),"SOLO 2024",IF(AND(AND(D59<>"",E59<>""),C59=""),"2023 Y 2024", IF(AND(AND(D59="",E59=""),C59<>""),"SOLO LINEA BASE", IF(AND(AND(C59="",E59=""),D59<>""),"SOLO 2023","OTROS ESCENARIOS")))))) -> SOLO LINEA BASE | G59: =A59&B59 -> 36166 HEROES 29 DE AGOSTO2 Primaria | H59: {=IFERROR(DGET('PADD-R'!$B$1:$K953,'PADD-R'!$K$1,{'PADD-R'!$B$1;A59}),"NO PARTICIPÓ")} -> NO PARTICIPÓ
F60: =IF(AND(C60<>"",D60<>"",E60<>""),"LOS 3 AÑOS", IF(AND(C60<>"",IF(AND(C60<>"",D60<>"",E60<>""),"SI","NO")<>"SI",E60<>""),"SOLO 2022 Y 2024",IF(AND(AND(C60="",D60=""),E60<>""),"SOLO 2024",IF(AND(AND(D60<>"",E60<>""),C60=""),"2023 Y 2024", IF(AND(AND(D60="",E60=""),C60<>""),"SOLO LINEA BASE", IF(AND(AND(C60="",E60=""),D60<>""),"SOLO 2023","OTROS ESCENARIOS")))))) -> SOLO LINEA BASE | G60: =A60&B60 -> 36166 HEROES 29 DE AGOSTO4 Primaria | H60: {=IFERROR(DGET('PADD-R'!$B$1:$K953,'PADD-R'!$K$1,{'PADD-R'!$B$1;A60}),"NO PARTICIPÓ")} -> NO PARTICIPÓ
F61: =IF(AND(C61<>"",D61<>"",E61<>""),"LOS 3 AÑOS", IF(AND(C61<>"",IF(AND(C61<>"",D61<>"",E61<>""),"SI","NO")<>"SI",E61<>""),"SOLO 2022 Y 2024",IF(AND(AND(C61="",D61=""),E61<>""),"SOLO 2024",IF(AND(AND(D61<>"",E61<>""),C61=""),"2023 Y 2024", IF(AND(AND(D61="",E61=""),C61<>""),"SOLO LINEA BASE", IF(AND(AND(C61="",E61=""),D61<>""),"SOLO 2023","OTROS ESCENARIOS")))))) -> SOLO LINEA BASE | G61: =A61&B61 -> 36166 HEROES 29 DE AGOSTO6 Primaria | H61: {=IFERROR(DGET('PADD-R'!$B$1:$K953,'PADD-R'!$K$1,{'PADD-R'!$B$1;A61}),"NO PARTICIPÓ")} -> NO PARTICIPÓ
F62: =IF(AND(C62<>"",D62<>"",E62<>""),"LOS 3 AÑOS", IF(AND(C62<>"",IF(AND(C62<>"",D62<>"",E62<>""),"SI","NO")<>"SI",E62<>""),"SOLO 2022 Y 2024",IF(AND(AND(C62="",D62=""),E62<>""),"SOLO 2024",IF(AND(AND(D62<>"",E62<>""),C62=""),"2023 Y 2024", IF(AND(AND(D62="",E62=""),C62<>""),"SOLO LINEA BASE", IF(AND(AND(C62="",E62=""),D62<>""),"SOLO 2023","OTROS ESCENARIOS")))))) -> SOLO 2024 | G62: =A62&B62 -> 361731 Primaria | H62: {=IFERROR(DGET('PADD-R'!$B$1:$K953,'PADD-R'!$K$1,{'PADD-R'!$B$1;A62}),"NO PARTICIPÓ")} -> PADD 2023 Y 2024
F63: =IF(AND(C63<>"",D63<>"",E63<>""),"LOS 3 AÑOS", IF(AND(C63<>"",IF(AND(C63<>"",D63<>"",E63<>""),"SI","NO")<>"SI",E63<>""),"SOLO 2022 Y 2024",IF(AND(AND(C63="",D63=""),E63<>""),"SOLO 2024",IF(AND(AND(D63<>"",E63<>""),C63=""),"2023 Y 2024", IF(AND(AND(D63="",E63=""),C63<>""),"SOLO LINEA BASE", IF(AND(AND(C63="",E63=""),D63<>""),"SOLO 2023","OTROS ESCENARIOS")))))) -> SOLO 2024 | G63: =A63&B63 -> 361732 Primaria | H63: {=IFERROR(DGET('PADD-R'!$B$1:$K953,'PADD-R'!$K$1,{'PADD-R'!$B$1;A63}),"NO PARTICIPÓ")} -> PADD 2023 Y 2024
F64: =IF(AND(C64<>"",D64<>"",E64<>""),"LOS 3 AÑOS", IF(AND(C64<>"",IF(AND(C64<>"",D64<>"",E64<>""),"SI","NO")<>"SI",E64<>""),"SOLO 2022 Y 2024",IF(AND(AND(C64="",D64=""),E64<>""),"SOLO 2024",IF(AND(AND(D64<>"",E64<>""),C64=""),"2023 Y 2024", IF(AND(AND(D64="",E64=""),C64<>""),"SOLO LINEA BASE", IF(AND(AND(C64="",E64=""),D64<>""),"SOLO 2023","OTROS ESCENARIOS")))))) -> SOLO 2024 | G64: =A64&B64 -> 361734 Primaria | H64: {=IFERROR(DGET('PADD-R'!$B$1:$K953,'PADD-R'!$K$1,{'PADD-R'!$B$1;A64}),"NO PARTICIPÓ")} -> PADD 2023 Y 2024
F65: =IF(AND(C65<>"",D65<>"",E65<>""),"LOS 3 AÑOS", IF(AND(C65<>"",IF(AND(C65<>"",D65<>"",E65<>""),"SI","NO")<>"SI",E65<>""),"SOLO 2022 Y 2024",IF(AND(AND(C65="",D65=""),E65<>""),"SOLO 2024",IF(AND(AND(D65<>"",E65<>""),C65=""),"2023 Y 2024", IF(AND(AND(D65="",E65=""),C65<>""),"SOLO LINEA BASE", IF(AND(AND(C65="",E65=""),D65<>""),"SOLO 2023","OTROS ESCENARIOS")))))) -> SOLO 2024 | G65: =A65&B65 -> 361736 Primaria | H65: {=IFERROR(DGET('PADD-R'!$B$1:$K953,'PADD-R'!$K$1,{'PADD-R'!$B$1;A65}),"NO PARTICIPÓ")} -> PADD 2023 Y 2024
F66: =IF(AND(C66<>"",D66<>"",E66<>""),"LOS 3 AÑOS", IF(AND(C66<>"",IF(AND(C66<>"",D66<>"",E66<>""),"SI","NO")<>"SI",E66<>""),"SOLO 2022 Y 2024",IF(AND(AND(C66="",D66=""),E66<>""),"SOLO 2024",IF(AND(AND(D66<>"",E66<>""),C66=""),"2023 Y 2024", IF(AND(AND(D66="",E66=""),C66<>""),"SOLO LINEA BASE", IF(AND(AND(C66="",E66=""),D66<>""),"SOLO 2023","OTROS ESCENARIOS")))))) -> SOLO 2022 Y 2024 | G66: =A66&B66 -> 362071 Primaria | H66: {=IFERROR(DGET('PADD-R'!$B$1:$K953,'PADD-R'!$K$1,{'PADD-R'!$B$1;A66}),"NO PARTICIPÓ")} -> PADD 2023 Y 2024
F67: =IF(AND(C67<>"",D67<>"",E67<>""),"LOS 3 AÑOS", IF(AND(C67<>"",IF(AND(C67<>"",D67<>"",E67<>""),"SI","NO")<>"SI",E67<>""),"SOLO 2022 Y 2024",IF(AND(AND(C67="",D67=""),E67<>""),"SOLO 2024",IF(AND(AND(D67<>"",E67<>""),C67=""),"2023 Y 2024", IF(AND(AND(D67="",E67=""),C67<>""),"SOLO LINEA BASE", IF(AND(AND(C67="",E67=""),D67<>""),"SOLO 2023","OTROS ESCENARIOS")))))) -> SOLO 2022 Y 2024 | G67: =A67&B67 -> 362072 Primaria | H67: {=IFERROR(DGET('PADD-R'!$B$1:$K953,'PADD-R'!$K$1,{'PADD-R'!$B$1;A67}),"NO PARTICIPÓ")} -> PADD 2023 Y 2024
F68: =IF(AND(C68<>"",D68<>"",E68<>""),"LOS 3 AÑOS", IF(AND(C68<>"",IF(AND(C68<>"",D68<>"",E68<>""),"SI","NO")<>"SI",E68<>""),"SOLO 2022 Y 2024",IF(AND(AND(C68="",D68=""),E68<>""),"SOLO 2024",IF(AND(AND(D68<>"",E68<>""),C68=""),"2023 Y 2024", IF(AND(AND(D68="",E68=""),C68<>""),"SOLO LINEA BASE", IF(AND(AND(C68="",E68=""),D68<>""),"SOLO 2023","OTROS ESCENARIOS")))))) -> SOLO 2022 Y 2024 | G68: =A68&B68 -> 362074 Primaria | H68: {=IFERROR(DGET('PADD-R'!$B$1:$K953,'PADD-R'!$K$1,{'PADD-R'!$B$1;A68}),"NO PARTICIPÓ")} -> PADD 2023 Y 2024
F69: =IF(AND(C69<>"",D69<>"",E69<>""),"LOS 3 AÑOS", IF(AND(C69<>"",IF(AND(C69<>"",D69<>"",E69<>""),"SI","NO")<>"SI",E69<>""),"SOLO 2022 Y 2024",IF(AND(AND(C69="",D69=""),E69<>""),"SOLO 2024",IF(AND(AND(D69<>"",E69<>""),C69=""),"2023 Y 2024", IF(AND(AND(D69="",E69=""),C69<>""),"SOLO LINEA BASE", IF(AND(AND(C69="",E69=""),D69<>""),"SOLO 2023","OTROS ESCENARIOS")))))) -> SOLO 2022 Y 2024 | G69: =A69&B69 -> 362076 Primaria | H69: {=IFERROR(DGET('PADD-R'!$B$1:$K953,'PADD-R'!$K$1,{'PADD-R'!$B$1;A69}),"NO PARTICIPÓ")} -> PADD 2023 Y 2024
F70: =IF(AND(C70<>"",D70<>"",E70<>""),"LOS 3 AÑOS", IF(AND(C70<>"",IF(AND(C70<>"",D70<>"",E70<>""),"SI","NO")<>"SI",E70<>""),"SOLO 2022 Y 2024",IF(AND(AND(C70="",D70=""),E70<>""),"SOLO 2024",IF(AND(AND(D70<>"",E70<>""),C70=""),"2023 Y 2024", IF(AND(AND(D70="",E70=""),C70<>""),"SOLO LINEA BASE", IF(AND(AND(C70="",E70=""),D70<>""),"SOLO 2023","OTROS ESCENARIOS")))))) -> SOLO 2024 | G70: =A70&B70 -> 36789 NUESTRA SEÑORA DEL CARMEN2 Primaria | H70: {=IFERROR(DGET('PADD-R'!$B$1:$K953,'PADD-R'!$K$1,{'PADD-R'!$B$1;A70}),"NO PARTICIPÓ")} -> SOLO 2024
F71: =IF(AND(C71<>"",D71<>"",E71<>""),"LOS 3 AÑOS", IF(AND(C71<>"",IF(AND(C71<>"",D71<>"",E71<>""),"SI","NO")<>"SI",E71<>""),"SOLO 2022 Y 2024",IF(AND(AND(C71="",D71=""),E71<>""),"SOLO 2024",IF(AND(AND(D71<>"",E71<>""),C71=""),"2023 Y 2024", IF(AND(AND(D71="",E71=""),C71<>""),"SOLO LINEA BASE", IF(AND(AND(C71="",E71=""),D71<>""),"SOLO 2023","OTROS ESCENARIOS")))))) -> SOLO 2024 | G71: =A71&B71 -> 36789 NUESTRA SEÑORA DEL CARMEN4 Primaria | H71: {=IFERROR(DGET('PADD-R'!$B$1:$K953,'PADD-R'!$K$1,{'PADD-R'!$B$1;A71}),"NO PARTICIPÓ")} -> SOLO 2024
F72: =IF(AND(C72<>"",D72<>"",E72<>""),"LOS 3 AÑOS", IF(AND(C72<>"",IF(AND(C72<>"",D72<>"",E72<>""),"SI","NO")<>"SI",E72<>""),"SOLO 2022 Y 2024",IF(AND(AND(C72="",D72=""),E72<>""),"SOLO 2024",IF(AND(AND(D72<>"",E72<>""),C72=""),"2023 Y 2024", IF(AND(AND(D72="",E72=""),C72<>""),"SOLO LINEA BASE", IF(AND(AND(C72="",E72=""),D72<>""),"SOLO 2023","OTROS ESCENARIOS")))))) -> SOLO 2024 | G72: =A72&B72 -> 36789 NUESTRA SEÑORA DEL CARMEN6 Primaria | H72: {=IFERROR(DGET('PADD-R'!$B$1:$K953,'PADD-R'!$K$1,{'PADD-R'!$B$1;A72}),"NO PARTICIPÓ")} -> SOLO 2024
F73: =IF(AND(C73<>"",D73<>"",E73<>""),"LOS 3 AÑOS", IF(AND(C73<>"",IF(AND(C73<>"",D73<>"",E73<>""),"SI","NO")<>"SI",E73<>""),"SOLO 2022 Y 2024",IF(AND(AND(C73="",D73=""),E73<>""),"SOLO 2024",IF(AND(AND(D73<>"",E73<>""),C73=""),"2023 Y 2024", IF(AND(AND(D73="",E73=""),C73<>""),"SOLO LINEA BASE", IF(AND(AND(C73="",E73=""),D73<>""),"SOLO 2023","OTROS ESCENARIOS")))))) -> SOLO LINEA BASE | G73: =A73&B73 -> 5013442 Primaria | H73: {=IFERROR(DGET('PADD-R'!$B$1:$K953,'PADD-R'!$K$1,{'PADD-R'!$B$1;A73}),"NO PARTICIPÓ")} -> SOLO 2024
F74: =IF(AND(C74<>"",D74<>"",E74<>""),"LOS 3 AÑOS", IF(AND(C74<>"",IF(AND(C74<>"",D74<>"",E74<>""),"SI","NO")<>"SI",E74<>""),"SOLO 2022 Y 2024",IF(AND(AND(C74="",D74=""),E74<>""),"SOLO 2024",IF(AND(AND(D74<>"",E74<>""),C74=""),"2023 Y 2024", IF(AND(AND(D74="",E74=""),C74<>""),"SOLO LINEA BASE", IF(AND(AND(C74="",E74=""),D74<>""),"SOLO 2023","OTROS ESCENARIOS")))))) -> SOLO 2022 Y 2024 | G74: =A74&B74 -> 5013444 Primaria | H74: {=IFERROR(DGET('PADD-R'!$B$1:$K953,'PADD-R'!$K$1,{'PADD-R'!$B$1;A74}),"NO PARTICIPÓ")} -> SOLO 2024
F75: =IF(AND(C75<>"",D75<>"",E75<>""),"LOS 3 AÑOS", IF(AND(C75<>"",IF(AND(C75<>"",D75<>"",E75<>""),"SI","NO")<>"SI",E75<>""),"SOLO 2022 Y 2024",IF(AND(AND(C75="",D75=""),E75<>""),"SOLO 2024",IF(AND(AND(D75<>"",E75<>""),C75=""),"2023 Y 2024", IF(AND(AND(D75="",E75=""),C75<>""),"SOLO LINEA BASE", IF(AND(AND(C75="",E75=""),D75<>""),"SOLO 2023","OTROS ESCENARIOS")))))) -> SOLO 2022 Y 2024 | G75: =A75&B75 -> 5013446 Primaria | H75: {=IFERROR(DGET('PADD-R'!$B$1:$K953,'PADD-R'!$K$1,{'PADD-R'!$B$1;A75}),"NO PARTICIPÓ")} -> SOLO 2024
F76: =IF(AND(C76<>"",D76<>"",E76<>""),"LOS 3 AÑOS", IF(AND(C76<>"",IF(AND(C76<>"",D76<>"",E76<>""),"SI","NO")<>"SI",E76<>""),"SOLO 2022 Y 2024",IF(AND(AND(C76="",D76=""),E76<>""),"SOLO 2024",IF(AND(AND(D76<>"",E76<>""),C76=""),"2023 Y 2024", IF(AND(AND(D76="",E76=""),C76<>""),"SOLO LINEA BASE", IF(AND(AND(C76="",E76=""),D76<>""),"SOLO 2023","OTROS ESCENARIOS")))))) -> LOS 3 AÑOS | G76: =A76&B76 -> 501432 PAPA FRANCISCO I2 Primaria | H76: {=IFERROR(DGET('PADD-R'!$B$1:$K953,'PADD-R'!$K$1,{'PADD-R'!$B$1;A76}),"NO PARTICIPÓ")} -> PADD 2023 Y 2024
F77: =IF(AND(C77<>"",D77<>"",E77<>""),"LOS 3 AÑOS", IF(AND(C77<>"",IF(AND(C77<>"",D77<>"",E77<>""),"SI","NO")<>"SI",E77<>""),"SOLO 2022 Y 2024",IF(AND(AND(C77="",D77=""),E77<>""),"SOLO 2024",IF(AND(AND(D77<>"",E77<>""),C77=""),"2023 Y 2024", IF(AND(AND(D77="",E77=""),C77<>""),"SOLO LINEA BASE", IF(AND(AND(C77="",E77=""),D77<>""),"SOLO 2023","OTROS ESCENARIOS")))))) -> SOLO 2022 Y 2024 | G77: =A77&B77 -> 501432 PAPA FRANCISCO I2 Secundaria | H77: {=IFERROR(DGET('PADD-R'!$B$1:$K953,'PADD-R'!$K$1,{'PADD-R'!$B$1;A77}),"NO PARTICIPÓ")} -> PADD 2023 Y 2024
F78: =IF(AND(C78<>"",D78<>"",E78<>""),"LOS 3 AÑOS", IF(AND(C78<>"",IF(AND(C78<>"",D78<>"",E78<>""),"SI","NO")<>"SI",E78<>""),"SOLO 2022 Y 2024",IF(AND(AND(C78="",D78=""),E78<>""),"SOLO 2024",IF(AND(AND(D78<>"",E78<>""),C78=""),"2023 Y 2024", IF(AND(AND(D78="",E78=""),C78<>""),"SOLO LINEA BASE", IF(AND(AND(C78="",E78=""),D78<>""),"SOLO 2023","OTROS ESCENARIOS")))))) -> LOS 3 AÑOS | G78: =A78&B78 -> 501432 PAPA FRANCISCO I4 Primaria | H78: {=IFERROR(DGET('PADD-R'!$B$1:$K953,'PADD-R'!$K$1,{'PADD-R'!$B$1;A78}),"NO PARTICIPÓ")} -> PADD 2023 Y 2024
F79: =IF(AND(C79<>"",D79<>"",E79<>""),"LOS 3 AÑOS", IF(AND(C79<>"",IF(AND(C79<>"",D79<>"",E79<>""),"SI","NO")<>"SI",E79<>""),"SOLO 2022 Y 2024",IF(AND(AND(C79="",D79=""),E79<>""),"SOLO 2024",IF(AND(AND(D79<>"",E79<>""),C79=""),"2023 Y 2024", IF(AND(AND(D79="",E79=""),C79<>""),"SOLO LINEA BASE", IF(AND(AND(C79="",E79=""),D79<>""),"SOLO 2023","OTROS ESCENARIOS")))))) -> SOLO 2024 | G79: =A79&B79 -> 501432 PAPA FRANCISCO I4 Secundaria | H79: {=IFERROR(DGET('PADD-R'!$B$1:$K953,'PADD-R'!$K$1,{'PADD-R'!$B$1;A79}),"NO PARTICIPÓ")} -> PADD 2023 Y 2024
F80: =IF(AND(C80<>"",D80<>"",E80<>""),"LOS 3 AÑOS", IF(AND(C80<>"",IF(AND(C80<>"",D80<>"",E80<>""),"SI","NO")<>"SI",E80<>""),"SOLO 2022 Y 2024",IF(AND(AND(C80="",D80=""),E80<>""),"SOLO 2024",IF(AND(AND(D80<>"",E80<>""),C80=""),"2023 Y 2024", IF(AND(AND(D80="",E80=""),C80<>""),"SOLO LINEA BASE", IF(AND(AND(C80="",E80=""),D80<>""),"SOLO 2023","OTROS ESCENARIOS")))))) -> LOS 3 AÑOS | G80: =A80&B80 -> 501432 PAPA FRANCISCO I6 Primaria | H80: {=IFERROR(DGET('PADD-R'!$B$1:$K953,'PADD-R'!$K$1,{'PADD-R'!$B$1;A80}),"NO PARTICIPÓ")} -> PADD 2023 Y 2024
F81: =IF(AND(C81<>"",D81<>"",E81<>""),"LOS 3 AÑOS", IF(AND(C81<>"",IF(AND(C81<>"",D81<>"",E81<>""),"SI","NO")<>"SI",E81<>""),"SOLO 2022 Y 2024",IF(AND(AND(C81="",D81=""),E81<>""),"SOLO 2024",IF(AND(AND(D81<>"",E81<>""),C81=""),"2023 Y 2024", IF(AND(AND(D81="",E81=""),C81<>""),"SOLO LINEA BASE", IF(AND(AND(C81="",E81=""),D81<>""),"SOLO 2023","OTROS ESCENARIOS")))))) -> LOS 3 AÑOS | G81: =A81&B81 -> 501455 CRISTO REY TTIKARIY2 Primaria | H81: {=IFERROR(DGET('PADD-R'!$B$1:$K953,'PADD-R'!$K$1,{'PADD-R'!$B$1;A81}),"NO PARTICIPÓ")} -> PADD 2023 Y 2024
F82: =IF(AND(C82<>"",D82<>"",E82<>""),"LOS 3 AÑOS", IF(AND(C82<>"",IF(AND(C82<>"",D82<>"",E82<>""),"SI","NO")<>"SI",E82<>""),"SOLO 2022 Y 2024",IF(AND(AND(C82="",D82=""),E82<>""),"SOLO 2024",IF(AND(AND(D82<>"",E82<>""),C82=""),"2023 Y 2024", IF(AND(AND(D82="",E82=""),C82<>""),"SOLO LINEA BASE", IF(AND(AND(C82="",E82=""),D82<>""),"SOLO 2023","OTROS ESCENARIOS")))))) -> LOS 3 AÑOS | G82: =A82&B82 -> 501455 CRISTO REY TTIKARIY4 Primaria | H82: {=IFERROR(DGET('PADD-R'!$B$1:$K953,'PADD-R'!$K$1,{'PADD-R'!$B$1;A82}),"NO PARTICIPÓ")} -> PADD 2023 Y 2024
F83: =IF(AND(C83<>"",D83<>"",E83<>""),"LOS 3 AÑOS", IF(AND(C83<>"",IF(AND(C83<>"",D83<>"",E83<>""),"SI","NO")<>"SI",E83<>""),"SOLO 2022 Y 2024",IF(AND(AND(C83="",D83=""),E83<>""),"SOLO 2024",IF(AND(AND(D83<>"",E83<>""),C83=""),"2023 Y 2024", IF(AND(AND(D83="",E83=""),C83<>""),"SOLO LINEA BASE", IF(AND(AND(C83="",E83=""),D83<>""),"SOLO 2023","OTROS ESCENARIOS")))))) -> LOS 3 AÑOS | G83: =A83&B83 -> 501455 CRISTO REY TTIKARIY6 Primaria | H83: {=IFERROR(DGET('PADD-R'!$B$1:$K953,'PADD-R'!$K$1,{'PADD-R'!$B$1;A83}),"NO PARTICIPÓ")} -> PADD 2023 Y 2024
F84: =IF(AND(C84<>"",D84<>"",E84<>""),"LOS 3 AÑOS", IF(AND(C84<>"",IF(AND(C84<>"",D84<>"",E84<>""),"SI","NO")<>"SI",E84<>""),"SOLO 2022 Y 2024",IF(AND(AND(C84="",D84=""),E84<>""),"SOLO 2024",IF(AND(AND(D84<>"",E84<>""),C84=""),"2023 Y 2024", IF(AND(AND(D84="",E84=""),C84<>""),"SOLO LINEA BASE", IF(AND(AND(C84="",E84=""),D84<>""),"SOLO 2023","OTROS ESCENARIOS")))))) -> LOS 3 AÑOS | G84: =A84&B84 -> 50492 CORAZON DE JESUS2 Primaria | H84: {=IFERROR(DGET('PADD-R'!$B$1:$K953,'PADD-R'!$K$1,{'PADD-R'!$B$1;A84}),"NO PARTICIPÓ")} -> PADD 2023 Y 2024
F85: =IF(AND(C85<>"",D85<>"",E85<>""),"LOS 3 AÑOS", IF(AND(C85<>"",IF(AND(C85<>"",D85<>"",E85<>""),"SI","NO")<>"SI",E85<>""),"SOLO 2022 Y 2024",IF(AND(AND(C85="",D85=""),E85<>""),"SOLO 2024",IF(AND(AND(D85<>"",E85<>""),C85=""),"2023 Y 2024", IF(AND(AND(D85="",E85=""),C85<>""),"SOLO LINEA BASE", IF(AND(AND(C85="",E85=""),D85<>""),"SOLO 2023","OTROS ESCENARIOS")))))) -> LOS 3 AÑOS | G85: =A85&B85 -> 50492 CORAZON DE JESUS4 Primaria | H85: {=IFERROR(DGET('PADD-R'!$B$1:$K953,'PADD-R'!$K$1,{'PADD-R'!$B$1;A85}),"NO PARTICIPÓ")} -> PADD 2023 Y 2024
F86: =IF(AND(C86<>"",D86<>"",E86<>""),"LOS 3 AÑOS", IF(AND(C86<>"",IF(AND(C86<>"",D86<>"",E86<>""),"SI","NO")<>"SI",E86<>""),"SOLO 2022 Y 2024",IF(AND(AND(C86="",D86=""),E86<>""),"SOLO 2024",IF(AND(AND(D86<>"",E86<>""),C86=""),"2023 Y 2024", IF(AND(AND(D86="",E86=""),C86<>""),"SOLO LINEA BASE", IF(AND(AND(C86="",E86=""),D86<>""),"SOLO 2023","OTROS ESCENARIOS")))))) -> LOS 3 AÑOS | G86: =A86&B86 -> 50492 CORAZON DE JESUS6 Primaria | H86: {=IFERROR(DGET('PADD-R'!$B$1:$K953,'PADD-R'!$K$1,{'PADD-R'!$B$1;A86}),"NO PARTICIPÓ")} -> PADD 2023 Y 2024
F87: =IF(AND(C87<>"",D87<>"",E87<>""),"LOS 3 AÑOS", IF(AND(C87<>"",IF(AND(C87<>"",D87<>"",E87<>""),"SI","NO")<>"SI",E87<>""),"SOLO 2022 Y 2024",IF(AND(AND(C87="",D87=""),E87<>""),"SOLO 2024",IF(AND(AND(D87<>"",E87<>""),C87=""),"2023 Y 2024", IF(AND(AND(D87="",E87=""),C87<>""),"SOLO LINEA BASE", IF(AND(AND(C87="",E87=""),D87<>""),"SOLO 2023","OTROS ESCENARIOS")))))) -> LOS 3 AÑOS | G87: =A87&B87 -> 504952 Primaria | H87: {=IFERROR(DGET('PADD-R'!$B$1:$K953,'PADD-R'!$K$1,{'PADD-R'!$B$1;A87}),"NO PARTICIPÓ")} -> SOLO 2023
F88: =IF(AND(C88<>"",D88<>"",E88<>""),"LOS 3 AÑOS", IF(AND(C88<>"",IF(AND(C88<>"",D88<>"",E88<>""),"SI","NO")<>"SI",E88<>""),"SOLO 2022 Y 2024",IF(AND(AND(C88="",D88=""),E88<>""),"SOLO 2024",IF(AND(AND(D88<>"",E88<>""),C88=""),"2023 Y 2024", IF(AND(AND(D88="",E88=""),C88<>""),"SOLO LINEA BASE", IF(AND(AND(C88="",E88=""),D88<>""),"SOLO 2023","OTROS ESCENARIOS")))))) -> LOS 3 AÑOS | G88: =A88&B88 -> 504954 Primaria | H88: {=IFERROR(DGET('PADD-R'!$B$1:$K953,'PADD-R'!$K$1,{'PADD-R'!$B$1;A88}),"NO PARTICIPÓ")} -> SOLO 2023
F89: =IF(AND(C89<>"",D89<>"",E89<>""),"LOS 3 AÑOS", IF(AND(C89<>"",IF(AND(C89<>"",D89<>"",E89<>""),"SI","NO")<>"SI",E89<>""),"SOLO 2022 Y 2024",IF(AND(AND(C89="",D89=""),E89<>""),"SOLO 2024",IF(AND(AND(D89<>"",E89<>""),C89=""),"2023 Y 2024", IF(AND(AND(D89="",E89=""),C89<>""),"SOLO LINEA BASE", IF(AND(AND(C89="",E89=""),D89<>""),"SOLO 2023","OTROS ESCENARIOS")))))) -> LOS 3 AÑOS | G89: =A89&B89 -> 504956 Primaria | H89: {=IFERROR(DGET('PADD-R'!$B$1:$K953,'PADD-R'!$K$1,{'PADD-R'!$B$1;A89}),"NO PARTICIPÓ")} -> SOLO 2023
F90: =IF(AND(C90<>"",D90<>"",E90<>""),"LOS 3 AÑOS", IF(AND(C90<>"",IF(AND(C90<>"",D90<>"",E90<>""),"SI","NO")<>"SI",E90<>""),"SOLO 2022 Y 2024",IF(AND(AND(C90="",D90=""),E90<>""),"SOLO 2024",IF(AND(AND(D90<>"",E90<>""),C90=""),"2023 Y 2024", IF(AND(AND(D90="",E90=""),C90<>""),"SOLO LINEA BASE", IF(AND(AND(C90="",E90=""),D90<>""),"SOLO 2023","OTROS ESCENARIOS")))))) -> SOLO LINEA BASE | G90: =A90&B90 -> 505042 Primaria | H90: {=IFERROR(DGET('PADD-R'!$B$1:$K953,'PADD-R'!$K$1,{'PADD-R'!$B$1;A90}),"NO PARTICIPÓ")} -> NO PARTICIPÓ
F91: =IF(AND(C91<>"",D91<>"",E91<>""),"LOS 3 AÑOS", IF(AND(C91<>"",IF(AND(C91<>"",D91<>"",E91<>""),"SI","NO")<>"SI",E91<>""),"SOLO 2022 Y 2024",IF(AND(AND(C91="",D91=""),E91<>""),"SOLO 2024",IF(AND(AND(D91<>"",E91<>""),C91=""),"2023 Y 2024", IF(AND(AND(D91="",E91=""),C91<>""),"SOLO LINEA BASE", IF(AND(AND(C91="",E91=""),D91<>""),"SOLO 2023","OTROS ESCENARIOS")))))) -> SOLO LINEA BASE | G91: =A91&B91 -> 505044 Primaria | H91: {=IFERROR(DGET('PADD-R'!$B$1:$K953,'PADD-R'!$K$1,{'PADD-R'!$B$1;A91}),"NO PARTICIPÓ")} -> NO PARTICIPÓ
F92: =IF(AND(C92<>"",D92<>"",E92<>""),"LOS 3 AÑOS", IF(AND(C92<>"",IF(AND(C92<>"",D92<>"",E92<>""),"SI","NO")<>"SI",E92<>""),"SOLO 2022 Y 2024",IF(AND(AND(C92="",D92=""),E92<>""),"SOLO 2024",IF(AND(AND(D92<>"",E92<>""),C92=""),"2023 Y 2024", IF(AND(AND(D92="",E92=""),C92<>""),"SOLO LINEA BASE", IF(AND(AND(C92="",E92=""),D92<>""),"SOLO 2023","OTROS ESCENARIOS")))))) -> SOLO LINEA BASE | G92: =A92&B92 -> 505352 Primaria | H92: {=IFERROR(DGET('PADD-R'!$B$1:$K953,'PADD-R'!$K$1,{'PADD-R'!$B$1;A92}),"NO PARTICIPÓ")} -> NO PARTICIPÓ
F93: =IF(AND(C93<>"",D93<>"",E93<>""),"LOS 3 AÑOS", IF(AND(C93<>"",IF(AND(C93<>"",D93<>"",E93<>""),"SI","NO")<>"SI",E93<>""),"SOLO 2022 Y 2024",IF(AND(AND(C93="",D93=""),E93<>""),"SOLO 2024",IF(AND(AND(D93<>"",E93<>""),C93=""),"2023 Y 2024", IF(AND(AND(D93="",E93=""),C93<>""),"SOLO LINEA BASE", IF(AND(AND(C93="",E93=""),D93<>""),"SOLO 2023","OTROS ESCENARIOS")))))) -> SOLO LINEA BASE | G93: =A93&B93 -> 505354 Primaria | H93: {=IFERROR(DGET('PADD-R'!$B$1:$K953,'PADD-R'!$K$1,{'PADD-R'!$B$1;A93}),"NO PARTICIPÓ")} -> NO PARTICIPÓ
F94: =IF(AND(C94<>"",D94<>"",E94<>""),"LOS 3 AÑOS", IF(AND(C94<>"",IF(AND(C94<>"",D94<>"",E94<>""),"SI","NO")<>"SI",E94<>""),"SOLO 2022 Y 2024",IF(AND(AND(C94="",D94=""),E94<>""),"SOLO 2024",IF(AND(AND(D94<>"",E94<>""),C94=""),"2023 Y 2024", IF(AND(AND(D94="",E94=""),C94<>""),"SOLO LINEA BASE", IF(AND(AND(C94="",E94=""),D94<>""),"SOLO 2023","OTROS ESCENARIOS")))))) -> SOLO LINEA BASE | G94: =A94&B94 -> 505356 Primaria | H94: {=IFERROR(DGET('PADD-R'!$B$1:$K953,'PADD-R'!$K$1,{'PADD-R'!$B$1;A94}),"NO PARTICIPÓ")} -> NO PARTICIPÓ
F95: =IF(AND(C95<>"",D95<>"",E95<>""),"LOS 3 AÑOS", IF(AND(C95<>"",IF(AND(C95<>"",D95<>"",E95<>""),"SI","NO")<>"SI",E95<>""),"SOLO 2022 Y 2024",IF(AND(AND(C95="",D95=""),E95<>""),"SOLO 2024",IF(AND(AND(D95<>"",E95<>""),C95=""),"2023 Y 2024", IF(AND(AND(D95="",E95=""),C95<>""),"SOLO LINEA BASE", IF(AND(AND(C95="",E95=""),D95<>""),"SOLO 2023","OTROS ESCENARIOS")))))) -> SOLO LINEA BASE | G95: =A95&B95 -> 505362 Primaria | H95: {=IFERROR(DGET('PADD-R'!$B$1:$K953,'PADD-R'!$K$1,{'PADD-R'!$B$1;A95}),"NO PARTICIPÓ")} -> NO PARTICIPÓ
F96: =IF(AND(C96<>"",D96<>"",E96<>""),"LOS 3 AÑOS", IF(AND(C96<>"",IF(AND(C96<>"",D96<>"",E96<>""),"SI","NO")<>"SI",E96<>""),"SOLO 2022 Y 2024",IF(AND(AND(C96="",D96=""),E96<>""),"SOLO 2024",IF(AND(AND(D96<>"",E96<>""),C96=""),"2023 Y 2024", IF(AND(AND(D96="",E96=""),C96<>""),"SOLO LINEA BASE", IF(AND(AND(C96="",E96=""),D96<>""),"SOLO 2023","OTROS ESCENARIOS")))))) -> SOLO LINEA BASE | G96: =A96&B96 -> 505364 Primaria | H96: {=IFERROR(DGET('PADD-R'!$B$1:$K953,'PADD-R'!$K$1,{'PADD-R'!$B$1;A96}),"NO PARTICIPÓ")} -> NO PARTICIPÓ
F97: =IF(AND(C97<>"",D97<>"",E97<>""),"LOS 3 AÑOS", IF(AND(C97<>"",IF(AND(C97<>"",D97<>"",E97<>""),"SI","NO")<>"SI",E97<>""),"SOLO 2022 Y 2024",IF(AND(AND(C97="",D97=""),E97<>""),"SOLO 2024",IF(AND(AND(D97<>"",E97<>""),C97=""),"2023 Y 2024", IF(AND(AND(D97="",E97=""),C97<>""),"SOLO LINEA BASE", IF(AND(AND(C97="",E97=""),D97<>""),"SOLO 2023","OTROS ESCENARIOS")))))) -> SOLO LINEA BASE | G97: =A97&B97 -> 505366 Primaria | H97: {=IFERROR(DGET('PADD-R'!$B$1:$K953,'PADD-R'!$K$1,{'PADD-R'!$B$1;A97}),"NO PARTICIPÓ")} -> NO PARTICIPÓ
F98: =IF(AND(C98<>"",D98<>"",E98<>""),"LOS 3 AÑOS", IF(AND(C98<>"",IF(AND(C98<>"",D98<>"",E98<>""),"SI","NO")<>"SI",E98<>""),"SOLO 2022 Y 2024",IF(AND(AND(C98="",D98=""),E98<>""),"SOLO 2024",IF(AND(AND(D98<>"",E98<>""),C98=""),"2023 Y 2024", IF(AND(AND(D98="",E98=""),C98<>""),"SOLO LINEA BASE", IF(AND(AND(C98="",E98=""),D98<>""),"SOLO 2023","OTROS ESCENARIOS")))))) -> LOS 3 AÑOS | G98: =A98&B98 -> 505472 Primaria | H98: {=IFERROR(DGET('PADD-R'!$B$1:$K953,'PADD-R'!$K$1,{'PADD-R'!$B$1;A98}),"NO PARTICIPÓ")} -> SOLO 2023
F99: =IF(AND(C99<>"",D99<>"",E99<>""),"LOS 3 AÑOS", IF(AND(C99<>"",IF(AND(C99<>"",D99<>"",E99<>""),"SI","NO")<>"SI",E99<>""),"SOLO 2022 Y 2024",IF(AND(AND(C99="",D99=""),E99<>""),"SOLO 2024",IF(AND(AND(D99<>"",E99<>""),C99=""),"2023 Y 2024", IF(AND(AND(D99="",E99=""),C99<>""),"SOLO LINEA BASE", IF(AND(AND(C99="",E99=""),D99<>""),"SOLO 2023","OTROS ESCENARIOS")))))) -> LOS 3 AÑOS | G99: =A99&B99 -> 505474 Primaria | H99: {=IFERROR(DGET('PADD-R'!$B$1:$K953,'PADD-R'!$K$1,{'PADD-R'!$B$1;A99}),"NO PARTICIPÓ")} -> SOLO 2023
F100: =IF(AND(C100<>"",D100<>"",E100<>""),"LOS 3 AÑOS", IF(AND(C100<>"",IF(AND(C100<>"",D100<>"",E100<>""),"SI","NO")<>"SI",E100<>""),"SOLO 2022 Y 2024",IF(AND(AND(C100="",D100=""),E100<>""),"SOLO 2024",IF(AND(AND(D100<>"",E100<>""),C100=""),"2023 Y 2024", IF(AND(AND(D100="",E100=""),C100<>""),"SOLO LINEA BASE", IF(AND(AND(C100="",E100=""),D100<>""),"SOLO 2023","OTROS ESCENARIOS")))))) -> LOS 3 AÑOS | G100: =A100&B100 -> 505476 Primaria | H100: {=IFERROR(DGET('PADD-R'!$B$1:$K953,'PADD-R'!$K$1,{'PADD-R'!$B$1;A100}),"NO PARTICIPÓ")} -> SOLO 2023
...

Sheet GLOBAL
A2: RESULTADO GENERAL 5 RER
N4: 55 | O4: 45 | P4: 1 | Q4: 39 | R4: 59 | S4: 2
N5: 59 | O5: 38 | P5: 3 | Q5: 44 | R5: 55 | S5: 1
N6: 76 | O6: 23 | P6: 1 | Q6: 70 | R6: 30 | S6: 0
N7: 44 | O7: 55 | P7: 1 | Q7: 59 | R7: 40 | S7: 1
N8: 52 | O8: 47 | P8: 2 | Q8: 97 | R8: 3 | S8: 0
B15: Grado | C15: =C4 -> 2022 | F15: =E4 -> 2023 | I15: =H4 -> 2024
C16: Inicio | D16: Proceso | E16: Satisfactorio | F16: Inicio | G16: Proceso | H16: Satisfactorio | I16: Inicio | J16: Proceso | K16: Satisfactorio
B17: 2 Primaria | C17: =N4/100 -> 0.55 | D17: =O4/100 -> 0.45 | E17: =P4/100 -> 0.01 | F17: =Q4/100 -> 0.39 | G17: =R4/100 -> 0.59 | H17: =S4/100 -> 0.02 | I17: =ROUND(H6/SUM($H6:$J6),3) -> 0.318 | J17: =ROUND(I6/SUM($H6:$J6),3) -> 0.657 | K17: =ROUND(J6/SUM($H6:$J6),3) -> 0.026
B18: 4 Primaria | C18: =N5/100 -> 0.59 | D18: =O5/100 -> 0.38 | E18: =P5/100 -> 0.03 | F18: =Q5/100 -> 0.44 | G18: =R5/100 -> 0.55 | H18: =S5/100 -> 0.01 | I18: =ROUND(H7/SUM($H7:$J7),3) -> 0.315 | J18: =ROUND(I7/SUM($H7:$J7),3) -> 0.667 | K18: =ROUND(J7/SUM($H7:$J7),3) -> 0.019
B19: 6 Primaria | C19: =N6/100 -> 0.76 | D19: =O6/100 -> 0.23 | E19: =P6/100 -> 0.01 | F19: =Q6/100 -> 0.7 | G19: =R6/100 -> 0.3 | H19: =S6/100 -> 0 | I19: =ROUND(H8/SUM($H8:$J8),3) -> 0.531 | J19: =ROUND(I8/SUM($H8:$J8),3) -> 0.456 | K19: =ROUND(J8/SUM($H8:$J8),3) -> 0.013
B20: 2 Secundaria | C20: =N7/100 -> 0.44 | D20: =O7/100 -> 0.55 | E20: =P7/100 -> 0.01 | F20: =Q7/100 -> 0.59 | G20: =R7/100 -> 0.4 | H20: =S7/100 -> 0.01 | I20: =ROUND(H9/SUM($H9:$J9),3) -> 0.793 | J20: =ROUND(I9/SUM($H9:$J9),3) -> 0.207 | K20: =ROUND(J9/SUM($H9:$J9),3) -> 0
B21: 4 Secundaria | C21: =N8/100 -> 0.52 | D21: =O8/100 -> 0.47 | E21: =P8/100 -> 0.02 | F21: =Q8/100 -> 0.97 | G21: =R8/100 -> 0.03 | H21: =S8/100 -> 0 | I21: =ROUND(H10/SUM($H10:$J10),3) -> 0.83 | J21: =ROUND(I10/SUM($H10:$J10),3) -> 0.17 | K21: =ROUND(J10/SUM($H10:$J10),3) -> 0
A25: RESULTADO GENERAL RER CUSCO
N27: 0.81 | O27: 0.19 | P27: 0 | Q27: 0.56 | R27: 0.42 | S27: 0.02 | T27: 0.28813559 | U27: 0.50847458 | V27: 0.20338983
N28: 0.91 | O28: 0.09 | P28: 0 | Q28: 0.67 | R28: 0.26 | S28: 0.07 | T28: 0.51351351 | U28: 0.36486486 | V28: 0.12162162
N29: 0.83 | O29: 0.17 | P29: 0 | Q29: 0.5 | R29: 0.46 | S29: 0.04 | T29: 0.24285714 | U29: 0.5 | V29: 0.25714286
B38: Grado | C38: =C27 -> 2022 | F38: =F27 -> 2023 | I38: =I27 -> 2024
C39: Inicio | D39: Proceso | E39: Satisfactorio | F39: Inicio | G39: Proceso | H39: Satisfactorio | I39: Inicio | J39: Proceso | K39: Satisfactorio
B40: 2 Primaria | C40: 0.81 | D40: 0.19 | E40: 0 | F40: 0.56 | G40: 0.42 | H40: 0.02 | I40: =I29/SUM($I29:$K29) -> 0.28813559 | J40: =J29/SUM($I29:$K29) -> 0.50847458 | K40: =K29/SUM($I29:$K29) -> 0.20338983
B41: 4 Primaria | C41: 0.91 | D41: 0.09 | E41: 0 | F41: 0.67 | G41: 0.26 | H41: 0.07 | I41: =I30/SUM($I30:$K30) -> 0.51351351 | J41: =J30/SUM($I30:$K30) -> 0.36486486 | K41: =K30/SUM($I30:$K30) -> 0.12162162
B42: 6 Primaria | C42: 0.83 | D42: 0.17 | E42: 0 | F42: 0.5 | G42: 0.46 | H42: 0.04 | I42: =I31/SUM($I31:$K31) -> 0.24285714 | J42: =J31/SUM($I31:$K31) -> 0.5 | K42: =K31/SUM($I31:$K31) -> 0.25714286
B43: 2 Secundaria | I43: =I32/SUM($I32:$K32) -> 1 | J43: =J32/SUM($I32:$K32) -> 0 | K43: =K32/SUM($I32:$K32) -> 0
B44: 4 Secundaria | I44: =I33/SUM($I33:$K33) -> 1 | J44: =J33/SUM($I33:$K33) -> 0 | K44: =K33/SUM($I33:$K33) -> 0

Sheet LOS 3 AÑOS
O2: IE | P2: GRADO | Q2: =E2 -> 2022 | T2: =H2 -> 2023 | W2: =K2 -> 2024
Q3: Inicio | R3: Proceso | S3: Satisfactorio | T3: Inicio | U3: Proceso | V3: Satisfactorio | W3: Inicio | X3: Proceso | Y3: Satisfactorio
O4: =B4 -> 501432 PAPA FRANCISCO I | P4: =D4 -> 2 Primaria | Q4: =E4/SUM($E4:$G4) -> 1 | R4: =F4/SUM($E4:$G4) -> 0 | S4: =G4/SUM($E4:$G4) -> 0 | T4: =H4/SUM($H4:$J4) -> 1 | U4: =I4/SUM($H4:$J4) -> 0 | V4: =J4/SUM($H4:$J4) -> 0 | W4: =K4/SUM($K4:$M4) -> 0.33333333 | X4: =L4/SUM($K4:$M4) -> 0.66666667 | Y4: =M4/SUM($K4:$M4) -> 0
P5: =D5 -> 4 Primaria | Q5: =E5/SUM($E5:$G5) -> 1 | R5: =F5/SUM($E5:$G5) -> 0 | S5: =G5/SUM($E5:$G5) -> 0 | T5: =H5/SUM($H5:$J5) -> 1 | U5: =I5/SUM($H5:$J5) -> 0 | V5: =J5/SUM($H5:$J5) -> 0 | W5: =K5/SUM($K5:$M5) -> 0.5 | X5: =L5/SUM($K5:$M5) -> 0.5 | Y5: =M5/SUM($K5:$M5) -> 0
P6: =D6 -> 6 Primaria | Q6: =E6/SUM($E6:$G6) -> 0.88 | R6: =F6/SUM($E6:$G6) -> 0.12 | S6: =G6/SUM($E6:$G6) -> 0 | T6: =H6/SUM($H6:$J6) -> 1 | U6: =I6/SUM($H6:$J6) -> 0 | V6: =J6/SUM($H6:$J6) -> 0 | W6: =K6/SUM($K6:$M6) -> 0.66666667 | X6: =L6/SUM($K6:$M6) -> 0.33333333 | Y6: =M6/SUM($K6:$M6) -> 0
O7: =B7 -> 501455 CRISTO REY TTIKARIY | P7: =D7 -> 2 Primaria | Q7: =E7/SUM($E7:$G7) -> 0.75 | R7: =F7/SUM($E7:$G7) -> 0.25 | S7: =G7/SUM($E7:$G7) -> 0 | T7: =H7/SUM($H7:$J7) -> 0.625 | U7: =I7/SUM($H7:$J7) -> 0.375 | V7: =J7/SUM($H7:$J7) -> 0 | W7: =K7/SUM($K7:$M7) -> 0.33333333 | X7: =L7/SUM($K7:$M7) -> 0.66666667 | Y7: =M7/SUM($K7:$M7) -> 0
P8: =D8 -> 4 Primaria | Q8: =E8/SUM($E8:$G8) -> 0.83 | R8: =F8/SUM($E8:$G8) -> 0.17 | S8: =G8/SUM($E8:$G8) -> 0 | T8: =H8/SUM($H8:$J8) -> 0.75 | U8: =I8/SUM($H8:$J8) -> 0.25 | V8: =J8/SUM($H8:$J8) -> 0 | W8: =K8/SUM($K8:$M8) -> 0.33333333 | X8: =L8/SUM($K8:$M8) -> 0.66666667 | Y8: =M8/SUM($K8:$M8) -> 0
P9: =D9 -> 6 Primaria | Q9: =E9/SUM($E9:$G9) -> 1 | R9: =F9/SUM($E9:$G9) -> 0 | S9: =G9/SUM($E9:$G9) -> 0 | T9: =H9/SUM($H9:$J9) -> 0.66666667 | U9: =I9/SUM($H9:$J9) -> 0.33333333 | V9: =J9/SUM($H9:$J9) -> 0 | W9: =K9/SUM($K9:$M9) -> 0.33333333 | X9: =L9/SUM($K9:$M9) -> 0.66666667 | Y9: =M9/SUM($K9:$M9) -> 0
O10: =B10 -> 50492 CORAZON DE JESUS | P10: =D10 -> 2 Primaria | Q10: =E10/SUM($E10:$G10) -> 0.77 | R10: =F10/SUM($E10:$G10) -> 0.2 | S10: =G10/SUM($E10:$G10) -> 0.03 | T10: =H10/SUM($H10:$J10) -> 0.46341463 | U10: =I10/SUM($H10:$J10) -> 0.31707317 | V10: =J10/SUM($H10:$J10) -> 0.2195122 | W10: =K10/SUM($K10:$M10) -> 0.28571429 | X10: =L10/SUM($K10:$M10) -> 0.42857143 | Y10: =M10/SUM($K10:$M10) -> 0.28571429
P11: =D11 -> 4 Primaria | Q11: =E11/SUM($E11:$G11) -> 0.8 | R11: =F11/SUM($E11:$G11) -> 0.15 | S11: =G11/SUM($E11:$G11) -> 0.05 | T11: =H11/SUM($H11:$J11) -> 0.44444444 | U11: =I11/SUM($H11:$J11) -> 0.44444444 | V11: =J11/SUM($H11:$J11) -> 0.11111111 | W11: =K11/SUM($K11:$M11) -> 0.4 | X11: =L11/SUM($K11:$M11) -> 0.4 | Y11: =M11/SUM($K11:$M11) -> 0.2
P12: =D12 -> 6 Primaria | Q12: =E12/SUM($E12:$G12) -> 0.68 | R12: =F12/SUM($E12:$G12) -> 0.31 | S12: =G12/SUM($E12:$G12) -> 0.01 | T12: =H12/SUM($H12:$J12) -> 0.36 | U12: =I12/SUM($H12:$J12) -> 0.52 | V12: =J12/SUM($H12:$J12) -> 0.12 | W12: =K12/SUM($K12:$M12) -> 0.19047619 | X12: =L12/SUM($K12:$M12) -> 0.47619048 | Y12: =M12/SUM($K12:$M12) -> 0.33333333
O13: =B13 -> 50495 | P13: =D13 -> 2 Primaria | Q13: =E13/SUM($E13:$G13) -> 1 | R13: =F13/SUM($E13:$G13) -> 0 | S13: =G13/SUM($E13:$G13) -> 0 | T13: =H13/SUM($H13:$J13) -> 0.44444444 | U13: =I13/SUM($H13:$J13) -> 0.55555556 | V13: =J13/SUM($H13:$J13) -> 0 | W13: =K13/SUM($K13:$M13) -> 1 | X13: =L13/SUM($K13:$M13) -> 0 | Y13: =M13/SUM($K13:$M13) -> 0
P14: =D14 -> 4 Primaria | Q14: =E14/SUM($E14:$G14) -> 1 | R14: =F14/SUM($E14:$G14) -> 0 | S14: =G14/SUM($E14:$G14) -> 0 | T14: =H14/SUM($H14:$J14) -> 0.28571429 | U14: =I14/SUM($H14:$J14) -> 0.28571429 | V14: =J14/SUM($H14:$J14) -> 0.42857143 | W14: =K14/SUM($K14:$M14) -> 1 | X14: =L14/SUM($K14:$M14) -> 0 | Y14: =M14/SUM($K14:$M14) -> 0
P15: =D15 -> 6 Primaria | Q15: =E15/SUM($E15:$G15) -> 1 | R15: =F15/SUM($E15:$G15) -> 0 | S15: =G15/SUM($E15:$G15) -> 0 | T15: =H15/SUM($H15:$J15) -> 0.11111111 | U15: =I15/SUM($H15:$J15) -> 0.77777778 | V15: =J15/SUM($H15:$J15) -> 0.11111111 | W15: =K15/SUM($K15:$M15) -> 0 | X15: =L15/SUM($K15:$M15) -> 0.66666667 | Y15: =M15/SUM($K15:$M15) -> 0.33333333
O16: =B16 -> 50547 | P16: =D16 -> 2 Primaria | Q16: =E16/SUM($E16:$G16) -> 0.78 | R16: =F16/SUM($E16:$G16) -> 0.22 | S16: =G16/SUM($E16:$G16) -> 0 | T16: =H16/SUM($H16:$J16) -> 0 | U16: =I16/SUM($H16:$J16) -> 0.8 | V16: =J16/SUM($H16:$J16) -> 0.2 | W16: =K16/SUM($K16:$M16) -> 0.66666667 | X16: =L16/SUM($K16:$M16) -> 0.33333333 | Y16: =M16/SUM($K16:$M16) -> 0
P17: =D17 -> 4 Primaria | Q17: =E17/SUM($E17:$G17) -> 0.71 | R17: =F17/SUM($E17:$G17) -> 0.29 | S17: =G17/SUM($E17:$G17) -> 0 | T17: =H17/SUM($H17:$J17) -> 0.875 | U17: =I17/SUM($H17:$J17) -> 0.125 | V17: =J17/SUM($H17:$J17) -> 0 | W17: =K17/SUM($K17:$M17) -> 0.33333333 | X17: =L17/SUM($K17:$M17) -> 0.66666667 | Y17: =M17/SUM($K17:$M17) -> 0
P18: =D18 -> 6 Primaria | Q18: =E18/SUM($E18:$G18) -> 0.92 | R18: =F18/SUM($E18:$G18) -> 0.08 | S18: =G18/SUM($E18:$G18) -> 0 | T18: =H18/SUM($H18:$J18) -> 0.6 | U18: =I18/SUM($H18:$J18) -> 0.3 | V18: =J18/SUM($H18:$J18) -> 0.1 | W18: =K18/SUM($K18:$M18) -> 0.33333333 | X18: =L18/SUM($K18:$M18) -> 0.66666667 | Y18: =M18/SUM($K18:$M18) -> 0
O19: =B19 -> 50550 | P19: =D19 -> 2 Primaria | Q19: =E19/SUM($E19:$G19) -> 1 | R19: =F19/SUM($E19:$G19) -> 0 | S19: =G19/SUM($E19:$G19) -> 0 | T19: =H19/SUM($H19:$J19) -> 0.66666667 | U19: =I19/SUM($H19:$J19) -> 0.33333333 | V19: =J19/SUM($H19:$J19) -> 0 | W19: =K19/SUM($K19:$M19) -> 0 | X19: =L19/SUM($K19:$M19) -> 1 | Y19: =M19/SUM($K19:$M19) -> 0
P20: =D20 -> 4 Primaria | Q20: =E20/SUM($E20:$G20) -> 1 | R20: =F20/SUM($E20:$G20) -> 0 | S20: =G20/SUM($E20:$G20) -> 0 | T20: =H20/SUM($H20:$J20) -> 1 | U20: =I20/SUM($H20:$J20) -> 0 | V20: =J20/SUM($H20:$J20) -> 0 | W20: =K20/SUM($K20:$M20) -> 1 | X20: =L20/SUM($K20:$M20) -> 0 | Y20: =M20/SUM($K20:$M20) -> 0
P21: =D21 -> 6 Primaria | Q21: =E21/SUM($E21:$G21) -> 1 | R21: =F21/SUM($E21:$G21) -> 0 | S21: =G21/SUM($E21:$G21) -> 0 | T21: =H21/SUM($H21:$J21) -> 0.42857143 | U21: =I21/SUM($H21:$J21) -> 0.57142857 | V21: =J21/SUM($H21:$J21) -> 0 | W21: =K21/SUM($K21:$M21) -> 0 | X21: =L21/SUM($K21:$M21) -> 1 | Y21: =M21/SUM($K21:$M21) -> 0
O22: =B22 -> 50553 | P22: =D22 -> 2 Primaria | Q22: =E22/SUM($E22:$G22) -> 1 | R22: =F22/SUM($E22:$G22) -> 0 | S22: =G22/SUM($E22:$G22) -> 0 | T22: =H22/SUM($H22:$J22) -> 0 | U22: =I22/SUM($H22:$J22) -> 1 | V22: =J22/SUM($H22:$J22) -> 0 | W22: =K22/SUM($K22:$M22) -> 1 | X22: =L22/SUM($K22:$M22) -> 0 | Y22: =M22/SUM($K22:$M22) -> 0
P23: =D23 -> 4 Primaria | Q23: =E23/SUM($E23:$G23) -> 1 | R23: =F23/SUM($E23:$G23) -> 0 | S23: =G23/SUM($E23:$G23) -> 0 | T23: =H23/SUM($H23:$J23) -> 1 | U23: =I23/SUM($H23:$J23) -> 0 | V23: =J23/SUM($H23:$J23) -> 0 | W23: =K23/SUM($K23:$M23) -> 1 | X23: =L23/SUM($K23:$M23) -> 0 | Y23: =M23/SUM($K23:$M23) -> 0
P24: =D24 -> 6 Primaria | Q24: =E24/SUM($E24:$G24) -> 0.8 | R24: =F24/SUM($E24:$G24) -> 0.2 | S24: =G24/SUM($E24:$G24) -> 0 | T24: =H24/SUM($H24:$J24) -> 0.5 | U24: =I24/SUM($H24:$J24) -> 0.5 | V24: =J24/SUM($H24:$J24) -> 0 | W24: =K24/SUM($K24:$M24) -> 0 | X24: =L24/SUM($K24:$M24) -> 1 | Y24: =M24/SUM($K24:$M24) -> 0
O25: =B25 -> 50715 | P25: =D25 -> 2 Primaria | Q25: =E25/SUM($E25:$G25) -> 1 | R25: =F25/SUM($E25:$G25) -> 0 | S25: =G25/SUM($E25:$G25) -> 0 | T25: =H25/SUM($H25:$J25) -> 0.5 | U25: =I25/SUM($H25:$J25) -> 0.5 | V25: =J25/SUM($H25:$J25) -> 0 | W25: =K25/SUM($K25:$M25) -> 0 | X25: =L25/SUM($K25:$M25) -> 1 | Y25: =M25/SUM($K25:$M25) -> 0
P26: =D26 -> 4 Primaria | Q26: =E26/SUM($E26:$G26) -> 1 | R26: =F26/SUM($E26:$G26) -> 0 | S26: =G26/SUM($E26:$G26) -> 0 | T26: =H26/SUM($H26:$J26) -> 0 | U26: =I26/SUM($H26:$J26) -> 1 | V26: =J26/SUM($H26:$J26) -> 0 | W26: =K26/SUM($K26:$M26) -> 0 | X26: =L26/SUM($K26:$M26) -> 1 | Y26: =M26/SUM($K26:$M26) -> 0
P27: =D27 -> 6 Primaria | Q27: =E27/SUM($E27:$G27) -> 1 | R27: =F27/SUM($E27:$G27) -> 0 | S27: =G27/SUM($E27:$G27) -> 0 | T27: =H27/SUM($H27:$J27) -> 0.5 | U27: =I27/SUM($H27:$J27) -> 0.5 | V27: =J27/SUM($H27:$J27) -> 0 | W27: =K27/SUM($K27:$M27) -> 0 | X27: =L27/SUM($K27:$M27) -> 1 | Y27: =M27/SUM($K27:$M27) -> 0
O28: =B28 -> 50765 | P28: =D28 -> 2 Primaria | Q28: =E28/SUM($E28:$G28) -> 0.5 | R28: =F28/SUM($E28:$G28) -> 0.5 | S28: =G28/SUM($E28:$G28) -> 0 | T28: =H28/SUM($H28:$J28) -> 0.33333333 | U28: =I28/SUM($H28:$J28) -> 0.66666667 | V28: =J28/SUM($H28:$J28) -> 0 | W28: =K28/SUM($K28:$M28) -> 0 | X28: =L28/SUM($K28:$M28) -> 1 | Y28: =M28/SUM($K28:$M28) -> 0
P29: =D29 -> 4 Primaria | Q29: =E29/SUM($E29:$G29) -> 1 | R29: =F29/SUM($E29:$G29) -> 0 | S29: =G29/SUM($E29:$G29) -> 0 | T29: =H29/SUM($H29:$J29) -> 0.75 | U29: =I29/SUM($H29:$J29) -> 0.25 | V29: =J29/SUM($H29:$J29) -> 0 | W29: =K29/SUM($K29:$M29) -> 0.5 | X29: =L29/SUM($K29:$M29) -> 0.5 | Y29: =M29/SUM($K29:$M29) -> 0
P30: =D30 -> 6 Primaria | Q30: =E30/SUM($E30:$G30) -> 1 | R30: =F30/SUM($E30:$G30) -> 0 | S30: =G30/SUM($E30:$G30) -> 0 | T30: =H30/SUM($H30:$J30) -> 0.5 | U30: =I30/SUM($H30:$J30) -> 0.5 | V30: =J30/SUM($H30:$J30) -> 0 | W30: =K30/SUM($K30:$M30) -> 0.5 | X30: =L30/SUM($K30:$M30) -> 0.5 | Y30: =M30/SUM($K30:$M30) -> 0
O31: =B31 -> 50977 | P31: =D31 -> 2 Primaria | Q31: =E31/SUM($E31:$G31) -> 0.71 | R31: =F31/SUM($E31:$G31) -> 0.29 | S31: =G31/SUM($E31:$G31) -> 0 | T31: =H31/SUM($H31:$J31) -> 0.8 | U31: =I31/SUM($H31:$J31) -> 0.2 | V31: =J31/SUM($H31:$J31) -> 0 | W31: =K31/SUM($K31:$M31) -> 0 | X31: =L31/SUM($K31:$M31) -> 1 | Y31: =M31/SUM($K31:$M31) -> 0
P32: =D32 -> 4 Primaria | Q32: =E32/SUM($E32:$G32) -> 1 | R32: =F32/SUM($E32:$G32) -> 0 | S32: =G32/SUM($E32:$G32) -> 0 | T32: =H32/SUM($H32:$J32) -> 0.625 | U32: =I32/SUM($H32:$J32) -> 0.25 | V32: =J32/SUM($H32:$J32) -> 0.125 | W32: =K32/SUM($K32:$M32) -> 1 | X32: =L32/SUM($K32:$M32) -> 0 | Y32: =M32/SUM($K32:$M32) -> 0
P33: =D33 -> 6 Primaria | Q33: =E33/SUM($E33:$G33) -> 0.67 | R33: =F33/SUM($E33:$G33) -> 0.33 | S33: =G33/SUM($E33:$G33) -> 0 | T33: =H33/SUM($H33:$J33) -> 0.33333333 | U33: =I33/SUM($H33:$J33) -> 0.55555556 | V33: =J33/SUM($H33:$J33) -> 0.11111111 | W33: =K33/SUM($K33:$M33) -> 0 | X33: =L33/SUM($K33:$M33) -> 1 | Y33: =M33/SUM($K33:$M33) -> 0
O34: =B34 | P34: =D34 | Q34: =E34/SUM($E34:$G34) -> 0.75603865 | R34: =F34/SUM($E34:$G34) -> 0.23309179 | S34: =G34/SUM($E34:$G34) -> 0.010869565 | T34: =H34/SUM($H34:$J34) -> 0.50865052 | U34: =I34/SUM($H34:$J34) -> 0.39446367 | V34: =J34/SUM($H34:$J34) -> 0.096885813 | W34: =K34/SUM($K34:$M34) -> 0.3553719 | X34: =L34/SUM($K34:$M34) -> 0.49586777 | Y34: =M34/SUM($K34:$M34) -> 0.14876033
O35: =B35 -> 6010230 BARBARA D'ACHILLE | P35: =D35 -> 2 Primaria | Q35: =E35/SUM($E35:$G35) -> 0.8 | R35: =F35/SUM($E35:$G35) -> 0.2 | S35: =G35/SUM($E35:$G35) -> 0 | T35: =H35/SUM($H35:$J35) -> 1 | U35: =I35/SUM($H35:$J35) -> 0 | V35: =J35/SUM($H35:$J35) -> 0 | W35: =K35/SUM($K35:$M35) -> 0 | X35: =L35/SUM($K35:$M35) -> 1 | Y35: =M35/SUM($K35:$M35) -> 0
P36: =D36 -> 4 Primaria | Q36: =E36/SUM($E36:$G36) -> 1 | R36: =F36/SUM($E36:$G36) -> 0 | S36: =G36/SUM($E36:$G36) -> 0 | T36: =H36/SUM($H36:$J36) -> 0.875 | U36: =I36/SUM($H36:$J36) -> 0.125 | V36: =J36/SUM($H36:$J36) -> 0 | W36: =K36/SUM($K36:$M36) -> 0.5 | X36: =L36/SUM($K36:$M36) -> 0.5 | Y36: =M36/SUM($K36:$M36) -> 0
P37: =D37 -> 6 Primaria | Q37: =E37/SUM($E37:$G37) -> 1 | R37: =F37/SUM($E37:$G37) -> 0 | S37: =G37/SUM($E37:$G37) -> 0 | T37: =H37/SUM($H37:$J37) -> 1 | U37: =I37/SUM($H37:$J37) -> 0 | V37: =J37/SUM($H37:$J37) -> 0 | W37: =K37/SUM($K37:$M37) -> 0.5 | X37: =L37/SUM($K37:$M37) -> 0.5 | Y37: =M37/SUM($K37:$M37) -> 0
P38: =D38 -> 2 Secundaria | Q38: =E38/SUM($E38:$G38) -> 1 | R38: =F38/SUM($E38:$G38) -> 0 | S38: =G38/SUM($E38:$G38) -> 0 | T38: =H38/SUM($H38:$J38) -> 0.88888889 | U38: =I38/SUM($H38:$J38) -> 0.11111111 | V38: =J38/SUM($H38:$J38) -> 0 | W38: =K38/SUM($K38:$M38) -> 1 | X38: =L38/SUM($K38:$M38) -> 0 | Y38: =M38/SUM($K38:$M38) -> 0
P39: =D39 -> 4 Secundaria | Q39: =E39/SUM($E39:$G39) -> 0.8 | R39: =F39/SUM($E39:$G39) -> 0.2 | S39: =G39/SUM($E39:$G39) -> 0 | T39: =H39/SUM($H39:$J39) -> 1 | U39: =I39/SUM($H39:$J39) -> 0 | V39: =J39/SUM($H39:$J39) -> 0 | W39: =K39/SUM($K39:$M39) -> 1 | X39: =L39/SUM($K39:$M39) -> 0 | Y39: =M39/SUM($K39:$M39) -> 0
O40: =B40 -> 60133 | P40: =D40 -> 2 Primaria | Q40: =E40/SUM($E40:$G40) -> 0.38461538 | R40: =F40/SUM($E40:$G40) -> 0.61538462 | S40: =G40/SUM($E40:$G40) -> 0 | T40: =H40/SUM($H40:$J40) -> 0.57894737 | U40: =I40/SUM($H40:$J40) -> 0.42105263 | V40: =J40/SUM($H40:$J40) -> 0 | W40: =K40/SUM($K40:$M40) -> 0.5 | X40: =L40/SUM($K40:$M40) -> 0.5 | Y40: =M40/SUM($K40:$M40) -> 0
P41: =D41 -> 4 Primaria | Q41: =E41/SUM($E41:$G41) -> 0.74193548 | R41: =F41/SUM($E41:$G41) -> 0.25806452 | S41: =G41/SUM($E41:$G41) -> 0 | T41: =H41/SUM($H41:$J41) -> 0.88888889 | U41: =I41/SUM($H41:$J41) -> 0.11111111 | V41: =J41/SUM($H41:$J41) -> 0 | W41: =K41/SUM($K41:$M41) -> 0.41666667 | X41: =L41/SUM($K41:$M41) -> 0.58333333 | Y41: =M41/SUM($K41:$M41) -> 0
P42: =D42 -> 6 Primaria | Q42: =E42/SUM($E42:$G42) -> 1 | R42: =F42/SUM($E42:$G42) -> 0 | S42: =G42/SUM($E42:$G42) -> 0 | T42: =H42/SUM($H42:$J42) -> 0.77419355 | U42: =I42/SUM($H42:$J42) -> 0.22580645 | V42: =J42/SUM($H42:$J42) -> 0 | W42: =K42/SUM($K42:$M42) -> 1 | X42: =L42/SUM($K42:$M42) -> 0 | Y42: =M42/SUM($K42:$M42) -> 0
P43: =D43 -> 2 Secundaria | Q43: =E43/SUM($E43:$G43) -> 1 | R43: =F43/SUM($E43:$G43) -> 0 | S43: =G43/SUM($E43:$G43) -> 0 | T43: =H43/SUM($H43:$J43) -> 0.41666667 | U43: =I43/SUM($H43:$J43) -> 0.58333333 | V43: =J43/SUM($H43:$J43) -> 0 | W43: =K43/SUM($K43:$M43) -> 0.89655172 | X43: =L43/SUM($K43:$M43) -> 0.10344828 | Y43: =M43/SUM($K43:$M43) -> 0
P44: =D44 -> 4 Secundaria | Q44: =E44/SUM($E44:$G44) -> 1 | R44: =F44/SUM($E44:$G44) -> 0 | S44: =G44/SUM($E44:$G44) -> 0 | T44: =H44/SUM($H44:$J44) -> 0.94117647 | U44: =I44/SUM($H44:$J44) -> 0.058823529 | V44: =J44/SUM($H44:$J44) -> 0 | W44: =K44/SUM($K44:$M44) -> 1 | X44: =L44/SUM($K44:$M44) -> 0 | Y44: =M44/SUM($K44:$M44) -> 0
O45: =B45 -> 601331 | P45: =D45 -> 2 Primaria | Q45: =E45/SUM($E45:$G45) -> 1 | R45: =F45/SUM($E45:$G45) -> 0 | S45: =G45/SUM($E45:$G45) -> 0 | T45: =H45/SUM($H45:$J45) -> 0.90909091 | U45: =I45/SUM($H45:$J45) -> 0.090909091 | V45: =J45/SUM($H45:$J45) -> 0 | W45: =K45/SUM($K45:$M45) -> 0.77777778 | X45: =L45/SUM($K45:$M45) -> 0.22222222 | Y45: =M45/SUM($K45:$M45) -> 0
P46: =D46 -> 4 Primaria | Q46: =E46/SUM($E46:$G46) -> 0.55 | R46: =F46/SUM($E46:$G46) -> 0.45 | S46: =G46/SUM($E46:$G46) -> 0 | T46: =H46/SUM($H46:$J46) -> 0.69230769 | U46: =I46/SUM($H46:$J46) -> 0.30769231 | V46: =J46/SUM($H46:$J46) -> 0 | W46: =K46/SUM($K46:$M46) -> 0.28571429 | X46: =L46/SUM($K46:$M46) -> 0.71428571 | Y46: =M46/SUM($K46:$M46) -> 0
P47: =D47 -> 6 Primaria | Q47: =E47/SUM($E47:$G47) -> 1 | R47: =F47/SUM($E47:$G47) -> 0 | S47: =G47/SUM($E47:$G47) -> 0 | T47: =H47/SUM($H47:$J47) -> 0.94444444 | U47: =I47/SUM($H47:$J47) -> 0.055555556 | V47: =J47/SUM($H47:$J47) -> 0 | W47: =K47/SUM($K47:$M47) -> 0.33333333 | X47: =L47/SUM($K47:$M47) -> 0.66666667 | Y47: =M47/SUM($K47:$M47) -> 0
P48: =D48 -> 2 Secundaria | Q48: =E48/SUM($E48:$G48) -> 1 | R48: =F48/SUM($E48:$G48) -> 0 | S48: =G48/SUM($E48:$G48) -> 0 | T48: =H48/SUM($H48:$J48) -> 0.94444444 | U48: =I48/SUM($H48:$J48) -> 0.055555556 | V48: =J48/SUM($H48:$J48) -> 0 | W48: =K48/SUM($K48:$M48) -> 0.83333333 | X48: =L48/SUM($K48:$M48) -> 0.16666667 | Y48: =M48/SUM($K48:$M48) -> 0
P49: =D49 -> 4 Secundaria | Q49: =E49/SUM($E49:$G49) -> 1 | R49: =F49/SUM($E49:$G49) -> 0 | S49: =G49/SUM($E49:$G49) -> 0 | T49: =H49/SUM($H49:$J49) -> 1 | U49: =I49/SUM($H49:$J49) -> 0 | V49: =J49/SUM($H49:$J49) -> 0 | W49: =K49/SUM($K49:$M49) -> 1 | X49: =L49/SUM($K49:$M49) -> 0 | Y49: =M49/SUM($K49:$M49) -> 0
O50: =B50 -> 601448 | P50: =D50 -> 2 Primaria | Q50: =E50/SUM($E50:$G50) -> 1 | R50: =F50/SUM($E50:$G50) -> 0 | S50: =G50/SUM($E50:$G50) -> 0 | T50: =H50/SUM($H50:$J50) -> 0.875 | U50: =I50/SUM($H50:$J50) -> 0.125 | V50: =J50/SUM($H50:$J50) -> 0 | W50: =K50/SUM($K50:$M50) -> 0.33333333 | X50: =L50/SUM($K50:$M50) -> 0.66666667 | Y50: =M50/SUM($K50:$M50) -> 0
P51: =D51 -> 4 Primaria | Q51: =E51/SUM($E51:$G51) -> 0.9 | R51: =F51/SUM($E51:$G51) -> 0.1 | S51: =G51/SUM($E51:$G51) -> 0 | T51: =H51/SUM($H51:$J51) -> 0.28571429 | U51: =I51/SUM($H51:$J51) -> 0.71428571 | V51: =J51/SUM($H51:$J51) -> 0 | W51: =K51/SUM($K51:$M51) -> 0.5 | X51: =L51/SUM($K51:$M51) -> 0.5 | Y51: =M51/SUM($K51:$M51) -> 0
P52: =D52 -> 6 Primaria | Q52: =E52/SUM($E52:$G52) -> 0.85714286 | R52: =F52/SUM($E52:$G52) -> 0.14285714 | S52: =G52/SUM($E52:$G52) -> 0 | T52: =H52/SUM($H52:$J52) -> 1 | U52: =I52/SUM($H52:$J52) -> 0 | V52: =J52/SUM($H52:$J52) -> 0 | W52: =K52/SUM($K52:$M52) -> 0 | X52: =L52/SUM($K52:$M52) -> 1 | Y52: =M52/SUM($K52:$M52) -> 0
O53: =B53 -> EL MILAGRO | P53: =D53 -> 2 Secundaria | Q53: =E53/SUM($E53:$G53) -> 1 | R53: =F53/SUM($E53:$G53) -> 0 | S53: =G53/SUM($E53:$G53) -> 0 | T53: =H53/SUM($H53:$J53) -> 0.95 | U53: =I53/SUM($H53:$J53) -> 0.05 | V53: =J53/SUM($H53:$J53) -> 0 | W53: =K53/SUM($K53:$M53) -> 0.80769231 | X53: =L53/SUM($K53:$M53) -> 0.19230769 | Y53: =M53/SUM($K53:$M53) -> 0
P54: =D54 -> 4 Secundaria | Q54: =E54/SUM($E54:$G54) -> 1 | R54: =F54/SUM($E54:$G54) -> 0 | S54: =G54/SUM($E54:$G54) -> 0 | T54: =H54/SUM($H54:$J54) -> 1 | U54: =I54/SUM($H54:$J54) -> 0 | V54: =J54/SUM($H54:$J54) -> 0 | W54: =K54/SUM($K54:$M54) -> 0.95833333 | X54: =L54/SUM($K54:$M54) -> 0.041666667 | Y54: =M54/SUM($K54:$M54) -> 0
P55: =D55 | Q55: =E55/SUM($E55:$G55) -> 0.91071429 | R55: =F55/SUM($E55:$G55) -> 0.089285714 | S55: =G55/SUM($E55:$G55) -> 0 | T55: =H55/SUM($H55:$J55) -> 0.83974359 | U55: =I55/SUM($H55:$J55) -> 0.16025641 | V55: =J55/SUM($H55:$J55) -> 0 | W55: =K55/SUM($K55:$M55) -> 0.78139535 | X55: =L55/SUM($K55:$M55) -> 0.21860465 | Y55: =M55/SUM($K55:$M55) -> 0
O56: 14144 SANTA ROSA | P56: =D56 -> 2 Primaria | Q56: =E56/SUM($E56:$G56) -> 0.83783784 | R56: =F56/SUM($E56:$G56) -> 0.16216216 | S56: =G56/SUM($E56:$G56) -> 0 | T56: =H56/SUM($H56:$J56) -> 0.1875 | U56: =I56/SUM($H56:$J56) -> 0.78125 | V56: =J56/SUM($H56:$J56) -> 0.03125 | W56: =K56/SUM($K56:$M56) -> 0.12 | X56: =L56/SUM($K56:$M56) -> 0.88 | Y56: =M56/SUM($K56:$M56) -> 0
P57: =D57 -> 4 Primaria | Q57: =E57/SUM($E57:$G57) -> 0.87755102 | R57: =F57/SUM($E57:$G57) -> 0.12244898 | S57: =G57/SUM($E57:$G57) -> 0 | T57: =H57/SUM($H57:$J57) -> 0.35955056 | U57: =I57/SUM($H57:$J57) -> 0.64044944 | V57: =J57/SUM($H57:$J57) -> 0 | W57: =K57/SUM($K57:$M57) -> 0.25 | X57: =L57/SUM($K57:$M57) -> 0.75 | Y57: =M57/SUM($K57:$M57) -> 0
P58: =D58 -> 6 Primaria | Q58: =E58/SUM($E58:$G58) -> 1 | R58: =F58/SUM($E58:$G58) -> 0 | S58: =G58/SUM($E58:$G58) -> 0 | T58: =H58/SUM($H58:$J58) -> 0.84 | U58: =I58/SUM($H58:$J58) -> 0.16 | V58: =J58/SUM($H58:$J58) -> 0 | W58: =K58/SUM($K58:$M58) -> 0.66666667 | X58: =L58/SUM($K58:$M58) -> 0.33333333 | Y58: =M58/SUM($K58:$M58) -> 0
O59: 14145 SANTA JULIA BILLIART | P59: =D59 -> 2 Primaria | Q59: =E59/SUM($E59:$G59) -> 0.73913043 | R59: =F59/SUM($E59:$G59) -> 0.26086957 | S59: =G59/SUM($E59:$G59) -> 0 | T59: =H59/SUM($H59:$J59) -> 0.43243243 | U59: =I59/SUM($H59:$J59) -> 0.54054054 | V59: =J59/SUM($H59:$J59) -> 0.027027027 | W59: =K59/SUM($K59:$M59) -> 0.4 | X59: =L59/SUM($K59:$M59) -> 0.6 | Y59: =M59/SUM($K59:$M59) -> 0
P60: =D60 -> 4 Primaria | Q60: =E60/SUM($E60:$G60) -> 0.66666667 | R60: =F60/SUM($E60:$G60) -> 0.33333333 | S60: =G60/SUM($E60:$G60) -> 0 | T60: =H60/SUM($H60:$J60) -> 0.53333333 | U60: =I60/SUM($H60:$J60) -> 0.46666667 | V60: =J60/SUM($H60:$J60) -> 0 | W60: =K60/SUM($K60:$M60) -> 0 | X60: =L60/SUM($K60:$M60) -> 1 | Y60: =M60/SUM($K60:$M60) -> 0
P61: =D61 -> 6 Primaria | Q61: =E61/SUM($E61:$G61) -> 1 | R61: =F61/SUM($E61:$G61) -> 0 | S61: =G61/SUM($E61:$G61) -> 0 | T61: =H61/SUM($H61:$J61) -> 0.625 | U61: =I61/SUM($H61:$J61) -> 0.375 | V61: =J61/SUM($H61:$J61) -> 0 | W61: =K61/SUM($K61:$M61) -> 0.2 | X61: =L61/SUM($K61:$M61) -> 0.8 | Y61: =M61/SUM($K61:$M61) -> 0
O62: SAGRADO CORAZON DE JESUS | P62: =D62 -> 2 Primaria | Q62: =E62/SUM($E62:$G62) -> 0.78571429 | R62: =F62/SUM($E62:$G62) -> 0.21428571 | S62: =G62/SUM($E62:$G62) -> 0 | T62: =H62/SUM($H62:$J62) -> 0 | U62: =I62/SUM($H62:$J62) -> 1 | V62: =J62/SUM($H62:$J62) -> 0 | W62: =K62/SUM($K62:$M62) -> 0 | X62: =L62/SUM($K62:$M62) -> 1 | Y62: =M62/SUM($K62:$M62) -> 0
P63: =D63 -> 4 Primaria | Q63: =E63/SUM($E63:$G63) -> 0.78947368 | R63: =F63/SUM($E63:$G63) -> 0.21052632 | S63: =G63/SUM($E63:$G63) -> 0 | T63: =H63/SUM($H63:$J63) -> 0.2 | U63: =I63/SUM($H63:$J63) -> 0.75 | V63: =J63/SUM($H63:$J63) -> 0.05 | W63: =K63/SUM($K63:$M63) -> 0 | X63: =L63/SUM($K63:$M63) -> 1 | Y63: =M63/SUM($K63:$M63) -> 0
P64: =D64 -> 6 Primaria | Q64: =E64/SUM($E64:$G64) -> 0.9375 | R64: =F64/SUM($E64:$G64) -> 0.0625 | S64: =G64/SUM($E64:$G64) -> 0 | T64: =H64/SUM($H64:$J64) -> 0.33333333 | U64: =I64/SUM($H64:$J64) -> 0.66666667 | V64: =J64/SUM($H64:$J64) -> 0 | W64: =K64/SUM($K64:$M64) -> 0.55555556 | X64: =L64/SUM($K64:$M64) -> 0.44444444 | Y64: =M64/SUM($K64:$M64) -> 0
P65: =D65 | Q65: =E65/SUM($E65:$G65) -> 0.86693548 | R65: =F65/SUM($E65:$G65) -> 0.13306452 | S65: =G65/SUM($E65:$G65) -> 0 | T65: =H65/SUM($H65:$J65) -> 0.3853211 | U65: =I65/SUM($H65:$J65) -> 0.60244648 | V65: =J65/SUM($H65:$J65) -> 0.012232416 | W65: =K65/SUM($K65:$M65) -> 0.28688525 | X65: =L65/SUM($K65:$M65) -> 0.71311475 | Y65: =M65/SUM($K65:$M65) -> 0
O66: 86548 JOSE MARIA VELAZ | P66: =D66 -> 6 Primaria | Q66: =E66/SUM($E66:$G66) -> 1 | R66: =F66/SUM($E66:$G66) -> 0 | S66: =G66/SUM($E66:$G66) -> 0 | T66: =H66/SUM($H66:$J66) -> 0.125 | U66: =I66/SUM($H66:$J66) -> 0.875 | V66: =J66/SUM($H66:$J66) -> 0 | W66: =K66/SUM($K66:$M66) -> 0.5 | X66: =L66/SUM($K66:$M66) -> 0.5 | Y66: =M66/SUM($K66:$M66) -> 0
O67: 86809 | P67: =D67 -> 2 Primaria | Q67: =E67/SUM($E67:$G67) -> 1 | R67: =F67/SUM($E67:$G67) -> 0 | S67: =G67/SUM($E67:$G67) -> 0 | T67: =H67/SUM($H67:$J67) -> 0 | U67: =I67/SUM($H67:$J67) -> 1 | V67: =J67/SUM($H67:$J67) -> 0 | W67: =K67/SUM($K67:$M67) -> 0 | X67: =L67/SUM($K67:$M67) -> 1 | Y67: =M67/SUM($K67:$M67) -> 0
P68: =D68 -> 4 Primaria | Q68: =E68/SUM($E68:$G68) -> 0.5 | R68: =F68/SUM($E68:$G68) -> 0.5 | S68: =G68/SUM($E68:$G68) -> 0 | T68: =H68/SUM($H68:$J68) -> 0 | U68: =I68/SUM($H68:$J68) -> 1 | V68: =J68/SUM($H68:$J68) -> 0 | W68: =K68/SUM($K68:$M68) -> 0 | X68: =L68/SUM($K68:$M68) -> 1 | Y68: =M68/SUM($K68:$M68) -> 0
P69: =D69 -> 6 Primaria | Q69: =E69/SUM($E69:$G69) -> 1 | R69: =F69/SUM($E69:$G69) -> 0 | S69: =G69/SUM($E69:$G69) -> 0 | T69: =H69/SUM($H69:$J69) -> 0 | U69: =I69/SUM($H69:$J69) -> 1 | V69: =J69/SUM($H69:$J69) -> 0 | W69: =K69/SUM($K69:$M69) -> 0.5 | X69: =L69/SUM($K69:$M69) -> 0.5 | Y69: =M69/SUM($K69:$M69) -> 0
O70: =B70 | P70: =D70 | Q70: =E70/SUM($E70:$G70) -> 0.95833333 | R70: =F70/SUM($E70:$G70) -> 0.041666667 | S70: =G70/SUM($E70:$G70) -> 0 | T70: =H70/SUM($H70:$J70) -> 0.058823529 | U70: =I70/SUM($H70:$J70) -> 0.94117647 | V70: =J70/SUM($H70:$J70) -> 0 | W70: =K70/SUM($K70:$M70) -> 0.36842105 | X70: =L70/SUM($K70:$M70) -> 0.63157895 | Y70: =M70/SUM($K70:$M70) -> 0
O71: 64028 | P71: =D71 -> 2 Primaria | Q71: =E71/SUM($E71:$G71) -> 0.88888889 | R71: =F71/SUM($E71:$G71) -> 0.11111111 | S71: =G71/SUM($E71:$G71) -> 0 | T71: =H71/SUM($H71:$J71) -> 0.6 | U71: =I71/SUM($H71:$J71) -> 0.4 | V71: =J71/SUM($H71:$J71) -> 0 | W71: =K71/SUM($K71:$M71) -> 0 | X71: =L71/SUM($K71:$M71) -> 1 | Y71: =M71/SUM($K71:$M71) -> 0
P72: =D72 -> 4 Primaria | Q72: =E72/SUM($E72:$G72) -> 0.66666667 | R72: =F72/SUM($E72:$G72) -> 0.33333333 | S72: =G72/SUM($E72:$G72) -> 0 | T72: =H72/SUM($H72:$J72) -> 0 | U72: =I72/SUM($H72:$J72) -> 1 | V72: =J72/SUM($H72:$J72) -> 0 | W72: =K72/SUM($K72:$M72) -> 0 | X72: =L72/SUM($K72:$M72) -> 0.75 | Y72: =M72/SUM($K72:$M72) -> 0.25
O73: 64346 | P73: =D73 -> 2 Primaria | Q73: =E73/SUM($E73:$G73) -> 1 | R73: =F73/SUM($E73:$G73) -> 0 | S73: =G73/SUM($E73:$G73) -> 0 | T73: =H73/SUM($H73:$J73) -> 1 | U73: =I73/SUM($H73:$J73) -> 0 | V73: =J73/SUM($H73:$J73) -> 0 | W73: =K73/SUM($K73:$M73) -> 0 | X73: =L73/SUM($K73:$M73) -> 1 | Y73: =M73/SUM($K73:$M73) -> 0
P74: =D74 -> 6 Primaria | Q74: =E74/SUM($E74:$G74) -> 1 | R74: =F74/SUM($E74:$G74) -> 0 | S74: =G74/SUM($E74:$G74) -> 0 | T74: =H74/SUM($H74:$J74) -> 1 | U74: =I74/SUM($H74:$J74) -> 0 | V74: =J74/SUM($H74:$J74) -> 0 | W74: =K74/SUM($K74:$M74) -> 0 | X74: =L74/SUM($K74:$M74) -> 1 | Y74: =M74/SUM($K74:$M74) -> 0
O75: =A75 -> Total 72. Ucayali | P75: =D75 | Q75: =E75/SUM($E75:$G75) -> 0.77777778 | R75: =F75/SUM($E75:$G75) -> 0.22222222 | S75: =G75/SUM($E75:$G75) -> 0 | T75: =H75/SUM($H75:$J75) -> 0.57692308 | U75: =I75/SUM($H75:$J75) -> 0.42307692 | V75: =J75/SUM($H75:$J75) -> 0 | W75: =K75/SUM($K75:$M75) -> 0 | X75: =L75/SUM($K75:$M75) -> 0.88888889 | Y75: =M75/SUM($K75:$M75) -> 0.11111111

Sheet 2022,24
N2: IE | O2: GRADO | P2: =D2 | S2: =G2
P3: Inicio | Q3: Proceso | R3: Satisfactorio | S3: Inicio | T3: Proceso | U3: Satisfactorio
N4: =B4 -> 501344 | O4: =D4 -> 4 Primaria | P4: =E4/SUM($E4:$G4) -> 0 | Q4: =F4/SUM($E4:$G4) -> 1 | R4: =G4/SUM($E4:$G4) -> 0 | S4: =H4/SUM($H4:$J4) -> 0.5 | T4: =I4/SUM($H4:$J4) -> 0.5 | U4: =J4/SUM($H4:$J4) -> 0
O5: =D5 -> 6 Primaria | P5: =E5/SUM($E5:$G5) -> 0 | Q5: =F5/SUM($E5:$G5) -> 1 | R5: =G5/SUM($E5:$G5) -> 0 | S5: =H5/SUM($H5:$J5) -> 0 | T5: =I5/SUM($H5:$J5) -> 0 | U5: =J5/SUM($H5:$J5) -> 1
N6: =B6 -> 501432 PAPA FRANCISCO I | O6: =D6 -> 2 Secundaria | P6: =E6/SUM($E6:$G6) -> 1 | Q6: =F6/SUM($E6:$G6) -> 0 | R6: =G6/SUM($E6:$G6) -> 0 | S6: =H6/SUM($H6:$J6) -> 1 | T6: =I6/SUM($H6:$J6) -> 0 | U6: =J6/SUM($H6:$J6) -> 0
N7: =B7 -> 50552 TUPAC AMARU II | O7: =D7 -> 2 Primaria | P7: =E7/SUM($E7:$G7) -> 0.57 | Q7: =F7/SUM($E7:$G7) -> 0.43 | R7: =G7/SUM($E7:$G7) -> 0 | S7: =H7/SUM($H7:$J7) -> 0.5 | T7: =I7/SUM($H7:$J7) -> 0.5 | U7: =J7/SUM($H7:$J7) -> 0
O8: =D8 -> 4 Primaria | P8: =E8/SUM($E8:$G8) -> 0.73 | Q8: =F8/SUM($E8:$G8) -> 0.27 | R8: =G8/SUM($E8:$G8) -> 0 | S8: =H8/SUM($H8:$J8) -> 0.375 | T8: =I8/SUM($H8:$J8) -> 0.375 | U8: =J8/SUM($H8:$J8) -> 0.25
O9: =D9 -> 6 Primaria | P9: =E9/SUM($E9:$G9) -> 0.91 | Q9: =F9/SUM($E9:$G9) -> 0.09 | R9: =G9/SUM($E9:$G9) -> 0 | S9: =H9/SUM($H9:$J9) -> 0.2 | T9: =I9/SUM($H9:$J9) -> 0.6 | U9: =J9/SUM($H9:$J9) -> 0.2
N10: =B10 -> 50558 | O10: =D10 -> 4 Primaria | P10: =E10/SUM($E10:$G10) -> 1 | Q10: =F10/SUM($E10:$G10) -> 0 | R10: =G10/SUM($E10:$G10) -> 0 | S10: =H10/SUM($H10:$J10) -> 0 | T10: =I10/SUM($H10:$J10) -> 1 | U10: =J10/SUM($H10:$J10) -> 0
O11: =D11 -> 6 Primaria | P11: =E11/SUM($E11:$G11) -> 1 | Q11: =F11/SUM($E11:$G11) -> 0 | R11: =G11/SUM($E11:$G11) -> 0 | S11: =H11/SUM($H11:$J11) -> 0.25 | T11: =I11/SUM($H11:$J11) -> 0.25 | U11: =J11/SUM($H11:$J11) -> 0.5
N12: =B12 -> 50719 VIRGEN DEL CARMEN | O12: =D12 -> 2 Primaria | P12: =E12/SUM($E12:$G12) -> 1 | Q12: =F12/SUM($E12:$G12) -> 0 | R12: =G12/SUM($E12:$G12) -> 0 | S12: =H12/SUM($H12:$J12) -> 0.21428571 | T12: =I12/SUM($H12:$J12) -> 0.35714286 | U12: =J12/SUM($H12:$J12) -> 0.42857143
O13: =D13 -> 4 Primaria | P13: =E13/SUM($E13:$G13) -> 0.97 | Q13: =F13/SUM($E13:$G13) -> 0.03 | R13: =G13/SUM($E13:$G13) -> 0 | S13: =H13/SUM($H13:$J13) -> 0.58823529 | T13: =I13/SUM($H13:$J13) -> 0.23529412 | U13: =J13/SUM($H13:$J13) -> 0.17647059
O14: =D14 -> 6 Primaria | P14: =E14/SUM($E14:$G14) -> 0.73 | Q14: =F14/SUM($E14:$G14) -> 0.21 | R14: =G14/SUM($E14:$G14) -> 0.06 | S14: =H14/SUM($H14:$J14) -> 0.14285714 | T14: =I14/SUM($H14:$J14) -> 0.5 | U14: =J14/SUM($H14:$J14) -> 0.35714286
N15: =B15 -> 50854 | O15: =D15 -> 4 Primaria | P15: =E15/SUM($E15:$G15) -> 1 | Q15: =F15/SUM($E15:$G15) -> 0 | R15: =G15/SUM($E15:$G15) -> 0 | S15: =H15/SUM($H15:$J15) -> 0 | T15: =I15/SUM($H15:$J15) -> 1 | U15: =J15/SUM($H15:$J15) -> 0
O16: =D16 -> 6 Primaria | P16: =E16/SUM($E16:$G16) -> 1 | Q16: =F16/SUM($E16:$G16) -> 0 | R16: =G16/SUM($E16:$G16) -> 0 | S16: =H16/SUM($H16:$J16) -> 0 | T16: =I16/SUM($H16:$J16) -> 0 | U16: =J16/SUM($H16:$J16) -> 1
N17: =B17 | O17: =D17 | P17: =E17/SUM($E17:$G17) -> 0.78149606 | Q17: =F17/SUM($E17:$G17) -> 0.20669291 | R17: =G17/SUM($E17:$G17) -> 0.011811024 | S17: =H17/SUM($H17:$J17) -> 0.44444444 | T17: =I17/SUM($H17:$J17) -> 0.32222222 | U17: =J17/SUM($H17:$J17) -> 0.23333333
N18: =B18 -> 14894 | O18: =D18 -> 2 Primaria | P18: =E18/SUM($E18:$G18) -> 1 | Q18: =F18/SUM($E18:$G18) -> 0 | R18: =G18/SUM($E18:$G18) -> 0 | S18: =H18/SUM($H18:$J18) -> 0 | T18: =I18/SUM($H18:$J18) -> 1 | U18: =J18/SUM($H18:$J18) -> 0
O19: =D19 -> 4 Primaria | P19: =E19/SUM($E19:$G19) -> 1 | Q19: =F19/SUM($E19:$G19) -> 0 | R19: =G19/SUM($E19:$G19) -> 0 | S19: =H19/SUM($H19:$J19) -> 0 | T19: =I19/SUM($H19:$J19) -> 1 | U19: =J19/SUM($H19:$J19) -> 0
N20: =B20 | O20: =D20 | P20: =E20/SUM($E20:$G20) -> 1 | Q20: =F20/SUM($E20:$G20) -> 0 | R20: =G20/SUM($E20:$G20) -> 0 | S20: =H20/SUM($H20:$J20) -> 0 | T20: =I20/SUM($H20:$J20) -> 1 | U20: =J20/SUM($H20:$J20) -> 0
N21: =B21 -> 86548 JOSE MARIA VELAZ | O21: =D21 -> 2 Primaria | P21: =E21/SUM($E21:$G21) -> 1 | Q21: =F21/SUM($E21:$G21) -> 0 | R21: =G21/SUM($E21:$G21) -> 0 | S21: =H21/SUM($H21:$J21) -> 0.25 | T21: =I21/SUM($H21:$J21) -> 0.75 | U21: =J21/SUM($H21:$J21) -> 0
O22: =D22 -> 2 Secundaria | P22: =E22/SUM($E22:$G22) -> 1 | Q22: =F22/SUM($E22:$G22) -> 0 | R22: =G22/SUM($E22:$G22) -> 0 | S22: =H22/SUM($H22:$J22) -> 0.95 | T22: =I22/SUM($H22:$J22) -> 0.05 | U22: =J22/SUM($H22:$J22) -> 0
O23: =D23 -> 4 Secundaria | P23: =E23/SUM($E23:$G23) -> 1 | Q23: =F23/SUM($E23:$G23) -> 0 | R23: =G23/SUM($E23:$G23) -> 0 | S23: =H23/SUM($H23:$J23) -> 0.9047619 | T23: =I23/SUM($H23:$J23) -> 0.095238095 | U23: =J23/SUM($H23:$J23) -> 0
N24: =B24 -> 86769 ABRAHAM VALDELOMAR | O24: =D24 -> 2 Primaria | P24: =E24/SUM($E24:$G24) -> 1 | Q24: =F24/SUM($E24:$G24) -> 0 | R24: =G24/SUM($E24:$G24) -> 0 | S24: =H24/SUM($H24:$J24) -> 0.57142857 | T24: =I24/SUM($H24:$J24) -> 0.42857143 | U24: =J24/SUM($H24:$J24) -> 0
O25: =D25 -> 4 Primaria | P25: =E25/SUM($E25:$G25) -> 0.4 | Q25: =F25/SUM($E25:$G25) -> 0.6 | R25: =G25/SUM($E25:$G25) -> 0 | S25: =H25/SUM($H25:$J25) -> 0.4 | T25: =I25/SUM($H25:$J25) -> 0.6 | U25: =J25/SUM($H25:$J25) -> 0
O26: =D26 -> 6 Primaria | P26: =E26/SUM($E26:$G26) -> 1 | Q26: =F26/SUM($E26:$G26) -> 0 | R26: =G26/SUM($E26:$G26) -> 0 | S26: =H26/SUM($H26:$J26) -> 0.2 | T26: =I26/SUM($H26:$J26) -> 0.8 | U26: =J26/SUM($H26:$J26) -> 0
O27: =D27 -> 2 Secundaria | P27: =E27/SUM($E27:$G27) -> 1 | Q27: =F27/SUM($E27:$G27) -> 0 | R27: =G27/SUM($E27:$G27) -> 0 | S27: =H27/SUM($H27:$J27) -> 1 | T27: =I27/SUM($H27:$J27) -> 0 | U27: =J27/SUM($H27:$J27) -> 0
O28: =D28 -> 4 Secundaria | P28: =E28/SUM($E28:$G28) -> 1 | Q28: =F28/SUM($E28:$G28) -> 0 | R28: =G28/SUM($E28:$G28) -> 0 | S28: =H28/SUM($H28:$J28) -> 1 | T28: =I28/SUM($H28:$J28) -> 0 | U28: =J28/SUM($H28:$J28) -> 0
N29: =B29 -> 88327 | O29: =D29 -> 2 Primaria | P29: =E29/SUM($E29:$G29) -> 1 | Q29: =F29/SUM($E29:$G29) -> 0 | R29: =G29/SUM($E29:$G29) -> 0 | S29: =H29/SUM($H29:$J29) -> 0.4 | T29: =I29/SUM($H29:$J29) -> 0.6 | U29: =J29/SUM($H29:$J29) -> 0
O30: =D30 -> 4 Primaria | P30: =E30/SUM($E30:$G30) -> 1 | Q30: =F30/SUM($E30:$G30) -> 0 | R30: =G30/SUM($E30:$G30) -> 0 | S30: =H30/SUM($H30:$J30) -> 0.28571429 | T30: =I30/SUM($H30:$J30) -> 0.71428571 | U30: =J30/SUM($H30:$J30) -> 0
O31: =D31 -> 6 Primaria | P31: =E31/SUM($E31:$G31) -> 1 | Q31: =F31/SUM($E31:$G31) -> 0 | R31: =G31/SUM($E31:$G31) -> 0 | S31: =H31/SUM($H31:$J31) -> 0 | T31: =I31/SUM($H31:$J31) -> 1 | U31: =J31/SUM($H31:$J31) -> 0
N32: =B32 | O32: =D32 | P32: =E32/SUM($E32:$G32) -> 0.96938776 | Q32: =F32/SUM($E32:$G32) -> 0.030612245 | R32: =G32/SUM($E32:$G32) -> 0 | S32: =H32/SUM($H32:$J32) -> 0.63265306 | T32: =I32/SUM($H32:$J32) -> 0.36734694 | U32: =J32/SUM($H32:$J32) -> 0
N33: =B33 -> 64028 | O33: =D33 -> 6 Primaria | P33: =E33/SUM($E33:$G33) -> 1 | Q33: =F33/SUM($E33:$G33) -> 0 | R33: =G33/SUM($E33:$G33) -> 0 | S33: =H33/SUM($H33:$J33) -> 0.5 | T33: =I33/SUM($H33:$J33) -> 0.5 | U33: =J33/SUM($H33:$J33) -> 0
O34: =D34 -> 4 Primaria | P34: =E34/SUM($E34:$G34) -> 0 | Q34: =F34/SUM($E34:$G34) -> 1 | R34: =G34/SUM($E34:$G34) -> 0 | S34: =H34/SUM($H34:$J34) -> 0 | T34: =I34/SUM($H34:$J34) -> 1 | U34: =J34/SUM($H34:$J34) -> 0
N35: =B35 | O35: =D35 -> 6 Primaria | P35: =E35/SUM($E35:$G35) -> 1 | Q35: =F35/SUM($E35:$G35) -> 0 | R35: =G35/SUM($E35:$G35) -> 0 | S35: =H35/SUM($H35:$J35) -> 1 | T35: =I35/SUM($H35:$J35) -> 0 | U35: =J35/SUM($H35:$J35) -> 0
O36: =D36 -> 2 Primaria | P36: =E36/SUM($E36:$G36) -> 0.5 | Q36: =F36/SUM($E36:$G36) -> 0.5 | R36: =G36/SUM($E36:$G36) -> 0 | S36: =H36/SUM($H36:$J36) -> 0 | T36: =I36/SUM($H36:$J36) -> 1 | U36: =J36/SUM($H36:$J36) -> 0
O37: =D37 -> 4 Primaria | P37: =E37/SUM($E37:$G37) -> 1 | Q37: =F37/SUM($E37:$G37) -> 0 | R37: =G37/SUM($E37:$G37) -> 0 | S37: =H37/SUM($H37:$J37) -> 0 | T37: =I37/SUM($H37:$J37) -> 0.5 | U37: =J37/SUM($H37:$J37) -> 0.5
N38: =B38 | O38: =D38 -> 6 Primaria | P38: =E38/SUM($E38:$G38) -> 1 | Q38: =F38/SUM($E38:$G38) -> 0 | R38: =G38/SUM($E38:$G38) -> 0 | S38: =H38/SUM($H38:$J38) -> 0 | T38: =I38/SUM($H38:$J38) -> 1 | U38: =J38/SUM($H38:$J38) -> 0
N39: =B39 -> 64346 | O39: =D39 -> 4 Primaria | P39: =E39/SUM($E39:$G39) -> 1 | Q39: =F39/SUM($E39:$G39) -> 0 | R39: =G39/SUM($E39:$G39) -> 0 | S39: =H39/SUM($H39:$J39) -> 0 | T39: =I39/SUM($H39:$J39) -> 1 | U39: =J39/SUM($H39:$J39) -> 0
O40: =D40 -> 4 Primaria | P40: =E40/SUM($E40:$G40) -> 1 | Q40: =F40/SUM($E40:$G40) -> 0 | R40: =G40/SUM($E40:$G40) -> 0 | S40: =H40/SUM($H40:$J40) -> 0 | T40: =I40/SUM($H40:$J40) -> 1 | U40: =J40/SUM($H40:$J40) -> 0
N41: =B41 | O41: =D41 -> 6 Primaria | P41: =E41/SUM($E41:$G41) -> 1 | Q41: =F41/SUM($E41:$G41) -> 0 | R41: =G41/SUM($E41:$G41) -> 0 | S41: =H41/SUM($H41:$J41) -> 0 | T41: =I41/SUM($H41:$J41) -> 1 | U41: =J41/SUM($H41:$J41) -> 0
O42: =D42 -> 4 Primaria | P42: =E42/SUM($E42:$G42) -> 1 | Q42: =F42/SUM($E42:$G42) -> 0 | R42: =G42/SUM($E42:$G42) -> 0 | S42: =H42/SUM($H42:$J42) -> 1 | T42: =I42/SUM($H42:$J42) -> 0 | U42: =J42/SUM($H42:$J42) -> 0
N43: =B43 | O43: =D43 -> 6 Primaria | P43: =E43/SUM($E43:$G43) -> 1 | Q43: =F43/SUM($E43:$G43) -> 0 | R43: =G43/SUM($E43:$G43) -> 0 | S43: =H43/SUM($H43:$J43) -> 0 | T43: =I43/SUM($H43:$J43) -> 1 | U43: =J43/SUM($H43:$J43) -> 0
N44: =B44 | O44: =D44 | P44: =E44/SUM($E44:$G44) -> 0.8974359 | Q44: =F44/SUM($E44:$G44) -> 0.1025641 | R44: =G44/SUM($E44:$G44) -> 0 | S44: =H44/SUM($H44:$J44) -> 0.29166667 | T44: =I44/SUM($H44:$J44) -> 0.66666667 | U44: =J44/SUM($H44:$J44) -> 0.041666667
O45: =D45 -> 1 Primaria | P45: =E45/SUM($E45:$G45) -> 1 | Q45: =F45/SUM($E45:$G45) -> 0 | R45: =G45/SUM($E45:$G45) -> 0 | S45: =H45/SUM($H45:$J45) -> 0.25 | T45: =I45/SUM($H45:$J45) -> 0.75 | U45: =J45/SUM($H45:$J45) -> 0
O46: =D46 -> 2 Primaria | P46: =E46/SUM($E46:$G46) -> 0.6 | Q46: =F46/SUM($E46:$G46) -> 0.4 | R46: =G46/SUM($E46:$G46) -> 0 | S46: =H46/SUM($H46:$J46) -> 0.25 | T46: =I46/SUM($H46:$J46) -> 0.75 | U46: =J46/SUM($H46:$J46) -> 0
O47: =D47 -> 4 Primaria | P47: =E47/SUM($E47:$G47) -> 0.66666667 | Q47: =F47/SUM($E47:$G47) -> 0.33333333 | R47: =G47/SUM($E47:$G47) -> 0 | S47: =H47/SUM($H47:$J47) -> 1 | T47: =I47/SUM($H47:$J47) -> 0 | U47: =J47/SUM($H47:$J47) -> 0
N48: =B48 | O48: =D48 -> 6 Primaria | P48: =E48/SUM($E48:$G48) -> 1 | Q48: =F48/SUM($E48:$G48) -> 0 | R48: =G48/SUM($E48:$G48) -> 0 | S48: =H48/SUM($H48:$J48) -> 1 | T48: =I48/SUM($H48:$J48) -> 0 | U48: =J48/SUM($H48:$J48) -> 0
N49: =B49 | O49: =D49 | P49: =E49/SUM($E49:$G49) -> 0.86956522 | Q49: =F49/SUM($E49:$G49) -> 0.13043478 | R49: =G49/SUM($E49:$G49) -> 0 | S49: =H49/SUM($H49:$J49) -> 0.5 | T49: =I49/SUM($H49:$J49) -> 0.5 | U49: =J49/SUM($H49:$J49) -> 0
N50: =B50
N51: =B51
N52: =B52
N53: =B53
N54: =B54
N55: =B55
N56: =B56
N57: =B57
N58: =B58
N59: =B59
N60: =B60
N61: =B61
... N72: =B72

Sheet 2023,24
N2: IE | O2: GRADO | P2: =D2 | S2: =G2
P3: Inicio | Q3: Proceso | R3: Satisfactorio | S3: Inicio | T3: Proceso | U3: Satisfactorio
N4: =IF(MID(A4,1,5)="Total",A4,B4) -> 50696 YANACANCHA | O4: =D4 -> 2 Primaria | P4: =E4/SUM($E4:$G4) -> 0.33333333 | Q4: =F4/SUM($E4:$G4) -> 0.66666667 | R4: =G4/SUM($E4:$G4) -> 0 | S4: =H4/SUM($H4:$J4) -> 0 | T4: =I4/SUM($H4:$J4) -> 1 | U4: =J4/SUM($H4:$J4) -> 0
N5: =IF(MID(A5,1,5)="Total",A5,B5) | O5: =D5 -> 4 Primaria | P5: =E5/SUM($E5:$G5) -> 0.66666667 | Q5: =F5/SUM($E5:$G5) -> 0.33333333 | R5: =G5/SUM($E5:$G5) -> 0 | S5: =H5/SUM($H5:$J5) -> 1 | T5: =I5/SUM($H5:$J5) -> 0 | U5: =J5/SUM($H5:$J5) -> 0
N6: =IF(MID(A6,1,5)="Total",A6,B6) | O6: =D6 -> 6 Primaria | P6: =E6/SUM($E6:$G6) -> 0.66666667 | Q6: =F6/SUM($E6:$G6) -> 0.33333333 | R6: =G6/SUM($E6:$G6) -> 0 | S6: =H6/SUM($H6:$J6) -> 1 | T6: =I6/SUM($H6:$J6) -> 0 | U6: =J6/SUM($H6:$J6) -> 0
N7: =IF(MID(A7,1,5)="Total",A7,B7) -> Total 44. Cusco | O7: =D7 | P7: =E7/SUM($E7:$G7) -> 0.58333333 | Q7: =F7/SUM($E7:$G7) -> 0.41666667 | R7: =G7/SUM($E7:$G7) -> 0 | S7: =H7/SUM($H7:$J7) -> 0.75 | T7: =I7/SUM($H7:$J7) -> 0.25 | U7: =J7/SUM($H7:$J7) -> 0
N8: =IF(MID(A8,1,5)="Total",A8,B8) -> 601514 | O8: =D8 -> 2 Primaria | P8: =E8/SUM($E8:$G8) -> 0.5 | Q8: =F8/SUM($E8:$G8) -> 0.5 | R8: =G8/SUM($E8:$G8) -> 0 | S8: =H8/SUM($H8:$J8) -> 0 | T8: =I8/SUM($H8:$J8) -> 1 | U8: =J8/SUM($H8:$J8) -> 0
N9: =IF(MID(A9,1,5)="Total",A9,B9) | O9: =D9 -> 4 Primaria | P9: =E9/SUM($E9:$G9) -> 0.5 | Q9: =F9/SUM($E9:$G9) -> 0.5 | R9: =G9/SUM($E9:$G9) -> 0 | S9: =H9/SUM($H9:$J9) -> 0 | T9: =I9/SUM($H9:$J9) -> 0 | U9: =J9/SUM($H9:$J9) -> 1
N10: =IF(MID(A10,1,5)="Total",A10,B10) | O10: =D10 -> 6 Primaria | P10: =E10/SUM($E10:$G10) -> 0.88888889 | Q10: =F10/SUM($E10:$G10) -> 0.11111111 | R10: =G10/SUM($E10:$G10) -> 0 | S10: =H10/SUM($H10:$J10) -> 0 | T10: =I10/SUM($H10:$J10) -> 1 | U10: =J10/SUM($H10:$J10) -> 0
N11: =IF(MID(A11,1,5)="Total",A11,B11) -> 601614 | O11: =D11 -> 4 Primaria | P11: =E11/SUM($E11:$G11) -> 0 | Q11: =F11/SUM($E11:$G11) -> 1 | R11: =G11/SUM($E11:$G11) -> 0 | S11: =H11/SUM($H11:$J11) -> 0 | T11: =I11/SUM($H11:$J11) -> 1 | U11: =J11/SUM($H11:$J11) -> 0
N12: =IF(MID(A12,1,5)="Total",A12,B12) -> Total 47. Loreto | O12: =D12 | P12: =E12/SUM($E12:$G12) -> 0.63636364 | Q12: =F12/SUM($E12:$G12) -> 0.36363636 | R12: =G12/SUM($E12:$G12) -> 0 | S12: =H12/SUM($H12:$J12) -> 0 | T12: =I12/SUM($H12:$J12) -> 0.8 | U12: =J12/SUM($H12:$J12) -> 0.2
N13: =IF(MID(A13,1,5)="Total",A13,B13) -> 14045 | O13: =D13 -> 2 Primaria | P13: =E13/SUM($E13:$G13) -> 0.83333333 | Q13: =F13/SUM($E13:$G13) -> 0.16666667 | R13: =G13/SUM($E13:$G13) -> 0 | S13: =H13/SUM($H13:$J13) -> 0 | T13: =I13/SUM($H13:$J13) -> 1 | U13: =J13/SUM($H13:$J13) -> 0
N14: =IF(MID(A14,1,5)="Total",A14,B14) | O14: =D14 -> 4 Primaria | P14: =E14/SUM($E14:$G14) -> 1 | Q14: =F14/SUM($E14:$G14) -> 0 | R14: =G14/SUM($E14:$G14) -> 0 | S14: =H14/SUM($H14:$J14) -> 0 | T14: =I14/SUM($H14:$J14) -> 1 | U14: =J14/SUM($H14:$J14) -> 0
N15: =IF(MID(A15,1,5)="Total",A15,B15) | O15: =D15 -> 6 Primaria | P15: =E15/SUM($E15:$G15) -> 0 | Q15: =F15/SUM($E15:$G15) -> 1 | R15: =G15/SUM($E15:$G15) -> 0 | S15: =H15/SUM($H15:$J15) -> 0 | T15: =I15/SUM($H15:$J15) -> 1 | U15: =J15/SUM($H15:$J15) -> 0
... N49: =IF(MID(A49,1,5)="Total",A49,B49) -> Total 79. Huancavelica | O49: =D49 | P49: =E49/SUM($E49:$G49) -> 0.56862745 | Q49: =F49/SUM($E49:$G49) -> 0.42156863 | R49: =G49/SUM($E49:$G49) -> 0.0098039216 | S49: =H49/SUM($H49:$J49) -> 0.76923077 | T49: =I49/SUM($H49:$J49) -> 0.23076923 | U49: =J49/SUM($H49:$J49) -> 0
N50: =B50
N51: =B51
N52: =B52
N53: =B53
N54: =B54
N55: =B55
N56: =B56
N57: =B57
N58: =B58
N59: =B59
N60: =B60
N61: =B61
... N72: =B72

Sheet SOLO 2024
I2: IE | J2: GRADO | K2: =D2
K3: Inicio | L3: Proceso | M3: Satisfactorio
I4: =B4 -> 501432 PAPA FRANCISCO I | J4: =D4 -> 4 Secundaria | K4: =E4/SUM($E4:$G4) -> 1 | L4: =F4/SUM($E4:$G4) -> 0 | M4: =G4/SUM($E4:$G4) -> 0
I5: =B5 -> 50854 | J5: =D5 -> 2 Primaria | K5: =E5/SUM($E5:$G5) -> 0 | L5: =F5/SUM($E5:$G5) -> 1 | M5: =G5/SUM($E5:$G5) -> 0
I6: =B6 | J6: =D6 | K6: =E6/SUM($E6:$G6) -> 0.96 | L6: =F6/SUM($E6:$G6) -> 0.04 | M6: =G6/SUM($E6:$G6) -> 0
I7: =B7 -> 6010102 | J7: =D7 -> 2 Primaria | K7: =E7/SUM($E7:$G7) -> 0.66666667 | L7: =F7/SUM($E7:$G7) -> 0.33333333 | M7: =G7/SUM($E7:$G7) -> 0
J8: =D8 -> 4 Primaria | K8: =E8/SUM($E8:$G8) -> 0 | L8: =F8/SUM($E8:$G8) -> 1 | M8: =G8/SUM($E8:$G8) -> 0
J9: =D9 -> 6 Primaria | K9: =E9/SUM($E9:$G9) -> 0.5 | L9: =F9/SUM($E9:$G9) -> 0.5 | M9: =G9/SUM($E9:$G9) -> 0
I10: =B10 -> 6010178 | J10: =D10 -> 2 Primaria | K10: =E10/SUM($E10:$G10) -> 0 | L10: =F10/SUM($E10:$G10) -> 0 | M10: =G10/SUM($E10:$G10) -> 1
J11: =D11 -> 6 Primaria | K11: =E11/SUM($E11:$G11) -> 1 | L11: =F11/SUM($E11:$G11) -> 0 | M11: =G11/SUM($E11:$G11) -> 0
I12: =B12 -> 6010231 | J12: =D12 -> 2 Primaria | K12: =E12/SUM($E12:$G12) -> 0.3 | L12: =F12/SUM($E12:$G12) -> 0.6 | M12: =G12/SUM($E12:$G12) -> 0.1
J13: =D13 -> 4 Primaria | K13: =E13/SUM($E13:$G13) -> 0.13333333 | L13: =F13/SUM($E13:$G13) -> 0.86666667 | M13: =G13/SUM($E13:$G13) -> 0
J14: =D14 -> 6 Primaria | K14: =E14/SUM($E14:$G14) -> 0.30769231 | L14: =F14/SUM($E14:$G14) -> 0.46153846 | M14: =G14/SUM($E14:$G14) -> 0.23076923
J15: =D15 -> 2 Secundaria | K15: =E15/SUM($E15:$G15) -> 0.43478261 | L15: =F15/SUM($E15:$G15) -> 0.56521739 | M15: =G15/SUM($E15:$G15) -> 0
J16: =D16 -> 4 Secundaria | K16: =E16/SUM($E16:$G16) -> 1 | L16: =F16/SUM($E16:$G16) -> 0 | M16: =G16/SUM($E16:$G16) -> 0
I17: =B17 -> 60136 | J17: =D17 -> 2 Primaria | K17: =E17/SUM($E17:$G17) -> 1 | L17: =F17/SUM($E17:$G17) -> 0 | M17: =G17/SUM($E17:$G17) -> 0
J18: =D18 -> 4 Primaria | K18: =E18/SUM($E18:$G18) -> 1 | L18: =F18/SUM($E18:$G18) -> 0 | M18: =G18/SUM($E18:$G18) -> 0
J19: =D19 -> 6 Primaria | K19: =E19/SUM($E19:$G19) -> 1 | L19: =F19/SUM($E19:$G19) -> 0 | M19: =G19/SUM($E19:$G19) -> 0
I20: =B20 -> 601391 | J20: =D20 -> 2 Primaria | K20: =E20/SUM($E20:$G20) -> 0 | L20: =F20/SUM($E20:$G20) -> 1 | M20: =G20/SUM($E20:$G20) -> 0
J21: =D21 -> 6 Primaria | K21: =E21/SUM($E21:$G21) -> 0 | L21: =F21/SUM($E21:$G21) -> 1 | M21: =G21/SUM($E21:$G21) -> 0
I22: =B22 -> 601444 | J22: =D22 -> 2 Primaria | K22: =E22/SUM($E22:$G22) -> 0.5 | L22: =F22/SUM($E22:$G22) -> 0.5 | M22: =G22/SUM($E22:$G22) -> 0
J23: =D23 -> 4 Primaria | K23: =E23/SUM($E23:$G23) -> 0.5 | L23: =F23/SUM($E23:$G23) -> 0.5 | M23: =G23/SUM($E23:$G23) -> 0
J24: =D24 -> 6 Primaria | K24: =E24/SUM($E24:$G24) -> 1 | L24: =F24/SUM($E24:$G24) -> 0 | M24: =G24/SUM($E24:$G24) -> 0
I25: =B25 -> 601511 | J25: =D25 -> 4 Primaria | K25: =E25/SUM($E25:$G25) -> 1 | L25: =F25/SUM($E25:$G25) -> 0 | M25: =G25/SUM($E25:$G25) -> 0
J26: =D26 -> 6 Primaria | K26: =E26/SUM($E26:$G26) -> 1 | L26: =F26/SUM($E26:$G26) -> 0 | M26: =G26/SUM($E26:$G26) -> 0
I27: =B27 -> 601563 | J27: =D27 -> 2 Primaria | K27: =E27/SUM($E27:$G27) -> 0 | L27: =F27/SUM($E27:$G27) -> 1 | M27: =G27/SUM($E27:$G27) -> 0
J28: =D28 -> 4 Primaria | K28: =E28/SUM($E28:$G28) -> 1 | L28: =F28/SUM($E28:$G28) -> 0 | M28: =G28/SUM($E28:$G28) -> 0
J29: =D29 -> 6 Primaria | K29: =E29/SUM($E29:$G29) -> 1 | L29: =F29/SUM($E29:$G29) -> 0 | M29: =G29/SUM($E29:$G29) -> 0
I30: =B30 -> 601570 | J30: =D30 -> 2 Primaria | K30: =E30/SUM($E30:$G30) -> 1 | L30: =F30/SUM($E30:$G30) -> 0 | M30: =G30/SUM($E30:$G30) -> 0
J31: =D31 -> 6 Primaria | K31: =E31/SUM($E31:$G31) -> 1 | L31: =F31/SUM($E31:$G31) -> 0 | M31: =G31/SUM($E31:$G31) -> 0
I32: =B32 -> 601571 | J32: =D32 -> 2 Primaria | K32: =E32/SUM($E32:$G32) -> 0.5 | L32: =F32/SUM($E32:$G32) -> 0.5 | M32: =G32/SUM($E32:$G32) -> 0
J33: =D33 -> 4 Primaria | K33: =E33/SUM($E33:$G33) -> 1 | L33: =F33/SUM($E33:$G33) -> 0 | M33: =G33/SUM($E33:$G33) -> 0
J34: =D34 -> 6 Primaria | K34: =E34/SUM($E34:$G34) -> 0 | L34: =F34/SUM($E34:$G34) -> 1 | M34: =G34/SUM($E34:$G34) -> 0
I35: =B35 -> 601580 | J35: =D35 -> 6 Primaria | K35: =E35/SUM($E35:$G35) -> 1 | L35: =F35/SUM($E35:$G35) -> 0 | M35: =G35/SUM($E35:$G35) -> 0
I36: =B36 -> 601614 | J36: =D36 -> 2 Primaria | K36: =E36/SUM($E36:$G36) -> 0 | L36: =F36/SUM($E36:$G36) -> 1 | M36: =G36/SUM($E36:$G36) -> 0
I37: =B37 -> 601678 | J37: =D37 -> 4 Primaria | K37: =E37/SUM($E37:$G37) -> 0 | L37: =F37/SUM($E37:$G37) -> 1 | M37: =G37/SUM($E37:$G37) -> 0
J38: =D38 -> 6 Primaria | K38: =E38/SUM($E38:$G38) -> 1 | L38: =F38/SUM($E38:$G38) -> 0 | M38: =G38/SUM($E38:$G38) -> 0
I39: =B39 -> 60181 | J39: =D39 -> 2 Primaria | K39: =E39/SUM($E39:$G39) -> 0 | L39: =F39/SUM($E39:$G39) -> 0 | M39: =G39/SUM($E39:$G39) -> 1
I40: =B40 | J40: =D40 | K40: =E40/SUM($E40:$G40) -> 0.48275862 | L40: =F40/SUM($E40:$G40) -> 0.46551724 | M40: =G40/SUM($E40:$G40) -> 0.051724138
I41: =B41 -> 14141 | J41: =D41 -> 2 Primaria | K41: =E41/SUM($E41:$G41) -> 0 | L41: =F41/SUM($E41:$G41) -> 1 | M41: =G41/SUM($E41:$G41) -> 0
I42: =B42 -> 14924 DANIEL ALCIDES CARRION | J42: =D42 -> 4 Primaria | K42: =E42/SUM($E42:$G42) -> 0.27272727 | L42: =F42/SUM($E42:$G42) -> 0.72727273 | M42: =G42/SUM($E42:$G42) -> 0
J43: =D43 -> 6 Primaria | K43: =E43/SUM($E43:$G43) -> 0.125 | L43: =F43/SUM($E43:$G43) -> 0.875 | M43: =G43/SUM($E43:$G43) -> 0
I44: =B44 -> 14975 | J44: =D44 -> 4 Primaria | K44: =E44/SUM($E44:$G44) -> 0 | L44: =F44/SUM($E44:$G44) -> 1 | M44: =G44/SUM($E44:$G44) -> 0
I45: =B45 -> 20123 | J45: =D45 -> 6 Primaria | K45: =E45/SUM($E45:$G45) -> 1 | L45: =F45/SUM($E45:$G45) -> 0 | M45: =G45/SUM($E45:$G45) -> 0
I46: =B46 | J46: =D46 | K46: =E46/SUM($E46:$G46) -> 0.2 | L46: =F46/SUM($E46:$G46) -> 0.8 | M46: =G46/SUM($E46:$G46) -> 0
I47: =B47 -> 64048 | J47: =D47 -> 2 Primaria | K47: =E47/SUM($E47:$G47) -> 0.5 | L47: =F47/SUM($E47:$G47) -> 0.5 | M47: =G47/SUM($E47:$G47) -> 0
J48: =D48 -> 2 Primaria | K48: =E48/SUM($E48:$G48) -> 1 | L48: =F48/SUM($E48:$G48) -> 0 | M48: =G48/SUM($E48:$G48) -> 0
J49: =D49 -> 4 Primaria | K49: =E49/SUM($E49:$G49) -> 0.77777778 | L49: =F49/SUM($E49:$G49) -> 0.22222222 | M49: =G49/SUM($E49:$G49) -> 0
I50: =B50 | J50: =D50 -> 6 Primaria | K50: =E50/SUM($E50:$G50) -> 1 | L50: =F50/SUM($E50:$G50) -> 0 | M50: =G50/SUM($E50:$G50) -> 0
J51: =D51 -> 2 Primaria | K51: =E51/SUM($E51:$G51) -> 1 | L51: =F51/SUM($E51:$G51) -> 0 | M51: =G51/SUM($E51:$G51) -> 0
J52: =D52 -> 4 Primaria | K52: =E52/SUM($E52:$G52) -> 1 | L52: =F52/SUM($E52:$G52) -> 0 | M52: =G52/SUM($E52:$G52) -> 0
I53: =B53 | J53: =D53 -> 6 Primaria | K53: =E53/SUM($E53:$G53) -> 1 | L53: =F53/SUM($E53:$G53) -> 0 | M53: =G53/SUM($E53:$G53) -> 0
I54: =B54 -> 64641 | J54: =D54 -> 2 Primaria | K54: =E54/SUM($E54:$G54) -> 0 | L54: =F54/SUM($E54:$G54) -> 1 | M54: =G54/SUM($E54:$G54) -> 0
I55: =B55 -> 64829 | J55: =D55 -> 2 Primaria | K55: =E55/SUM($E55:$G55) -> 0 | L55: =F55/SUM($E55:$G55) -> 1 | M55: =G55/SUM($E55:$G55) -> 0
J56: =D56 -> 2 Primaria | K56: =E56/SUM($E56:$G56) -> 0.33333333 | L56: =F56/SUM($E56:$G56) -> 0.66666667 | M56: =G56/SUM($E56:$G56) -> 0
I57: =B57 | J57: =D57 -> 6 Primaria | K57: =E57/SUM($E57:$G57) -> 1 | L57: =F57/SUM($E57:$G57) -> 0 | M57: =G57/SUM($E57:$G57) -> 0
J58: =D58 -> 2 Primaria | K58: =E58/SUM($E58:$G58) -> 1 | L58: =F58/SUM($E58:$G58) -> 0 | M58: =G58/SUM($E58:$G58) -> 0
J59: =D59 -> 4 Primaria | K59: =E59/SUM($E59:$G59) -> 1 | L59: =F59/SUM($E59:$G59) -> 0 | M59: =G59/SUM($E59:$G59) -> 0
I60: =B60 | J60: =D60 -> 6 Primaria | K60: =E60/SUM($E60:$G60) -> 1 | L60: =F60/SUM($E60:$G60) -> 0 | M60: =G60/SUM($E60:$G60) -> 0
J61: =D61 -> 2 Primaria | K61: =E61/SUM($E61:$G61) -> 1 | L61: =F61/SUM($E61:$G61) -> 0 | M61: =G61/SUM($E61:$G61) -> 0
I62: =B62 | J62: =D62 -> 6 Primaria | K62: =E62/SUM($E62:$G62) -> 0 | L62: =F62/SUM($E62:$G62) -> 1 | M62: =G62/SUM($E62:$G62) -> 0
I63: =B63 -> 65199 | J63: =D63 -> 2 Primaria | K63: =E63/SUM($E63:$G63) -> 1 | L63: =F63/SUM($E63:$G63) -> 0 | M63: =G63/SUM($E63:$G63) -> 0
I64: =B64 | J64: =D64 | K64: =E64/SUM($E64:$G64) -> 0.82352941 | L64: =F64/SUM($E64:$G64) -> 0.17647059 | M64: =G64/SUM($E64:$G64) -> 0
J65: =D65 -> 1 Primaria | K65: =E65/SUM($E65:$G65) -> 0 | L65: =F65/SUM($E65:$G65) -> 1 | M65: =G65/SUM($E65:$G65) -> 0
J66: =D66 -> 2 Primaria | K66: =E66/SUM($E66:$G66) -> 0 | L66: =F66/SUM($E66:$G66) -> 1 | M66: =G66/SUM($E66:$G66) -> 0
J67: =D67 -> 4 Primaria | K67: =E67/SUM($E67:$G67) -> 0.14285714 | L67: =F67/SUM($E67:$G67) -> 0.85714286 | M67: =G67/SUM($E67:$G67) -> 0
I68: =B68 | J68: =D68 -> 6 Primaria | K68: =E68/SUM($E68:$G68) -> 0.625 | L68: =F68/SUM($E68:$G68) -> 0.375 | M68: =G68/SUM($E68:$G68) -> 0
J69: =D69 -> 2 Primaria | K69: =E69/SUM($E69:$G69) -> 0 | L69: =F69/SUM($E69:$G69) -> 1 | M69: =G69/SUM($E69:$G69) -> 0
J70: =D70 -> 4 Primaria | K70: =E70/SUM($E70:$G70) -> 1 | L70: =F70/SUM($E70:$G70) -> 0 | M70: =G70/SUM($E70:$G70) -> 0
I71: =B71 | J71: =D71 -> 6 Primaria | K71: =E71/SUM($E71:$G71) -> 0.75 | L71: =F71/SUM($E71:$G71) -> 0.25 | M71: =G71/SUM($E71:$G71) -> 0
J72: =D72 -> 2 Secundaria | K72: =E72/SUM($E72:$G72) -> 0.8 | L72: =F72/SUM($E72:$G72) -> 0.2 | M72: =G72/SUM($E72:$G72) -> 0
I73: =B73 | J73: =D73 -> 4 Secundaria | K73: =E73/SUM($E73:$G73) -> 0.38461538 | L73: =F73/SUM($E73:$G73) -> 0.61538462 | M73: =G73/SUM($E73:$G73) -> 0
I74: =B74 | J74: =D74 | K74: =E74/SUM($E74:$G74) -> 0.42105263 | L74: =F74/SUM($E74:$G74) -> 0.57894737 | M74: =G74/SUM($E74:$G74) -> 0
I75: =B75 | J75: =D75 | K75: =E75/SUM($E75:$G75) -> #DIV/0! | L75: =F75/SUM($E75:$G75) -> #DIV/0! | M75: =G75/SUM($E75:$G75) -> #DIV/0!
J76: =D76 | K76: =E76/SUM($E76:$G76) -> #DIV/0! | L76: =F76/SUM($E76:$G76) -> #DIV/0! | M76: =G76/SUM($E76:$G76) -> #DIV/0!
J77: =D77 | K77: =E77/SUM($E77:$G77) -> #DIV/0! | L77: =F77/SUM($E77:$G77) -> #DIV/0! | M77: =G77/SUM($E77:$G77) -> #DIV/0!
I78: =B78 | J78: =D78 | K78: =E78/SUM($E78:$G78) -> #DIV/0! | L78: =F78/SUM($E78:$G78) -> #DIV/0! | M78: =G78/SUM($E78:$G78) -> #DIV/0!
J79: =D79 | K79: =E79/SUM($E79:$G79) -> #DIV/0! | L79: =F79/SUM($E79:$G79) -> #DIV/0! | M79: =G79/SUM($E79:$G79) -> #DIV/0!
I80: =B80 | J80: =D80 | K80: =E80/SUM($E80:$G80) -> #DIV/0! | L80: =F80/SUM($E80:$G80) -> #DIV/0! | M80: =G80/SUM($E80:$G80) -> #DIV/0!

Sheet Procesados
L3: Explicación
L4: =callGemini("redacta una oracion explicando esta tabla: "&CONCATENATE(C4:D8)&"se brebe, solo responde sin comentarios adicionales") -> En 2022, R Matemática tuvo 500 estudiantes femeninos y 542 masculinos, sumando un total de 1042 estudiantes.
L21: Explicación
L22: =callGemini("redacta una oracion explicando esta tabla: "&CONCATENATE(C22:D30)&"se brebe, solo responde sin comentarios adicionales") -> La tabla muestra el conteo de estudiantes por grado y año en R Matemática, sumando un total de 1042 estudiantes.
L42: Explicación
L43: =callGemini("redacta una oracion explicando la respuesta de los estudiantes a la pregunta:: "&CONCATENATE(C43:D51)&"se brebe, solo responde sin comentarios adicionales, agrega datos de la tabla en la respuesta.") -> No se recibió una respuesta válida.

Sheet General
C2: Matemática
N4: Explicación
C5: FILTRO | N5: =callGEMINI("Analiza los datos proporcionados, que muestran los niveles de logro en "&C2&" de los estudiantes en las redes rurales Fe y Alegría en los años 2024, 2023 y 2022. ### **Instrucciones de análisis:** 1. **Descripción de la situación actual (2024):** - Explica el estado de los niveles de logro en Matemática en 2024. - E"&"nfócate en la categoría 'Logro esperado' y destaca su porcentaje. - Cuando se trarta de comparar la movilización de estudaintes enfócate en comparar el año 2024 con el año 2022 ya que el 2022 es la linea base, menciona linea base (2022) en tu redacci"&"ón para generar mayor contexto. 2. **Comparación con años anteriores:** - Calcula el cambio porcentual de 'Logro esperado' comparado con 2023 y 2022. - Destaca la **movilización de estudiantes** desde el nivel 'Inicio' hacia 'Proceso'. -"&" Usa la fórmula: **(Porcentaje de 2024) - (Porcentaje del año anterior)** para obtener los cambios. - Redondea los valores porcentuales a **números enteros (sin decimales)**. 3. **Estructura de la respuesta:** - Usa una narrativa clara y dire"&"cta, similar al siguiente **EJEMPLO:** *Ejemplo:* *En el año 2024, los niveles de logro de los estudiantes en Matemática en todas las redes Rurales Fe y Alegria muestran que un 42% alcanzó el nivel de Satisfactorio. Este valor representa un aum"&"ento de 5 puntos porcentuales en comparación con 2023 y un aumento de 7 puntos porcentuales respecto a 2022.* *Además, para el 2024 se observa una movilización positiva de estudiantes desde el nivel 'Inicio' hacia 'Proceso', con una reducción del 15%"&" en 'Inicio' comparado con la linea base (2022) y un aumento del 12% en 'Proceso' comparado con la linea base, lo que indica que más estudiantes están avanzando en sus aprendizajes.* 4. **Formato de salida:** - **Analisis redactado en texto plano,"&" sin información adicional ni comentarios.** - **Los valores porcentuales deben estar redondeados a números enteros (ejemplo: 62%).** - **En tu redacción usa comillas dobles no comillas simples cuando menciones algun nivel de logro.** Los dato"&"s a analizar están en el siguiente JSON: " & crearJSONdesdeTabla(C12:F15,0)) -> En el año 2024, los niveles de logro de los estudiantes en Matemática en todas las redes Rurales Fe y Alegria muestran que un 4% alcanzó el nivel de "Satisfactorio". Este valor representa un aumento de 1 punto porcentual en comparación con 2023 y un aumento de 3 puntos porcentuales respecto a la linea base (2022). Además, para el 2024 se observa una movilización positiva de estudiantes desde el nivel "Inicio" hacia "Proceso", con una reducción del 30% en "Inicio" comparado con la linea base (2022) y un aumento del 26% en "Proceso" comparado con la linea base, lo que indica que más estudiantes están avanzando en sus aprendizajes.
C6: Nivel educativo | D6: * | F6: =IF(D6="*","Todos","") -> Todos
C7: Red | D7: * | F7: =IF(D7="*","Todos","") -> Todos
C8: Sexo | D8: * | F8: =IF(D8="*","Todos","") -> Todos
C11: NIVEL DE LOGRO GENERAL COMPARADO
C12: Nivel de logro | D12: 2022 | E12: 2023 | F12: 2024
